-- MySQL dump 10.16  Distrib 10.1.36-MariaDB, for Linux (x86_64)
--
-- Host: localhost    Database: manager
-- ------------------------------------------------------
-- Server version	10.1.36-MariaDB

/*!40101 SET @OLD_CHARACTER_SET_CLIENT=@@CHARACTER_SET_CLIENT */;
/*!40101 SET @OLD_CHARACTER_SET_RESULTS=@@CHARACTER_SET_RESULTS */;
/*!40101 SET @OLD_COLLATION_CONNECTION=@@COLLATION_CONNECTION */;
/*!40101 SET NAMES utf8 */;
/*!40103 SET @OLD_TIME_ZONE=@@TIME_ZONE */;
/*!40103 SET TIME_ZONE='+00:00' */;
/*!40014 SET @OLD_UNIQUE_CHECKS=@@UNIQUE_CHECKS, UNIQUE_CHECKS=0 */;
/*!40014 SET @OLD_FOREIGN_KEY_CHECKS=@@FOREIGN_KEY_CHECKS, FOREIGN_KEY_CHECKS=0 */;
/*!40101 SET @OLD_SQL_MODE=@@SQL_MODE, SQL_MODE='NO_AUTO_VALUE_ON_ZERO' */;
/*!40111 SET @OLD_SQL_NOTES=@@SQL_NOTES, SQL_NOTES=0 */;

--
-- Current Database: `manager`
--

CREATE DATABASE /*!32312 IF NOT EXISTS*/ `manager` /*!40100 DEFAULT CHARACTER SET utf8 */;

USE `manager`;

--
-- Table structure for table `vp_category`
--

DROP TABLE IF EXISTS `vp_category`;
/*!40101 SET @saved_cs_client     = @@character_set_client */;
/*!40101 SET character_set_client = utf8 */;
CREATE TABLE `vp_category` (
  `category_name` varchar(32) DEFAULT NULL,
  `parent_id` int(32) DEFAULT NULL,
  `icon` varchar(32) DEFAULT NULL,
  `childs` varchar(255) DEFAULT NULL,
  `url` varchar(255) DEFAULT NULL,
  `category_id` int(32) NOT NULL AUTO_INCREMENT,
  PRIMARY KEY (`category_id`)
) ENGINE=InnoDB AUTO_INCREMENT=29 DEFAULT CHARSET=utf8;
/*!40101 SET character_set_client = @saved_cs_client */;

--
-- Dumping data for table `vp_category`
--

LOCK TABLES `vp_category` WRITE;
/*!40000 ALTER TABLE `vp_category` DISABLE KEYS */;
INSERT INTO `vp_category` VALUES ('根',0,'fa fa-files-o','[2,5,8,11,14,19,21,26]','',1),('文档工具',1,'fa fa-files-o','[3,4,28]','',2),('文档匹配',2,'fa fa-files-o','[]','/index/record/supplement',3),('文档状态',2,'fa fa-files-o','[]','/index/record/status',4),('职介',1,'fa fa-user','[6,7]','',5),('屏幕',5,'fa fa-th-large','[]','/index/ftzj/barrage',6),('后台',5,'fa fa-th-large','[]','/index/ftzj/admin',7),('维护',1,'fa fa-user','[10]','',8),('维护',8,'fa fa-th-large','[]','/index/comment/comment',9),('后台',8,'fa fa-th-large','[]','/index/comment/commentList',10),('用户',1,'fa fa-user','[12,13]','',11),('个人主页',11,'fa fa-th-large','[]','/index/User/index',12),('修改密码',11,'fa fa-th-large','[]','/index/User/changePwd',13),('管理员',1,'fa fa-user','[15,16,17,18]','',14),('用户管理',14,'fa fa-th-large','[]','/index/manager/user',15),('群组设置',14,'fa fa-th-large','[]','/index/manager/group',16),('菜单设置',14,'fa fa-th-large','[]','/index/category/index',17),('权限设置',14,'fa fa-th-large','[]','/index/pr/index',18),('设置',1,'fa fa-th-large','[20]','/index/category/index',19),('感谢名单',19,'fa fa-th-large','[]','/index/common/thanks',20),('固定资产',1,'fa fa-th-large','[22,23,24,25]','assets',21),('入库',21,'fa fa-th-large','','/index/assets/addItem',22),('审核',21,'fa fa-th-large','','/index/assets/verify',23),('流转',21,'fa fa-th-large','','/index/assets/roam',24),('我的资产',21,'fa fa-th-large','','/index/assets/myassets',25),('消息',1,'fa fa-th-large','[27]','＃',26),('我的消息',26,'fa fa-th-large','','/index/message/my',27),('街道分配',2,'fa fa-th-large','','/index/record/street',28);
/*!40000 ALTER TABLE `vp_category` ENABLE KEYS */;
UNLOCK TABLES;

--
-- Table structure for table `vp_comments`
--

DROP TABLE IF EXISTS `vp_comments`;
/*!40101 SET @saved_cs_client     = @@character_set_client */;
/*!40101 SET character_set_client = utf8 */;
CREATE TABLE `vp_comments` (
  `content` mediumtext,
  `user_tel` varchar(32) DEFAULT NULL,
  `user_name` varchar(32) DEFAULT NULL,
  `thumb` varchar(255) DEFAULT NULL,
  `department` varchar(32) DEFAULT NULL,
  `status` int(32) DEFAULT '1',
  `comment_id` int(32) NOT NULL AUTO_INCREMENT,
  `create_time` varchar(32) DEFAULT NULL,
  `qrcode` varchar(32) DEFAULT NULL,
  PRIMARY KEY (`comment_id`)
) ENGINE=InnoDB DEFAULT CHARSET=utf8;
/*!40101 SET character_set_client = @saved_cs_client */;

--
-- Dumping data for table `vp_comments`
--

LOCK TABLES `vp_comments` WRITE;
/*!40000 ALTER TABLE `vp_comments` DISABLE KEYS */;
/*!40000 ALTER TABLE `vp_comments` ENABLE KEYS */;
UNLOCK TABLES;

--
-- Table structure for table `vp_company`
--

DROP TABLE IF EXISTS `vp_company`;
/*!40101 SET @saved_cs_client     = @@character_set_client */;
/*!40101 SET character_set_client = utf8 */;
CREATE TABLE `vp_company` (
  `company_name` varchar(255) DEFAULT NULL,
  `address` mediumtext,
  `street` varchar(255) DEFAULT NULL,
  `company_id` int(32) NOT NULL AUTO_INCREMENT,
  PRIMARY KEY (`company_id`)
) ENGINE=InnoDB AUTO_INCREMENT=1521 DEFAULT CHARSET=utf8;
/*!40101 SET character_set_client = @saved_cs_client */;

--
-- Dumping data for table `vp_company`
--

LOCK TABLES `vp_company` WRITE;
/*!40000 ALTER TABLE `vp_company` DISABLE KEYS */;
INSERT INTO `vp_company` VALUES ('北京鑫诚益永恒劳务服务有限公司','北京市丰台区大灰厂村462号','长辛店镇',1),('北京长辛店庆云轮胎修理有限公司','北京市丰台区赵辛店953号','长辛店镇',2),('北京市丰台区长辛店镇社区卫生服务中心','北京市丰台区射击场路２３号','长辛店镇',3),('北京华盛永兴保温建材有限公司','北京丰台区长辛店镇大灰厂村','长辛店镇',4),('北京合力乾航科贸有限责任公司','北京市丰台区长云路2号院27号楼1层23','长辛店镇',5),('北京市丰台区槐树岭学校','北京市丰台区大灰厂东路19号','长辛店',6),('中国北方车辆研究所','北京市丰台区槐树岭四号院','长辛店',7),('中车北京二七车辆有限公司','丰台区张郭庄甲一号','长辛店',8),('北京北方华德尼奥普兰客车股份有限公司','丰台区朱家坟五里五号','长辛店',9),('北京隆轩橡塑有限公司','北京市丰台区张郭庄3号','长辛店',10),('北京市丰台区长辛店街道社区服务中心','丰台区长辛店大街128号','长辛店',11),('北京市丰台区工读学校','北京市丰台区长辛店西峰寺60号','长辛店',12),('北京市丰台区长辛店第一幼儿园','北京市丰台区长辛店连杨街4号','长辛店',13),('北京市丰台区房屋经营管理中心长辛店分中心','丰台长辛店公路街27号','长辛店',14),('北京市丰台区长辛店学校','北京市丰台区朱家坟一里44号','长辛店',15),('北京创世启元商贸有限公司','北京市丰台区长辛店德善里19号9011室','长辛店',16),('北京雷勃尔医疗器械有限公司','北京市丰台区长辛店西后街169号','长辛店',17),('北京中洲文化交流有限公司','北京市丰台区教堂胡同76号','长辛店',18),('北京昱立柏云科技有限公司','北京市丰台区长辛店镇赵辛店426号─01','长辛店',19),('北京昊济天泽科贸有限公司','北京市丰台区长辛店杜家坎4号 号楼2层212室','长辛店',20),('航天科工惯性技术有限公司','北京市丰台区云岗北里1号院航天三院103楼','云岗',21),('北京星航机电装备有限公司','丰台区云岗东王佐北路九号','云岗',22),('北京京丰燃气发电有限责任公司','北京市丰台区云岗西路15号','云岗',23),('首都师范大学附属云岗中学','北京市丰台区云岗北区东里一号','云岗',24),('爱景节能科技（北京）有限公司','北京市丰台区汽车博物馆东路1号院2号楼11层南座1205','园区',25),('北京丰科园商务服务有限公司','丰台花乡六圈路16号','园区',26),('阳光凯讯（北京）科技有限公司','北京市丰台区科学城航丰路9号605-609室(园区)','园区',27),('北京欣卓越技术开发有限责任公司','北京市丰台区总部基地6区8号楼','园区',28),('北京慧源博大电梯销售维修有限公司','北京市丰台区科技园富丰路4号15层15A03','园区',29),('中新联进出口有限公司','北京市丰台区南四环西路188号15区6号楼2层','园区',30),('北京玛雅岛酒店管理有限公司','北京市丰台区南四环西路188号三区27－34号楼','园区',31),('北京中景恒基工程管理有限公司','丰台区南四环西路186号汉威国际广场3期6号楼4层','园区',32),('中食净化科技（北京）股份有限公司','北京市丰台区海鹰路6号院29号楼1-2层（园区）','园区',33),('天河智造（北京）科技股份有限公司','北京市丰台区南四环西路186号汉威广场三区6号楼704','园区',34),('成都卫士通信息安全技术有限公司北京分公司','北京市丰台区南四环西路188号总部基地18区6号楼5-7层','园区',35),('中国建筑第五工程局有限公司北京分公司','北京市丰台区南四环西路188号八区4号楼一层101室','园区',36),('蝶和科技(中国)有限公司','北京市丰台区丰茂南路汉威国际广场186号6号楼7层','园区',37),('中国建筑第二工程局有限公司','北京市丰台区汽车博物馆东路6号院E座','园区',38),('海丰通航科技有限公司','北京市丰台区科学城星火路4号B座','园区',39),('北京中建物业管理有限公司建腾物业管理分公司','北京市丰台区南四环西路128号诺德中心四号楼12层','园区',40),('中铁六局集团电务工程有限公司','北京市丰台区南四环西路188号15区10号楼','园区',41),('北京中海物业管理有限公司','北京市丰台区南四环西路128号诺德中心四号楼12层','园区',42),('北京富盛视联图像系统运营服务有限公司','北京市丰台区南四环西路188号十区6号楼（园区）','园区',43),('通号通信信息集团有限公司','丰台南四环汽车博物馆南路1号院通号产业园D座','园区',44),('北京东方新星石化工程股份有限公司','北京市丰台区南四环西路188号七区28号楼','园区',45),('北京科园信海医药经营有限公司','北京市丰台区南四环西路186号四区汉威国际广场1号楼8-9层','园区',46),('北京义诚鸿达商务管理有限公司','北京市丰台区西四环南路88号赛欧科园A182室','园区',47),('北京谊安医疗系统股份有限公司','北京市丰台区科学城航丰路4号三层','园区',48),('北京三全食品销售有限公司','北京市丰台区南四环西路186号汉威国际一区东塔1号楼4层407-408','园区',49),('北京航天华盛科贸发展有限公司丰台物业管理分公司','北京市丰台区海鹰路1号院1号楼305','园区',50),('北京公联洁达公路养护工程有限公司','北京市丰台区科技园区外环西路26号院67号楼东单元','园区',51),('北京普惠职道科技发展有限责任公司','北京市丰台区南四环西路188号六区二号楼二层','园区',52),('依文服饰股份有限公司','北京市丰台区总部基地三区1号','园区',53),('北京赛瑞斯国际工程咨询有限公司','北京市丰台区海鹰路六号院5号楼','园区',54),('中国建筑土木建设有限公司','北京市丰台区南四环西路188号总部基地16区12号楼','园区',55),('中牧实业股份有限公司','丰台区南四环西路188号八区16－19号楼','园区',56),('中国建筑第六工程局有限公司北京铁路工程分公司','北京市丰台区丰台科技园海鹰路6号院16号楼','园区',57),('国信优易数据有限公司','北京市丰台区丰台科技园一区ABP写字楼B座9层','园区',58),('北京天健源达科技股份有限公司','北京市丰台区星火路1号昌宁大厦19层A','园区',59),('北京凯普林光电科技股份有限公司','北京市丰台区丰台科技园航丰路甲4号5层','园区',60),('北京元六鸿远电子科技股份有限公司','北京市丰台区海鹰路1号院','园区',61),('北京四环科宝制药有限公司','北京市丰台区科技园区海鹰路11号','园区',62),('中建二局装饰工程有限公司','北京市丰台区总部国际海鹰路6号院31号楼8层','园区',63),('北京矿冶科技集团有限公司','北京市丰台区南四环西路188号总部基地十八区23号楼','园区',64),('中建二局第三建筑工程有限公司','北京市丰台区海鹰路60号院30号楼','园区',65),('北京美特斯邦威服饰有限公司','北京市丰台区南四环西路186号汉威国际广场一区一号楼东塔4-12室','园区',66),('北京环球新能科技开发有限公司','北京市丰台区南四环西路128号院4号楼21层2501（园区）','园区',67),('北京环球风景国际纸业有限公司','北京市丰台区科技园区产业基地东区15-D2号2号楼2423号','园区',68),('信达证券股份有限公司北京科丰桥证券营业部','北京市丰台区南四环西路188号十五区17号楼1-101','园区',69),('富盛科技股份有限公司','北京市丰台区南四环西路188号十区6号楼','园区',70),('富盛科技股份有限公司','北京市丰台区南四环西路188号十区6号楼','园区',71),('北京一路捞互联网科技有限公司','北京市丰台区航丰路航丰路1号院2号楼2019室（园区）','园区',72),('凯云联创（北京）科技有限公司','北京市丰台区科兴路7号三层310室（园区）','园区',73),('北京卡达克科技中心有限公司','丰台区南四环西路188号二区7号楼8层','园区',74),('北京鑫盛茂源商贸有限公司','北京市丰台区丰桥路8号院13号楼1层08','园区',75),('北京至臻至诚网络科技有限公司','北京市丰台区南四环西路188号一区2号楼11层1101-A055','园区',76),('北京博华恒信科贸有限公司','北京市丰台区丰台科学城航丰路8号1幢328','园区',77),('北京核新投资管理有限公司','北京市丰台区南四环西路128号院4号楼21层2506（园区）','园区',78),('北京昌达思源科技发展有限公司','北京市丰台区南四环西路128号诺德中心1期3号楼2102室','园区',79),('中国牧工商集团有限公司','北京市丰台区南四环西路188号总部基地8区19号楼','园区',80),('北京市丰台区右安门翠林敬老院','北京市丰台区右安门外翠林二里9号楼','右安门',81),('北京市丰台区环境卫生服务中心右安门环卫所','丰台区右安门外关厢大街157号','右安门',82),('首都医科大学留学生服务中心','北京右安门外西头条10号','右安门',83),('北京一商美洁商业有限公司','北京市丰台区右外东滨河路10号','右安门',84),('北京中劳鸿业人力资源管理有限公司','北京市丰台区右外开阳里四区6-5-103','右安门',85),('北京市侨园饭店','北京市丰台区开阳路6号','右安门',86),('北京天岳恒房屋经营管理有限公司','丰台区右安门外西三条甲2号','右安门',87),('北京城乡欣瑞建设有限公司','北京市丰台区右外大街幸福路4号院','右安门',88),('北京辽金城垣博物馆','北京市丰台区右安门外玉林小区甲40号','右安门',89),('北京众力劳务服务有限公司','北京市丰台区北京南站到达层西侧','右安门',90),('北京创联天通商贸有限公司','北京市丰台区开阳里8区1号楼106','右安门',91),('北京森燃供暖科技发展有限公司','北京市丰台区右安门外大街鼎力水岸3号楼3单元203室','右安门',92),('北京金宏诚信税务师事务所有限责任公司','北京丰台区右外大街2号迦南大厦20C','右安门',93),('北京世纪星汽车服务有限公司','北京市丰台区右外西庄二街甲24号','右安门',94),('上海永嘉信风管理有限公司北京咨询分公司','北京市丰台区开阳路8号悦秀城11层B1102室','右安门',95),('北京中新凯达安全防伪技术有限公司','北京市丰台区右外开阳里4区6号楼8-102','右安门',96),('北京明城嘉业房地产经纪有限公司','北京市丰台区右安门外大街翠林二里16号楼底商','右安门',97),('北京步利信达商贸有限公司','北京市丰台区东滨河路2号院8号楼310室','右安门',98),('北京佳华兴通国际文化传播有限公司','北京市丰台区右外开阳里5区4号楼三层328室（右安门企业集中办公区）','右安门',99),('北京宇超众联科技发展有限公司','北京市丰台区开阳路3号院1号楼10层1108','右安门',100),('北京东润恒业水处理工程技术有限公司','北京市丰台区右外大街开阳里六区4号楼406室','右安门',101),('华商国际工程有限公司','北京市丰台区右安门外大街99号','右安门',102),('北京中冶博瑞特科技有限公司','北京市丰台区百强大道6号院2号楼4层410房间','新村街道',103),('北京时代锦鸿投资有限公司','北京市丰台区中核路1号院3号楼二层','新村',104),('北京辰润新生商业管理有限公司','北京市丰台区丰桥路7号院8号楼23号商铺一层（A段）','新村',105),('北京房修一机电设备有限公司','丰台区樊家村甲4号','新村',106),('北京浪漫新时代服饰营销中心','北京市丰台区玉泉营111＃号中科万邦大厦A座420','新村',107),('北京吉瑞泰轩商贸有限公司','北京市丰台区新发地中央粮油批发市场A厅1720号','新村',108),('北京天航瑞晨汽车销售有限公司','北京市丰台区南四环西路88号','新村',109),('北京同创永业科技发展有限公司','北京市丰台区恒富中街2号院1号楼3118室','新村',110),('北京庄典阳光装饰工程有限公司','北京市丰台区怡海花园恒丰园8号楼1203室','新村',111),('北京武悦同人文化有限公司','北京市丰台区巴庄子139号38栋159室','新村',112),('北京城市机扫服务有限公司','北京市丰台区南四环中路265号','新村',113),('北京腾博人力资源管理咨询有限公司','北京市丰台区新发地银地家园34-4-1501','新村',114),('中标集团总包建设有限公司','北京市丰台区西南三环万柳桥甲3号中标集团','新村',115),('中铁丰桥桥梁有限公司','北京市丰台区葛家村西里一号','新村',116),('北京固废物流有限公司','丰台区草桥赵村店420号','新村',117),('北京银建新能源出租车有限公司','北京市丰台区西洪泰庄98号','新村',118),('中航天建设工程有限公司','北京市丰台区看丹路4号院甲6号','新村',119),('北京三兴汽车有限公司','北京市丰台区新村一里15号','新村',120),('北京慧博亿丰人力资源服务有限公司','北京丰台区丰台东路58号人才大厦905室','新村',121),('北京市四合庄兴鹏投资管理中心','北京市丰台区樊家村南101号（四合庄公司）','新村',122),('北京开诚工程技术有限责任公司','北京市丰台区造甲村南里5号2号楼','新村',123),('北京欧尚超市有限公司丰台店','北京市丰台区邻枫路1号','新村',124),('怡海达丰物业管理（北京）有限公司','北京市丰台区怡海路4号','新村',125),('北京市丰台区农村经济综合服务中心','北京市丰台区丰台西路西洪泰庄97号','新村',126),('中铁投资集团有限公司','北京市丰台区汽车博物馆南路北京中铁大厦','新村',127),('北京兴龙江物流有限公司','北京市房山区良乡镇刘丈村四区19号','新村',128),('北京颜秀晶商贸有限公司','北京市丰台区造甲街南里11号楼二层2234号','新村',129),('众缘盛通（北京）商贸有限公司','北京市丰台区郑王坟140号西南郊市场二层175号','新村',130),('北京第二实验小学怡海分校','北京市丰台区科学城东怡海花园富泽园9号','新村',131),('北京恒信佳艺广告有限公司','北京市丰台区造甲街110号平房（新村企业集中办公区）','新村',132),('北京津缆小猫电缆销售中心','北京市丰台区新发地银地家园','新村',133),('奇崛管理咨询（北京）有限公司','北京市丰台区造甲南里11号楼11-4号2E55室','新村',134),('北京龙辉世纪装饰有限公司','北京市丰台区银地家园20号楼3单元602号','新村',135),('北京东辉尚品餐饮有限公司','北京市丰台区育芳园小区19号二层-1','新村',136),('北京天宇南防电机销售有限公司','北京市丰台区造甲街110号友诚商务楼205室','新村',137),('北京盛百庭服装服饰有限公司','北京市丰台区科丰桥北天龙华鹤','新村',138),('北京九新广告有限公司','北京市丰台区育芳园东里3号楼C座101、102、103室','新村',139),('合信智诚（北京）财务咨询有限公司','北京市丰台区造甲街南里11号楼二层2026号','新村',140),('易企算（北京）财务咨询有限公司','北京市丰台区玉泉营桥西111文化产业园中科万邦大厦A3入口A407室','新村',141),('蜗牛的家(北京)文化传媒有限公司','北京市丰台区造甲街110号2号平房(新村企业集中办公区)','新村',142),('北京世纪平安电器有限公司','北京市丰台区花乡郑王坟万柳桥南97号8号楼3228室','新村',143),('北京九亿五金有限公司','北京市丰台区南三环西路78号D座二层76号','新村',144),('北京众瓷锦程建材有限公司','北京市丰台区首经贸中街6号2层201号金旺康康乐酒店269','新村',145),('北京通达科特科技发展有限公司','北京市丰台区富丰园11号楼2单元503室','新村',146),('北京彩美东方商贸有限公司','北京市丰台区万柳桥甲3号宝隆大厦','新村',147),('北京麒翔宏泰文化有限公司','北京市丰台区巴庄子139号19幢A246室','新村',148),('北京科信华技术有限公司','北京市丰台区科兴路9号108室','新村',149),('毅飞健康科技（北京）有限公司','北京市丰台区造甲街南里11号楼一层1077号','新村',150),('北京华元圣方贸易有限公司','北京市丰台区首经贸中街1号院1号楼底商1层01号','新村',151),('北京中天税通会计服务有限公司','北京市丰台区花乡樊家村甲2号1号楼1层2单元','新村',152),('北京中冶天诚科技有限公司','北京市丰台区花乡育芳园小区19号2层A54号','新村',153),('北京汇丰盛世建材有限公司','北京市丰台区四合庄子268号','新村',154),('北京家得乐房地产经纪有限公司','北京市丰台区丰桥路八号院甲2号1层09','新村',155),('北京涵美生物科技发展有限公司','北京市丰台区丰台南路鸿业兴园2区12号楼1801室','新村',156),('北京商宝石材雕塑有限公司','北京市丰台区四合庄198号','新村',157),('北京恒盛启典文化传播中心','北京市丰台区丰台南路甲108号院1号楼商业102—4','新村',158),('北京长富久信科技有限公司','北京市丰台区造甲街110号2号平房（新村企业集中办公区）','新村',159),('北京市丰台区种籽管理站','北京市丰台区桥南巴庄子123号','新村',160),('北京资和信百货商场有限公司','北京市丰台区西四环南路1号','新村',161),('北京航天恒力测控技术开发有限公司','北京市丰台区张各庄陶粒砖厂院内','王佐',162),('北京市丰台南宫村汽车队','北京市丰台区云岗南宫新村','王佐',163),('东方美高美（北京）国际酒店有限公司','北京市丰台区山湖路9号','王佐',164),('北京时代科苑激光科技发展有限公司','丰台区王佐镇米粮屯村南工业区','王佐',165),('北京风惠百佳健康科技有限公司','北京市丰台区晓月苑四里2号楼1层101','宛平',166),('北京天下好图书发行有限公司','北京市丰台区晓月中路15号院1号楼307室、308室','宛平',167),('北京众和人力企业管理顾问有限公司','北京市丰台区晓月苑五里六号楼四层435','宛平',168),('北京环丰世纪绿色能源科技有限公司','北京市丰台区老庄子乡北天堂村北','宛平',169),('中国铁路北京局集团有限公司北京高铁工务段','北京市丰台区西道口沙岗村4号','宛平',170),('北京人天书店有限公司','北京市丰台区晓月中路15号院1号楼','宛平',171),('北京博瑞欣达企业管理咨询有限公司','北京市丰台区晓月苑四里6-2','宛平',172),('北京金隅混凝土有限公司','北京市丰台区卢沟桥城北路8号（金隅党校院内）','宛平',173),('北京市丰台区永定河管理所','卢沟桥南里12号','宛平',174),('北京市丰台区儿童福利院','北京市丰台区晓月东路5号','宛平',175),('北京金晨舒鑫投资管理有限公司','北京市丰台区西站南路丽泽雅园9号楼107','太平桥',176),('北京市丰台区园林绿化局莲花池公园管理处','北京市丰台区西三环中路38号','太平桥',177),('国家统计局中国经济景气监测中心','北京市丰台区西三环南路甲6号西楼11层1103室','太平桥',178),('黄河水利委员会驻北京联络处','丰台菜户营东街甲71号','太平桥',179),('中核新能科技集团有限公司','北京市丰台区广安路9号院6号楼6层613','太平桥',180),('北京丰亿智电科技有限公司','北京市丰台区西三环南路10号1号楼四层507','太平桥',181),('北京博唐管理咨询有限公司','北京市丰台区菜户营58号财富西环15A10','太平桥',182),('中盐国本盐业有限公司北京科技分公司','北京市丰台区莲花池中盐大厦B座9层','太平桥',183),('中铁国资资产管理有限公司','北京市丰台区西客站南广场西区4号','太平桥',184),('珠峰财产保险股份有限公司北京分公司','北京市丰台区国投财富广场四号楼十八层','太平桥',185),('北京京卫卫生人力资源管理有限公司','丰台区华源一里甲1号A318','太平桥',186),('北京美得你装饰设计有限公司','北京市丰台区莲花池南里27号楼2层2100室','太平桥',187),('北京奇妙佳儿童用品有限责任公司','北京市丰台区菜户营东街甲88号鹏润家园静苑B座102室','太平桥',188),('北京中水物业管理有限公司','丰台区广外莲花池南里甲5号','太平桥',189),('北京盛和行人力资源管理有限公司','北京市丰台区菜户营58号13层1315','太平桥',190),('中国技术进出口集团有限公司','北京市丰台区西三环中路90号','太平桥',191),('北京大方饭店有限责任公司','丰台区西客站南广场东侧大方饭店人事部','太平桥',192),('中华书局有限公司','北京市丰台区太平桥西里38号','太平桥',193),('北京康远环保科技有限公司','北京市丰台区华源四里甲1号楼2层201','太平桥',194),('北京市丰台区人事考试中心','丰台区东安街三条六号','太平桥',195),('北京市丰台区民政局','北京西站南路168号','太平桥',196),('北京市丰台区社会保险基金管理中心','北京西站南路168号','太平桥',197),('北京市丰台区水政监察大队','丰台区东安街三条六号','太平桥',198),('中科国医投资管理（北京）有限公司','北京市丰台区菜户营58号1102室（太平桥企业集中办公区）','太平桥',199),('北京诚信桥劳动保障咨询服务有限责任公司','北京市丰台区丽泽雅园9号楼103室','太平桥',200),('中国通用技术（集团）控股有限责任公司','北京丰台区西三环中路90号通用技术大厦2504房间','太平桥',201),('北京亿客隆家居市场有限责任公司','北京市西三环南路12号','太平桥',202),('北京市丰台区太平桥第二小学','北京市丰台区太平桥8号太平桥二小','太平桥',203),('北京怡华酒店管理有限责任公司','北京市丰台区太平桥小区8号楼甲1号2栋306','太平桥',204),('北京中盛佳博咨询有限公司','北京市丰台区西三环南路甲6号','太平桥',205),('北京益阳房地产投资顾问有限公司','北京市丰台区华源四里5号楼1层5#-F01','太平桥',206),('北京湘更香大酒楼','丰台区西客站南路12号','太平桥',207),('华运旅游发展集团有限公司','北京市丰台区莲花池东路118-2号瑞尔威写字楼B座703室','太平桥',208),('华安财产保险股份有限公司北京分公司','丰台区广安路9号院国投财富广场5号楼17层华安保险','太平桥',209),('北京市丰台区自主择业军队转业干部服务中心','北京市丰台区丰台时代大厦A座三层312','太平桥',210),('北京明辉伟业科贸有限公司','丰台区南苑镇槐房村559号（外贸仓库）','南苑乡',211),('北京首创森美汽车贸易有限公司','北京市丰台区南四环中路142号','南苑乡',212),('北京嘉合久源投资管理公司','北京市丰台区南四环中路40号','南苑乡',213),('北京盛世源达投资管理公司','北京市丰台区南苑乡槐房村综合服务中心','南苑乡',214),('北京新宫昕源益达投资管理公司','北京市丰台区南苑西路68号','南苑乡',215),('北京东铁营工贸集团','北京市丰台区永外宋家庄路14号','南苑乡',216),('北京市丰台区南苑乡人民政府','北京市丰台区大红门南里11号楼','南苑乡',217),('北京鑫福海工贸集团','北京永外高庄138号','南苑乡',218),('北京市丰台区五爱屯小学','北京市丰台区西宏苑小区6号楼','南苑乡',219),('盛世中保（北京）保安服务有限公司','北京市丰台区南苑乡新宫家园北区九号楼三层3-1号','南苑乡',220),('北京市丰台区南苑乡南苑村社区卫生服务站','北京市丰台区南苑五爱屯西街25号','南苑乡',221),('北京桃李阁商贸有限公司','北京市丰台区大红门久敬庄方仕国际轻纺城市场窗帘B区166号','南苑乡',222),('北京市威吉服装有限公司','北京市丰台区果园6号楼16层1936','南苑乡',223),('北京锐博三人行健康咨询有限公司','北京丰台区槐房西路新宫家园北区9号楼4层','南苑乡',224),('北京熠坤文化发展有限公司','北京市丰台区新宫体育健身休闲园8号3号楼2113室','南苑乡',225),('北京中恒金苑房车有限公司','北京市丰台区南苑团河路10号','南苑乡',226),('北京西铁物业管理有限公司','北京市 丰台区 右安门外 西铁营7号','南苑乡',227),('北京金城源投资管理公司','北京市丰台区成寿寺158号','南苑乡',228),('北京新悦广发电力工程有限公司','北京市丰台区南苑西路237号（加油站往西100米，爱玛电动车对面）','南苑',229),('北京市丰台区人民政府南苑街道办事处民政科（公疗）','北京市丰台区南苑西二道街6号','南苑',230),('北京航天星汉科技有限公司','北京市丰台区东高地警备东路6号三区亦城商务楼五层5012室','南苑',231),('中国联合航空有限公司','北京市丰台区警备东路6号西区一号院','南苑',232),('北京桂景科技发展有限公司','北京市丰台区马家堡西路15号1-1006','南苑',233),('北京市丰台区南苑中学','北京市丰台区南苑西路一号','南苑',234),('北京市丰台区南苑街道社区服务中心','北京市丰台区南苑北马路18号','南苑',235),('北京市丰台区园林绿化局南苑公园管理处','北京市丰台区南苑西路5号','南苑',236),('北京市丰台区南苑街道社会保障事务所','北京市丰台区南苑北马路18号','南苑',237),('北京市丰台区环境卫生服务中心南苑环卫所','北京市丰台区南苑五爱屯东街31号','南苑',238),('北京市丰台区精神病防治院','北京市丰台区五爱屯东路南苑机电厂南侧小院','南苑',239),('北京荣仁堂医药有限公司','北京市丰台区南苑新华路8号','南苑',240),('北京星河城物业管理有限公司','北京市丰台区北甲地路6号院玺萌丽苑7号楼4层','马家堡',241),('北京杞维康商贸有限责任公司','北京市丰台区马家堡西路36号院6号楼7层808','马家堡',242),('北京泽辰电梯安装工程有限公司','北京市丰台区角门18号名流未来大厦911室','马家堡',243),('庄和（北京）商业有限责任公司','北京市丰台区南三环西路16号2号楼22层2619','马家堡',244),('北京汇峰祥和商贸有限公司','北京市丰台区马家堡西路30号院2号楼4-1001','马家堡',245),('北京瑞杰辉企业管理有限公司','北京市丰台区马家堡路55号北京海捷写字楼327室','马家堡',246),('北京市保安服务总公司丰台分公司','北京市丰台区角门西里22楼','马家堡',247),('北京公共交通控股（集团）有限公司燃料供应分公司','丰台区马家堡甲66号','马家堡',248),('北京市嘉祥工贸公司','丰台区马家堡西路南甲1号','马家堡',249),('北京周黑鸭商贸有限公司','北京市丰台区马家堡西路15号2-307','马家堡',250),('北京北国建筑工程有限责任公司','北京市丰台区临泓路37号院14号楼12层','马家堡',251),('北京城乡建设集团有限责任公司','北京市丰台区草桥东路8号院7号楼','马家堡',252),('北京时代宏运科技有限公司','北京市丰台区南三环西路16号2号楼20层2317','马家堡',253),('北京万鑫伟业投资咨询有限公司','丰台区城南嘉园益明园2号楼5门603','马家堡',254),('北京姊妹花影视文化传媒有限公司','北京市丰台区南三环西路16号3号楼13层1610','马家堡',255),('寻根天下（北京）文化传媒有限公司','北京市丰台区南三环西路16号2号楼5层612室','马家堡',256),('北京诚投环保工程有限公司','北京市丰台区角门18号枫竹苑一区03-09','马家堡',257),('北京嘉屹市政工程有限公司','北京市丰台区嘉园三里17号楼1486室','马家堡',258),('北京泗玥石美容有限公司','北京市丰台区嘉园路星河苑一号院4号楼B1-04','马家堡',259),('智行时代国际传媒（北京）有限公司','北京市丰台区南三环西路16号2号楼23层2715室','马家堡',260),('北京中吉祥和投资管理有限公司','北京市丰台区南三环西路16号2号楼1507','马家堡',261),('北京家乐福商业有限公司马家堡店','北京市丰台区南三环西路16号1号楼地下一层地上一层','马家堡',262),('北京居然之家家居建材超市有限公司','北京市丰台区西三环南路甲27号居然之家丽泽店7层丽屋超市办公室','卢沟桥乡',263),('北京市丰台区卢沟桥国医社区卫生服务中心','北京市丰台区西局南街137号8号楼','卢沟桥乡',264),('北京中伟新辉电力技术有限公司','北京市丰台区新丰路中都伟业（中伟新辉公司）','卢沟桥乡',265),('北京光达盛兴电力工程有限公司','北京市丰台区丰管路50号','卢沟桥乡',266),('北京弘博文化传播有限公司','北京市丰台区万丰路316号万开中心B座','卢沟桥乡',267),('北京森强惠民投资管理有限公司','北京市丰台区丰台北路18号院恒泰广场D座16层','卢沟桥乡',268),('北京中润发汽车销售有限公司','北京市丰台区丽泽路99号','卢沟桥乡',269),('平安普惠投资咨询有限公司北京三元桥分公司','北京市丰台区丰台北路18号恒泰中心D座15层','卢沟桥乡',270),('北京徽创劳务服务有限公司','北京市丰台区大瓦窑305号232室T-2室','卢沟桥乡',271),('北京东管头投资管理公司','北京市丰台区东管头1号','卢沟桥乡',272),('北京吾为友人力资源顾问有限责任公司','北京市丰台区西四环南路35号中都科技大厦527室','卢沟桥乡',273),('北京国泰建设集团有限公司','北京市丰台区双林东路1号院1号楼','卢沟桥乡',274),('中国铁路北京局集团有限公司北京西车务段','北京市丰台区卢沟桥乡小郭庄西路52号','宛平',275),('北京美克家居用品有限公司','北京市丰台区西三环南路57号','卢沟桥乡',276),('北京新致君阳信息技术有限公司','北京市丰台区丰台北路18号院恒泰中心A座807','卢沟桥乡',277),('北京广源永盛人力资源管理咨询有限公司丰台分公司','丰台区西三环南路55号顺和国际财富中心三层B区322室','卢沟桥乡',278),('北京农村商业银行股份有限公司丰台支行','北京市丰台区西局南街101号','卢沟桥乡',279),('北京市天兴文伟劳务派遣有限公司','北京市丰台区西局南街甲1号综合楼2005','卢沟桥乡',280),('北京城建九建设工程有限公司','北京市丰台区靛厂村水衙沟路121号','卢沟桥乡',281),('北京宝泽行汽车销售服务有限公司','丰台区西三环南路59号','卢沟桥乡',282),('北京国金管理咨询有限公司','北京市丰台区万丰路316号万开中心B座6层','卢沟桥乡',283),('北京金唐天润置业发展有限公司','北京市丰台区丰台北路18号恒泰广场A座29层','卢沟桥乡',284),('北京鑫伯龙商贸有限公司','丰台区西局西街298号','卢沟桥乡',285),('北京万泉寺出租汽车有限公司','北京市丰台区梆子井甲5号','卢沟桥乡',286),('北京天创伟业投资管理有限公司丰台分公司','丰台区万丰路68号院银座和谐广场南楼8层','卢沟桥乡',287),('北京汇众恒泰商业管理有限公司','北京市丰台区丰北路18号院恒泰广场C栋二层','卢沟桥乡',288),('中铁华铁工程设计集团有限公司','北京市丰台区丰台北路36号2层','卢沟桥乡',289),('金管家信息服务有限公司','北京市丰台区东管头1号院2号楼','卢沟桥乡',290),('北京市丰台区靛厂小学','北京市丰台区卢沟桥乡靛厂村甲300号','卢沟桥乡',291),('北京市丰台区小井小学','小井村338号','卢沟桥乡',292),('北京市丰台区卢沟桥社会福利中心','丰台区小郭庄83号','卢沟桥乡',293),('北京华成任达环保科技有限公司','北京丰台双林东路105号院11-1-504','卢沟桥乡',294),('北京京门电气有限公司','丰台北路甲45号鼎恒中心5B','卢沟桥乡',295),('北京瑞丽园林绿化有限公司','北京市丰台区丰管路甲3号2层211号','卢沟桥乡',296),('北京京福帝商贸有限公司','北京市丰台区西局南街甲1号东风宾馆二层2022-2','卢沟桥乡',297),('北京金美泰清洁服务有限公司','北京市丰台区丰北路甲45号楼3层302','卢沟桥乡',298),('北京彦博美业国际管理咨询有限公司','北京市丰台区益泽路1号院16号楼底商1-3','卢沟桥乡',299),('北京伊尹餐饮管理有限公司万丰路店','北京市丰台区万丰路526号南侧一、二层','卢沟桥乡',300),('北京玉泉兴业投资管理公司','北京市丰台区吴家村路9号玉泉兴业投资管理公司劳资办公室','卢沟桥乡',301),('北京宏宇胜达物业管理中心','北京市丰台区西局玉园北区北侧50米','卢沟桥乡',302),('平安普惠投资咨询有限公司北京十里河分公司','北京市丰台区丰台北路18号恒泰中心D座15层','卢沟桥乡',303),('平安普惠投资咨询有限公司北京马连道分公司','北京市丰台区丰台北路18号恒泰中心D座15层','卢沟桥乡',304),('华信中安（北京）保安服务有限公司','北京市丰台区郭庄子甲一号','卢沟桥乡',305),('北京万盛东置业有限公司','丰台区丰台北路18号恒泰中心A座10层','卢沟桥乡',306),('北京市市政二建设工程有限责任公司','丰台区青塔西里甲2号','卢沟桥',307),('北京市丰台区教育发展服务中心','北京市丰台区小屯村一号','卢沟桥',308),('北京教育学院附属丰台实验学校分校','北京市丰台区西四环中路103号','卢沟桥',309),('北京市丰台区招生考试中心','北京市丰台区望园西里4号','卢沟桥',310),('北京市交通信息中心','北京市丰台区六里桥南里甲9号B座611房间','卢沟桥',311),('北京京东百店商贸有限公司','北京市丰台区西四环南路38号凯逸酒店2468','卢沟桥',312),('北京佳信昌瑞科技发展有限公司','北京市丰台区西四环南路46号国润商务大厦A座908室','卢沟桥',313),('北京恺欣世纪科技发展有限公司','北京市丰台区大井东里1号院1号楼305房间','卢沟桥',314),('新国线集团北京省际客运股份有限公司','北京市丰台区六里桥南里甲19号','卢沟桥',315),('北京首成国际投资管理有限公司','北京市丰台区西四环南路46号国润商务大厦A座501','卢沟桥',316),('北京恒信博大物业管理有限公司','北京市丰台区程庄路11号院3号楼102号','卢沟桥',317),('北京市第二建筑工程有限责任公司','丰台区小屯路16号','卢沟桥',318),('中国电子系统技术有限公司','北京市丰台区小屯路8号','卢沟桥',319),('中国建筑一局(集团)有限公司','北京市丰台区西四环南路52号','卢沟桥',320),('北油电控燃油技术（北京）有限公司','北京市丰台区程庄路3号8号楼3层6-7室','卢沟桥',321),('北京公共交通控股（集团）有限公司','北京市丰台区莲花池西里29号','卢沟桥',322),('中建一局华江建设有限公司','北京市丰台区西四环南路52号中建一局大厦B座1611房间','卢沟桥',323),('北京恒安卫士保安服务有限公司','北京市丰台区小屯西路111号院假日风景G1号楼116室','卢沟桥',324),('北京城建建设工程有限公司','丰台区卢沟桥路西五里店21号院','卢沟桥',325),('北京长峰医院股份有限公司','北京市丰台区大成路6号金隅大成时代2501室','卢沟桥',326),('中建一局集团第三建筑有限公司','北京市丰台区西四环南路52号中建一局大厦1101室','卢沟桥',327),('北京西贝莜面村餐饮有限责任公司','丰台区六里桥10号院商业综合楼','卢沟桥',328),('北京市首都公路发展集团有限公司','北京市丰台区六里桥南里甲九号','卢沟桥',329),('北京禧龙宾馆管理有限公司万丰路店','北京市丰台区万丰路526号南侧3-5号','卢沟桥',330),('北京万隆汇洋家居建材市场有限公司','北京市丰台区丰台路口甲215号','卢沟桥',331),('北京浙澳文仪家具有限公司','北京市丰台区莲花池西里11号联华世纪写字楼6层','卢沟桥',332),('北京京丰星聚商贸中心','北京市丰台区丰台路34号京丰岳各庄农副产品批发市场西院32号','卢沟桥',333),('北京市圣雅诗进出口有限责任公司','北京市丰台区小屯路16号','卢沟桥',334),('北京市丰台区道路养护中心','丰台区五里店285号','卢沟桥',335),('卢沟桥街道办事处民政科（公疗）','西四环南路40号','卢沟桥',336),('北京博雅恒盛商贸有限责任公司','北京市丰台区西四环南路52号','卢沟桥',337),('中铁一局集团有限公司北京办事处','北京市丰台区西四环中路112号阅园一区6号楼1902','卢沟桥',338),('北京市丰房建筑工程有限公司','北京市丰台区大井村260号','卢沟桥',339),('北京诚通新新建设有限公司','北京市丰台区青塔西路3号','卢沟桥',340),('中国法律图书有限公司','北京市丰台区莲花池西里7号309室','卢沟桥',341),('北京教育学院附属丰台实验学校','北京市丰台区大成南里四区24号','卢沟桥',342),('北京金悦丰商贸有限公司','北京市丰台区岳各庄阅园一区3号楼4单元702（万寿路街道社保所）','卢沟桥',343),('北京实佳捷英商贸有限责任公司','北京市丰台区靛厂路52号院1-2-601','卢沟桥',344),('北京名基装饰工程有限公司','北京市丰台区大成路6号金隅大成时代写字楼2201号','卢沟桥',345),('北京峰玉科技有限公司','北京市丰台区六里桥甲一号悦都大酒店后配楼2层','卢沟桥',346),('中盛和平（北京）幕墙门窗有限公司','北京市丰台区大成路6号院1号楼15层1501室','卢沟桥',347),('北京茗盛宏源商贸有限公司','北京市丰台区万隆汇洋灯饰城1905   联系人：赵艳敏  电话 13901329878','卢沟桥',348),('北京圣非凡电子系统技术开发有限公司','北京市丰台区小屯路8号9号楼','卢沟桥',349),('中山市朗斯卫浴有限公司北京分公司','北京市丰台区大成路6号院1号楼21层2108','卢沟桥',350),('尤根牙科医疗科技（北京）有限公司','北京市丰台区小屯西路美域家园南区甲5号','卢沟桥',351),('北京农村商业银行股份有限公司卢沟桥支行','北京市丰台区丰体北路1号','卢沟街',352),('北京市丰台区新发地小学','丰台区天伦锦城12号楼','花乡',353),('北京市丰台区花乡社区卫生服务中心','北京市丰台区花乡四合庄192号','花乡',354),('北京市丰台区花乡正业保洁服务中心','丰台区花乡党校','花乡',355),('北京安征昊消防技术服务有限公司','北京市丰台区新发地京良桥西侧2000米路北6号楼5单元201室','花乡',356),('北京长丰源建设集团有限公司','北京市丰台区黄土岗马家楼119号F座南门','花乡',357),('北京万鑫天地商贸有限公司','北京市丰台区右安门外马家楼甲8号','花乡',358),('北京钜润农产品有限公司','北京市丰台区新发地京良桥西侧2000米路北1号楼8单元301室','花乡',359),('北京玉美家园建材市场有限公司','北京市丰台区南三环西路56号','花乡',360),('北京益康毅红商贸有限公司','丰台区新发地农副产品批发市场调料B厅B区13号','花乡',361),('北京存房房地产经纪有限公司','北京市丰台区郭公庄中街20号院A座','花乡',362),('北京加达大昌汽车服务有限公司','北京市丰台区花乡樊羊路587号北京加达凯迪拉克4s店','花乡',363),('北京腾顺广源商贸有限公司','北京市丰台区京开路新发地桥西侧新发地农副产品批发市场东精品交易区41号','花乡',364),('北京高鑫体育文化发展有限公司','北京市丰台区高立庄402号','花乡',365),('北京地铁科技发展有限公司','北京市丰台区郭公庄南街17号','花乡',366),('北京市旧机动车交易市场有限公司','北京市丰台区南四环西路123号','花乡',367),('北京铭怡园物业管理中心','北京市丰台区白盆窑村中（花乡驾校后50米）6号','花乡',368),('北京白盆窑天兴花卉投资中心','北京市丰台区白盆窑村68号','花乡',369),('北京市汇友出租汽车有限公司','北京市丰台区郭公庄一区20号楼201','花乡',370),('北京中指讯博数据信息技术有限公司','北京市丰台区郭公庄中街20号院A座','花乡',371),('北京拓世寰宇网络技术有限公司','北京市丰台区郭公庄中街20号院A座','花乡',372),('北京草桥实业总公司','北京市丰台区南三环路玉泉营立交桥东南侧118号','花乡',373),('北京花乡花木集团有限公司','北京市丰台区草桥欣园四区22号（奥运花卉配送中心）','花乡',374),('北京市花乡白盆窑花卉中心','北京市丰台区白盆窑村6号','花乡',375),('北京高鑫世纪购物广场有限公司','北京市丰台区高立庄村4','花乡',376),('北京鹏龙大道汽车销售服务有限公司','北京市丰台区南三环西路85号甲-1','花乡',377),('北京白盆窑天兴投资管理公司','北京市丰台区白盆窑村中（花乡驾校后50米）','花乡',378),('北京新发地农副产品批发市场中心','北京新发地市场人力资源部','花乡',379),('北京西南物流中心有限公司','丰台区段庄86号','花乡',380),('北京世界公园','丰台花乡大葆台158号','花乡',381),('北京搜房科技发展有限公司','北京市丰台区郭公庄中街20号院A座','花乡',382),('北京东方中远市政工程有限责任公司','北京市丰台区丰葆路世界公园北六圈南路55号','花乡',383),('北京博仁医院有限公司','北京市丰台区郑王坟南6号ABC座','花乡',384),('北京市新发地农产品股份有限公司','北京市丰台区花乡京开高速路新发地桥西侧','花乡',385),('北京搜房网络技术有限公司','北京市丰台区郭公庄中街20号院A座','花乡',386),('北京榆构有限公司','北京市丰台区人民村63号','花乡',387),('北京北方生物技术研究所有限公司','北京市丰台区潘家庙甲20号','花乡',388),('北京市轨道交通运营管理有限公司','丰台区公益西桥桥西650米（南四环中路北侧）轨道交通大厦','花乡',389),('北京欣子凯顺商贸有限公司','北京市丰台区花乡纪家庙村188号2-F-201','花乡',390),('北京今朝天诚建筑装饰工程有限公司','北京市丰台区花乡高立庄村636号花乡物华麟丰建材市场D座3层388号','花乡',391),('北京光辉聚达旧机动车经纪有限公司','北京丰台区南四环西路123号旧机动车市场GC125','花乡',392),('北京网盛腾达科技有限公司','北京市丰台区纪家庙8号22号楼218房间','花乡',393),('北京市丰台区黄土岗中学','丰台区南四环西路16号','花乡',394),('北京兴鹏宏达物业管理公司','北京市丰台区花乡四合庄四环路南侧500米','花乡',395),('北京市新时特物业管理有限公司','丰台区草桥欣园三区1号楼','花乡',396),('北京奕瑞祥科技有限公司','北京市丰台区纪家庙8号21号楼123室','花乡',397),('北京华豫金诚销售有限公司','北京市丰台区花乡新房子村99号','花乡',398),('北京金裕泰商贸有限公司','北京市丰台区京开路新发地桥西侧新发地农副产品批发市场中心综合交易大楼一层1037号','花乡',399),('北京京源豪联线缆有限公司','北京市丰台区马家楼京开五金批发市场南区B道10号','花乡',400),('北京诚信人清洗服务有限责任公司','北京市丰台区葆台南路2号院','花乡',401),('北京市轨道交通建设管理有限公司','丰台区公益西桥桥西650米（南四环中路北侧）轨道交通大厦','花乡',402),('北京市丰台区和义街道社区服务中心','丰台区南苑北里二区五号楼','和义',403),('北京盈云泽景会计服务有限公司','丰台区和义小区南里5区9号楼','和义',404),('北京凯妮达商贸有限公司','北京市丰台区久敬庄甲24号东南物流2幢','和义',405),('北京市丰台区总工会','北京市丰台区丰台镇东安街三条六号','丰台',406),('北京市丰台区工商业联合会','北京市丰台区正阳北里二号楼三层','丰台',407),('北京航天华阳环境工程有限公司','北京市丰台区丰台镇东安街头条一号院8号楼','丰台',408),('北京仁德祥咨询服务有限公司','北京市丰台区丰台镇东货场路38号11幢608室','丰台',409),('北京和润通达工程管理有限公司','北京市丰台区程庄路20号院2号楼2层207室','丰台',410),('中国铁路北京局集团有限公司北京车务段','北京市丰台区正阳大街8号','丰台',411),('中国航天建设集团有限公司','北京西四环南路83号','丰台',412),('江苏省建工集团有限公司北京分公司','丰台区东大街29号嘉诚广场D座','丰台',413),('北京中友永信企业管理有限公司','北京市丰台区丰北路丰华苑1号楼底商110号','丰台',414),('北京万仕伟业卫生人力资源管理有限公司','北京市丰台区文体路7号院2-9幢','丰台',415),('中国铁路北京局集团有限公司丰台工务段','北京市丰台区正阳大街54号','丰台',416),('北京丰台工程机械修造厂','北京市丰台区游泳场北路九号','丰台',417),('中国农业银行股份有限公司北京丰台支行','北京市丰台区东大街9号','丰台',418),('北京市丰台区水务局','北京市丰台区东安街三条六号','丰台',419),('北京市丰台区审计局','丰台区东安街3条3号','丰台',420),('北京市丰台区人民检察院机关后勤服务中心','北京市丰台区近园路13号','丰台',421),('北京顺天府商贸有限公司第十四分店','北京市丰台区游泳场北路9号院','丰台',422),('北京市丰台区旅游发展委员会','北京市丰台区东安街三条六号','丰台',423),('北京市丰台区职业技术学校','北京市丰台区丰台镇东安街三条一号','丰台',424),('北京春之荣商贸中心','北京市丰台区西四环南路60号','丰台',425),('北京市丰台区卫生和计划生育监督所','北京市丰台区丰台镇七里庄路31号','丰台',426),('北京市丰台区工商业联合会','北京市丰台区正阳北里二号楼三层','丰台',427),('中国中铁股份有限公司东方国际建设分公司','北京市丰台区丰台北路36号','丰台',428),('中国铁路北京局集团有限公司丰台车辆段','北京市丰台区建国街23号','丰台',429),('通号工程局集团有限公司北京分公司','北京市丰台区丰台南路101号4幢2层','丰台',430),('北京致远通信技术有限公司','北京市丰台区万芳园一区6号楼2层201-240号','方庄',431),('北京金三优装饰有限责任公司','北京市丰台区刘家窑邮政科研所二层','方庄',432),('北京云星宇交通科技股份有限公司','北京市丰台区方庄芳星园二区4号高速大厦','方庄',433),('北京家乐福商业有限公司','北京丰台区方庄芳城园二区15号','方庄',434),('中车建设工程有限公司','北京市丰台区芳城园一区15号楼五层501、503','方庄',435),('北京金桥怡潼物业管理有限公司','北京市丰台区方庄芳城园二区6号楼6－103','方庄',436),('北京路明路灯电气安装有限公司','北京市丰台区方庄路2号','方庄',437),('北京红黄蓝儿童教育科技发展有限公司','丰台区芳庄芳古园一区29号楼通润会馆4层','方庄',438),('中国工商银行股份有限公司北京方庄支行','北京市丰台区方庄蒲芳路5号','方庄',439),('北京杰士瑞达劳务服务有限公司','北京市丰台区方庄芳星园三区4号楼103室','方庄',440),('北京方庄物业管理有限责任公司','丰台区方庄小区芳群园二区12号楼','方庄',441),('北京保德威服饰有限公司','北京丰台区方庄芳城园一区17号楼B303','方庄',442),('北京祥龙博瑞汽车服务（集团）有限公司三分公司','丰台区蒲黄榆路48号','方庄',443),('北京市特欣市政公用工程有限公司','北京市丰台区方庄紫芳园一区3号','方庄',444),('北京信德商务咨询有限公司','北京市丰台区方庄蒲方路9号院GOGO新世代7号楼710','方庄',445),('北京华夏盛轩图书有限公司','北京市丰台区方庄群芳园三区三号楼七层','方庄',446),('北京三番基业科技发展有限公司','北京市丰台区马家堡东路121号院1号楼8层921','东铁营',447),('北京银实机电安装工程有限公司','北京市丰台区成寿寺路5号楼10层1009','东铁营',448),('北京乐龄佳苑养老产业投资管理有限公司','北京市丰台区南方庄一号院2号楼802室','东铁营',449),('北京医药职工中等专业学校','北京市丰台区苇子坑148号','东铁营',450),('合肥联拓金融信息服务有限公司北京分公司','北京市丰台区南方庄1号安富大厦1916室','东铁营',451),('内外（北京）装饰咨询有限公司','北京市丰台区宋庄路71号院3号楼1606室','东铁营',452),('北京松雷物业管理有限责任公司','丰台区南三环中路小铁营10号','东铁营',453),('北京泰维峰家政服务有限公司','北京市丰台区刘家窑桥东嘉业大厦1期B座2501','东铁营',454),('北京松德融丰投资管理有限公司','北京市丰台区宋庄路71号院3号楼2007室','东铁营',455),('北京启源博艺地毯有限公司','北京市丰台区东铁匠营横一条31号2号平房106室','东铁营',456),('北京京港伟业人力资源服务有限公司','丰台区铁匠营顺一条8号建丰商务楼A座212室','东铁营',457),('北京金隅大成物业管理有限公司','北京市丰台区东铁营顺三条18号院2号楼3-4层','东铁营',458),('中国新兴建筑工程有限责任公司','北京市东铁匠营顺8条9号','东铁营',459),('北京庄子工贸有限责任公司','北京市丰台区分钟寺倪庄16号（庄子公司）','东铁营',460),('北京兴宇班尼路服装服饰有限公司','北京市丰台区宋庄路73号甲2号楼2A及C211','东铁营',461),('北京今朝装饰设计有限公司','北京市丰台区东铁营顺一条8号南二楼','东铁营',462),('北京地铁车辆装备有限公司','北京市丰台区苇子坑23号','东铁营',463),('北京公联安达停车管理有限公司','丰台区宋庄路宋家庄交通枢纽4层','东铁营',464),('北京共易科技有限公司','北京市丰台区顺三条21号1号楼205','东铁营',465),('北京味千餐饮管理有限公司','北京市丰台区宋家庄路71号院1号楼 扑满山写字楼1705室','东铁营',466),('中国通信建设集团有限公司','丰台区南方庄甲56号','东铁营',467),('北京新兴保信建设工程有限公司','北京市丰台区永定门外宋家庄路22号一层','东铁营',468),('北京方得机电有限公司','北京市丰台区永外东铁营苇子坑2号821','东铁营',469),('颐海（北京）商贸有限责任公司','北京市丰台区南三环中路恒松园小区6号楼116','东铁营',470),('北京市丰台区东铁匠营街道社区服务中心','丰台区定安东里甲11号','东铁营',471),('北京行中天下传媒文化有限公司','北京市丰台区永外东铁匠营五间楼十号B座212室','东铁营',472),('北京子红金九商贸有限公司','北京市丰台区刘家窑南里5号2号1098室','东铁营',473),('北京嘉艺居装饰材料有限公司','北京市丰台区成寿寺世纪风景住宅小区G1公建用地办公商业6层2-608室','东铁营',474),('北京博雅信通会计服务有限公司','北京市丰台区南方庄1号院2号楼安富大厦505室','东铁营',475),('普澳（北京）暖通设备有限公司','北京市丰台区贾家花园15号院7号楼3F-25','东铁营',476),('北京润海兴汇科技有限公司','北京市丰台区方庄南路15号楼11层1座1212','东铁营',477),('北京搏大商贸有限公司','北京市丰台区贾家花园15号院7号楼一层西侧(东铁匠营企业集中办公区)','东铁营',478),('北京同仁堂麦尔海生物技术有限公司','丰台区南三环中路20号','东铁营',479),('北京金隅嘉业房地产开发有限公司','北京市丰台区南三环宋家庄路3号','东铁营',480),('北京中成天坛假日酒店有限公司','北京市丰台区永外定安东里1号','东铁营',481),('北京同仁堂科技发展股份有限公司','北京市南三环中路20号','东铁营',482),('丰台区蒲黄榆社区卫生服务中心','丰台区蒲安西里16号','东铁营',483),('北京市展顺文化发展有限公司','北京市丰台区永外东铁营苇子坑2号10-1幢520室','东铁营',484),('北京育强体育才艺幼儿园','北京市丰台区成寿寺路四方景园二区7号','东铁营',485),('北京本正机电设备有限公司','北京市丰台区南苑四营门(三角地小区47号楼西侧20米)','东高地',486),('航天万源实业有限公司','北京市丰台区东高地万源西里37栋','东高地',487),('北京首航优购商贸连锁有限公司','北京市丰台区东高地南街七号首航四层','东高地',488),('北京首航国力商贸有限公司','北京市丰台区东高地南街7号','东高地',489),('首都航天机械有限公司','北京市丰台区34信箱20分箱','东高地',490),('北京实验工厂有限责任公司','丰台区南大红门路一号第十八研究所9200信箱','东高地',491),('北京长征高科技有限公司','北京市丰台区东高地万源西里19栋','东高地',492),('北京时代民芯科技有限公司','北京市丰台区东高地四营门北路2号','东高地',493),('北京市丰台区东高地第四小学','北京市丰台区万源南路2号','东高地',494),('北京市丰台区东高地街道社区服务中心','北京市丰台区东高地斜街2号','东高地',495),('北京市体育局新闻中心','丰台区光彩北路10号体育局新闻中心','大红门',496),('北京市邮政管理局海慧寺幼儿园','北京市丰台区南顶村邮局宿舍44号楼','大红门',497),('北京幸福家庭网络信息咨询有限公司','北京市丰台区光彩路彩虹城4-6-304','大红门',498),('北京房修一石榴园供热有限公司','北京市丰台区石榴园小区南里15号','大红门',499),('北京鹏芹鸿源食品配送有限公司','丰台区石榴庄西街232号1幢平房3号','大红门',500),('北京二商健力食品科技有限公司','北京市丰台区大红门石榴庄西街234号','大红门',501),('北京祥龙出租客运有限公司','丰台区南四环中路75号','大红门',502),('北京集美家居市场有限公司','北京市丰台区永外大红门西马场甲14号','大红门',503),('北京月盛斋清真食品有限公司','北京市丰台区南顶路6号','大红门',504),('北京晴科欣源建材销售中心','北京市丰台区西马场南里二区四号楼三层309','大红门',505),('北京科悦创田医药科技有限公司','丰台区马家堡路180号7层816','大红门',506),('北京德迈室内设计有限公司','北京市丰台区石榴园北里11#1门401','大红门',507),('北京木樨园美华旅店','北京市丰台区南木樨园甲5号','大红门',508),('北京二商生物科技有限公司','北京市丰台区石榴庄西街234号','大红门',509),('维森特曼五金材料（北京）有限责任公司','北京市丰台区马家堡路蓝光云鼎706','大红门',510),('北京欧芳助友家政服务有限公司','北京市丰台区南木樨园88号','大红门',511),('北京雨彤成才商贸有限公司','北京市丰台区永外大红门西马场甲14号集美家居市场62060','大红门',512),('北京东方金泰餐饮管理有限公司','北京市丰台区西马场南里一区14号楼1门1601','大红门',513),('北京赛斯通科技发展有限公司','北京市丰台区马家堡东路121号院4号楼502室','大红门',514),('浙江银泰百货有限公司北京大红门分公司','北京市丰台区马家堡东路101号院10号楼银泰百货四层人事部','大红门',515),('北京京福帝商贸有限公司','北京市丰台区西局南街甲1号东风宾馆二层2022-2','',516),('北京远程中卫妇科医院管理有限公司','北京市丰台区万丰路316号万开中心A座3层人力资源部','南苑乡',517),('北京京朝出租汽车有限公司（丰台）','丰台区方庄gogo新世代5-707','方庄',518),('中铁六局集团有限公司桥隧分公司','北京市丰台区南四环西路188号十区16号楼','园区',519),('北京国电通网络技术有限公司','北京市丰台区航丰路1号时代财富天地28层','园区',520),('北京华新电工设备有限公司','北京市丰台区海鹰路6号院28号楼','园区',521),('戎威远保安服务（北京）有限公司','丰台区石榴庄南里2号院','大红门',522),('中移铁通有限公司北京分公司','北京市丰台区富丰路8号','园区',523),('中国华电科工集团有限公司','丰台区汽车博物馆东路6号盈坤世纪A座1128','园区',524),('北京天健源达科技有限公司','北京市丰台区星火路1号昌宁大厦19层A','园区',525),('北京第二机床厂有限公司','丰台区芦沟桥南里4号','宛平',526),('中建一局钢结构工程有限公司','北京市丰台区西四环南路52号','卢沟桥',527),('北京居然之家装饰工程有限公司','北京市丰台区西三环南路甲27号居然之家丽泽店7号门6层装饰公司','太平桥',528),('北京中企优派管理咨询有限公司','丰台区丰管路1号院巨擘达写字楼508室','丰台',529),('北京远程视界眼科医院管理有限公司','北京市丰台区万丰路316号万开中心A座3层人力资源部','卢沟桥',530),('北京同仁堂科技发展股份有限公司制药厂','北京南三环中路20号','东铁营',531),('中车北京二七机车有限公司','北京市丰台区杨公庄1号','长辛店',532),('中国建筑一局（集团）有限公司北京施工总承包分公司','北京市丰台区西四环南路52号中建一局大厦B座8层8001','卢沟桥',533),('泛华建设集团有限公司','北京市丰台区南四环西路188号17区6号楼','园区',534),('光大永明人寿保险有限公司北京分公司','北京市丰台区西三环南路14号院首科大厦B座19层','太平桥',535),('怡海达丰物业管理(北京)有限公司','北京市丰台区怡海路4号','新村',536),('北京歌华有线工程管理有限责任公司','丰台区南四环西路188号17区1号楼','园区',537),('北京恒业宏达建筑工程有限责任公司','北京市丰台区王佐镇长青路111号院西200米','王佑',538),('北京北方车辆集团有限公司','北京市丰台区长辛店朱家坟5里5号','长辛店',539),('北京博望华科科技有限公司','北京市丰台区南四环西路188号总部基地17区3号楼（四季青街道）','园区',540),('北京凯恩帝自动化科技有限公司','北京市丰台区南四环西路188号11区3号楼','园区',541),('冶金自动化研究设计院','北京市丰台区西四环南路72号','丰台',542),('北京华望电力工程咨询有限公司','北京市丰台区南四环西路188号十一区41号楼5层507室（园区）','园区',543),('北京国联视讯信息技术股份有限公司','北京市丰台区南四环西路188号总部基地六区3号楼','园区',544),('北京首航艾启威节能技术股份有限公司','北京市丰台区南四环西路188号三区20号楼','园区',545),('华电重工股份有限公司','北京市丰台区汽车博物馆东路6号华电产业园B座11层人力资源部','新村',546),('北京中网华通设计咨询有限公司','北京市丰台区南四环西路188号二区9号楼11层','园区',547),('北京欧美思教育科技发展有限公司','北京市丰台区星火路1号昌宁大厦Q301','园区',548),('北京歌华有线客户服务信息咨询有限公司','北京市丰台区南四环西路188号十七区1号楼8层801室（园区）','园区',549),('北京全路通信信号研究设计院集团有限公司','北京市丰台科技园区汽车博物馆南路1号院','园区',550),('北京值得买科技股份有限公司','北京市丰台区洋桥12号院3层至19层','西罗园街道',551),('北京京电电网维护集团有限公司','北京市丰台区光彩路69号','大红门',552),('北京法雅商贸有限责任公司','北京市丰台区开阳路1号瀚海花园大厦7层','右安门',553),('北京妍侬人力资源顾问有限公司','北京市丰台区大红门方仕国际轻纺城北广场A01二楼','南苑',554),('北京首证投资顾问有限公司','北京市丰台区榴乡路88号石榴中心2号楼18层','大红门',555),('北京天运达人力资源管理顾问有限责任公司','丰台区南四环西路188号总部基地一区26号楼四层','新村',556),('北京铁路局北京高铁工务段','北京市丰台区西道口沙岗村4号','宛平',557),('北京建磊国际装饰工程股份有限公司','北京市丰台区航丰路1号时代财富天地1808室','园区',558),('北京铁路局北京工电大修段','北京市丰台区北大街北里甲6号','丰台',559),('中国中铁股份有限公司工程建设分公司','北京西客站南广场中铁工程大厦A座501','太平桥',560),('北京公共交通控股（集团）有限公司第三客运分公司','北京市丰台区方庄路6号','方庄',561),('北京速通科技有限公司','北京市丰台区六里桥南里甲九号首发大厦C座703','卢沟桥',562),('中国新兴建筑工程总公司','北京市东铁匠营顺8条9号','东铁营',563),('中铁通信信号勘测设计（北京）有限公司','北京市丰台区万寿路南口金家村1号','卢沟桥',564),('中安网脉（北京）技术股份有限公司','北京市丰台区富丰路7号','新村',565),('中铁建工集团有限公司','北京市丰台区南四环西路128号诺德中心1号楼','园区',566),('北京铁路局北京车务段','北京市丰台区正阳大街8号','丰台',567),('中铁物贸集团有限公司','北京市丰台区莲花池南里26号楼5楼','太平桥',568),('中铁科电气化局有限公司','北京市丰台区金家村1号院123号','卢沟桥',569),('首都航天机械公司','北京市丰台区34信箱26分箱','东高地',570),('北京民航安乐出租汽车有限责任公司','丰台区草桥东路','马家堡',571),('四川长虹电器股份有限公司北京销售分公司','北京市丰台区南四环西路188号十八区26栋5层','园区',572),('蒙西华中铁路股份有限公司','北京市丰台区西三环南路甲12号院1号楼首科大厦A座16层','太平桥',573),('北京当升材料科技股份有限公司','北京市丰台区南四环西路188号总部基地18区21号楼','园区',574),('北京铁路局丰台机务段','北京市丰台区长庚胡同18号','丰台',575),('华润雪花啤酒（中国）有限公司北京销售分公司','北京市丰台区纪家庙8号22号楼（天瑞大厦）5层','新村',576),('北京丰供送变电工程有限责任公司','北京市丰台区新发地(变电站院内)','花乡',577),('中储发展股份有限公司北京贸易分公司','北京市丰台区南四环西路188号六区18号楼B座','园区',578),('北京晶澳太阳能光伏科技有限公司','北京市丰台区汽车博物馆东路1号院4号楼南座701室','园区',579),('北京亿潼隆连锁超市有限公司','北京市丰台区丰台路口甲215号','卢沟桥',580),('北京长虹佳华智能系统有限公司','北京市丰台区南四环西路188号东区18区26号楼长虹科技大厦9层','园区',581),('华电（北京）热电有限公司','丰台区西四环中路82号','卢沟桥',582),('中国技术进出口总公司','北京市丰台区西三环中路90号','太平桥',583),('中国邮政集团公司北京市丰台区分公司','北京市丰台区方庄蒲方路22号','方庄',584),('北京海鑫科金高科技股份有限公司','北京市丰台区六里桥北里甲3号208房间','卢沟桥',585),('北京八方达客运有限责任公司保修分公司','北京市丰台区大红门六合庄2号','南苑',586),('天三和(北京)企业管理有限公司','北京市丰台区宋庄路26号院11号楼2302室','东铁营',587),('北京厚德信物业管理中心','北京市丰台区东管头1号','太平桥',588),('北京铁路局丰台车辆段','北京市丰台区建国街23号','丰台',589),('北京远程天下眼科医院管理有限公司','北京市丰台区万丰路316号万开中心A座3层','南苑乡',590),('中国邮政集团公司北京市报刊发行局','北京市丰台区莲花池东路100号','太平桥',591),('中铁置业集团有限公司','北京市丰台区广安路15号亚洲资源大厦九层','太平桥',592),('北京华普联合商业投资有限公司','北京市丰台区石榴庄西街232号联宏海鲜市场四层华普超市','大红门',593),('拉卡拉支付股份有限公司北京分公司','北京市丰台区高楼村 号惠运百业商务楼四层拉卡拉北京分公司','卢沟桥',594),('好孩子(中国)商贸有限公司北京分公司','北京市丰台区右安门外大街99号华商科技大厦407室','右安门',595),('拓天伟业(北京)资产管理集团有限公司','北京市丰台区洋桥路12号综合业务楼8层8001','西罗园',596),('北京长铁车辆有限公司','北京市丰台区张郭庄370号','长辛店',597),('北京铁路局丰台西站','北京市丰台区丰西北里362号','新村',598),('北京京劳咨询服务中心','丰台区马家堡西路36号2号楼1831（东亚三环）','马家堡',599),('北京二七机车工业有限责任公司','北京市丰台区长辛店崔村二里甲1号','长辛店',600),('北京远程金卫肿瘤医院管理有限公司','北京市丰台区万丰路316号万开中心A座3层人力资源部','卢乡',601),('北京华夏聚龙自动化股份公司','丰台区南四环西路188号总部基地十区27楼','园区',602),('内蒙古西贝餐饮连锁有限责任公司丰台分公司','北京市丰台区六里桥甲1号5栋1层101室','卢沟桥',603),('北京印刷集团有限责任公司印刷一厂','北京市丰台区马家堡路69号','马家堡',604),('北京东方乔戈里物业服务有限公司','北京市丰台区榴乡路石榴中心1号写字楼（ 石榴庄小学西侧）','大红门街道',605),('北京铁路局丰台工务段','北京市丰台区正阳大街54号','丰台',606),('北京长城制药厂','北京市西四环路63号院（原丰台路75号院）','丰台',607),('中建市政工程有限公司','北京市丰台区丰台体育馆东门','卢沟桥',608),('北京铁路局北京西车务段','北京市丰台区卢沟桥乡小郭庄西路52号','卢沟桥乡',609),('北京东方华太工程咨询有限公司','北京市丰台区莲花池西里10号路桥大厦619室','卢沟桥',610),('仁和药房网（北京）医药科技有限公司','北京丰台星火路9号2层','园区',611),('北京航天海鹰物业管理有限责任公司','北京市丰台区云岗静欣苑9号楼海鹰物业','园区',612),('北京顺天府商贸有限公司','丰台区东大街31号顺天府14分店3层人事部','丰台',613),('北京合讯桥劳务服务有限责任公司','北京市丰台区马家堡东里六号楼620室','西罗园',614),('北京华远意通热力科技股份有限公司','北京市丰台区南四环西路188号总部基地三区8号楼','园区',615),('北京伏尔特技术有限公司','北京市丰台区长辛店张郭庄9号','长辛店',616),('中建一局集团装饰工程有限公司','北京西四环南路52号','卢沟桥',617),('北京动力源科技股份有限公司','丰台科学城星火路8号','园区',618),('北京二七长铁运输有限责任公司','北京市丰台区长辛店光明里75号','长辛店',619),('北京念奴娇服装服饰有限公司','北京市丰台区南三环东路23号天创盛方中心A-302','东铁营',620),('北京和平幕墙工程有限公司','北京市丰台区丰管路26号（奇瑞汽车院内）','南苑乡',621),('北京铁路局北京供电段','北京市丰台区金家村287号','卢沟桥',622),('北京远程心界医院管理有限公司','北京市丰台区万丰路316号万开中心A座3层人力资源部','卢沟桥',623),('北京铁路局北京工务段','北京市丰台区洋桥西里40号','西罗园',624),('北京国电富通科技发展有限责任公司','北京市丰台区南四环西路188号六区14号楼','园区',625),('中铁十九局集团矿业投资有限公司','北京市丰台区风荷曲苑3号楼01-02商业','卢构桥',626),('北京华德液压工业集团有限责任公司液压泵分公司','北京市丰台区卢沟桥南里3号','宛平',627),('北京市驰跃翔工程监理有限责任公司','北京市丰台区马家堡122号','西罗园',628),('北京国泰永康大药房有限公司','北京市丰台区槐房西路','南苑',629),('中国建筑第二工程局有限公司北京分公司','北京市丰台区汽车博物馆东路6号华电产业园E座11层','园区',630),('北京市健坤餐饮有限责任公司','北京市丰台区程庄路甲1号1号楼','卢构桥',631),('北京铁路局北京西站','北京市丰台区莲花池东路118号','太平桥',632),('围场满族蒙古族自治县合众劳务服务有限公司北京分公司','北京市丰台区芳城园三区19号楼10二层','方庄',633),('北京矿冶研究总院','北京市丰台区南四环西路188号总部基地十八区23号楼','园区',634),('北京远程京卫医院管理有限公司','北京市丰台区万丰路316号万开中心A座3层人力资源部','卢乡',635),('北京马家堡鑫华工贸集团','北京市丰台区马家堡东路71号','西罗园',636),('北京视界联盟眼科医院投资管理股份有限公司','北京市丰台区万丰路316号万开中心A座3层','卢乡',637),('北京铁路局北京车辆段','北京市丰台区岳家楼1号院','卢沟桥',638),('央广新媒体文化传媒(北京)有限公司','北京市丰台区南四环西路188号总部基地18区7号楼','园区',639),('北京三友联恒科技有限责任公司','北京市丰台区大井东里1号院1号楼321房间','卢沟桥',640),('贝壳菁汇(北京)生态创新科技有限公司','北京市丰台区汽车博物馆东路6号3号楼1单元1201(园区)','园区',641),('海鹰航空通用装备有限责任公司','北京市丰台区海鹰路1号院1号楼','园区',642),('北京新世纪时尚创意基地市场有限公司','北京市丰台区南苑路11号','大红门',643),('北京宏达志邦商贸有限公司','北京市丰台区六里桥甲1号悦都大酒店北楼516房','卢沟桥',644),('北京君尚天盛商贸有限公司','北京市丰台区花乡新发地农工商联合公司院内尚购商城B66号','新村',645),('欧伏电气股份有限公司北京分公司','丰台区南四环西路188号五区14号楼','园区',646),('北京和谐时代企业管理有限公司','北京市丰台区广安路保利欣苑3号楼5单元101室','卢沟桥',647),('北京万邦圣达环保工程有限公司','北京市丰台区万泉寺256号院5号楼7单元1101室（所属花园路街道）','太平桥',648),('北京伊和科技有限公司','北京市丰台区科学城11B2号楼618室（园区）','园区',649),('江苏红旗人力资源有限公司北京办事处','北京市丰台区马家堡122号驰跃翔308室','西罗园',650),('北京恒润天隆广告有限公司','北京市丰台区杜家坎南路19号','长辛店镇',651),('承德兴泰劳务有限责任公司（丰台）','北京市丰台区丽泽雅园9号楼105室','太平桥',652),('北京天衡药物研究院有限公司','丰台区小屯路8号紫金园写字楼C座5层C510','卢沟桥',653),('北京真红博贸易有限公司','北京市丰台区花乡羊坊村818号1号温室外挂号','花乡',654),('北京丰庭酒店管理有限公司','北京市丰台区西马场北里甲13号','大红门',655),('北京梦想着陆广告有限公司','北京市丰台区东管头1号','太平桥',656),('北京市印刷物资公司','丰台区马家堡东路35号','西罗园',657),('北京言禾羽服饰有限公司','北京市丰台区木樨园天雅大厦5089','大红门',658),('北京市城乡建筑设计院有限公司','北京市丰台区丰台北路32号院B座二层8278室','卢沟桥',659),('北京龙腾星辉汽车租赁有限公司','北京市丰台区大成路6号院1号楼17层1701室','卢沟桥',660),('北京市佳利华经济开发有限责任公司','北京市丰台区小屯路双林苑18号椿萱茂老年公寓','卢沟桥',661),('北京瑞京糖尿病医院有限责任公司','北京市丰台区石榴园南里15号3幢','大红门',662),('中烟追溯(北京)科技有限公司','丰台区科兴路9号一层120室(园区)','园区',663),('北京中瑞历成工程技术有限公司','北京市丰台区造甲南里11号楼11-4幢2 室','新村',664),('和信美（北京）品牌顾问有限公司','北京市丰台区南四环西路128号诺德中心1期3号楼1101','园区',665),('北京智成联和商贸有限公司','北京市丰台区正阳大街西货场5号院','丰台',666),('北京绿桩信息技术有限责任公司','北京市丰台区南四环西路188号六区4号楼','园区',667),('北京科尔沁塔拉商贸有限公司','丰台区南顶路6号7号楼','大红门',668),('北京荷码科技有限公司','北京市丰台区长辛店赵家坎4号院 号楼2层8292','长辛店镇',669),('中海外建工集团有限公司','北京市丰台区五爱屯东街58乙','南苑',670),('亮克威泽（北京）涂料科技有限公司','北京市丰台区科学城海鹰路5号821房间','园区',671),('北京建友工程造价咨询有限公司','北京市丰台区丰台北路18号院汇众恒泰中心c座710','卢沟桥',672),('北京世博嘉信工程咨询有限公司','北京市丰台区丰台北路18号院恒泰广场C座1501','卢沟桥',673),('北京隆鑫智诚商贸有限公司','北京市丰台区花乡新发地农工商联合公司院内新发地市场樱西区2号','花乡',674),('北京晶川电子技术发展有限责任公司','北京市方庄南三环东路23号院1号楼Ａ座601，602','方庄',675),('北京特希达交通勘察设计院有限公司','北京市丰台区草桥东路角堡110号','马家堡',676),('北京京能恒星能源科技有限公司','北京市丰台区草桥东路29号','花乡',677),('博盛鸿礼（北京）商贸有限公司','北京市丰台区丰桥路7号院甲12号楼1-08室','新村',678),('北京天创智联科技发展有限公司','北京市丰台区南四环西路186号一区1号楼4层4080','园区',679),('北京言鼎商贸有限公司','北京市丰台区南四环西路188号总部基地十五区12号楼3层','园区',680),('中国水产有限公司','北京市丰台区南四环西路188号18区19号楼','园区',681),('北京明耀通达电力工程设计有限公司','北京市丰台区南四环公益西桥乐天玛特超市南侧二层红顶小楼院内','南苑',682),('北京锦上芙蓉时装有限公司','北京市丰台区玉泉营桥西中科万邦大厦A座420#','新村',683),('北京冠华荣信系统工程股份有限公司','丰台区南四环西路188号三区7号楼','园区',684),('北京奕皓行艺商贸有限公司','北京市丰台区和义农场玉龙园配套房一号北京北方世贸综合批发市场叁层105、106、107号','和义',685),('维亚环球国际旅行社(北京)有限公司','北京市丰台区方庄南路15号楼5层2座616内203室','东铁营',686),('北京尚清碧源科技有限责任公司','北京市丰台区丰体南路1号院8号楼511室','卢沟桥',687),('新华文轩出版传媒股份有限公司北京办事处','北京市丰台区方庄芳群园三区3号楼8层808、809、810室','方庄',688),('北京四维益友软件有限公司','北京市丰台区莲花池西里11号院联华世纪写字楼506室','卢沟桥',689),('北京满格医药科技有限公司','北京市丰台区造甲街南里5号4A楼2层','新村',690),('北京中投经合信息技术有限公司','北京市丰台区南四环西路188号六区3号楼2层（园区）','园区',691),('北京泰德市政工程有限公司','北京市丰台区南四环西路188号总部基地三区17号楼','园区',692),('北京咏威教育科技有限公司','北京市丰台区南四环西路188号五区13号楼4层143号','园区',693),('北京正阳基业科技有限公司','北京市丰台区西四环南路72号宏科商务中心5层501','丰台',694),('北京市丰台区源头爱好者环境研究所','北京市丰台区丰管路3号院3号楼1501','丰台',695),('北京市丰台区综合投资公司','北京市丰台区西四环南路55号院7号楼','卢沟桥',696),('中国通信建设集团设计院有限公司','北京市丰台区南方庄甲56号','东铁营',697),('北京世纪韦尔空调设备有限公司','北京市丰台区西四环南路63号院54号楼','丰台',698),('北京天驰易联科技有限公司','北京市丰台区开阳里三区1-2-1002(甘家口街道社保所）','右安门',699),('北京盛禾川管理咨询有限公司','北京市丰台区汽车博物馆东路盈坤世纪G座1301','园区',700),('北京鑫姿时尚模特衣架有限公司','丰台区大瓦窑305号106室','卢沟桥',701),('北京丰缘诚医疗器材有限责任公司','北京市丰台区丰北路鼎恒中心19H','卢沟桥',702),('北京同创丰彩广告制作有限公司','北京市丰台区分钟寺建材南街南32号','南苑',703),('北京铁建工程监理有限公司','丰台区莲花池东路120-1号3510','太平桥',704),('北京汽车研究所有限公司','北京市方庄南路9号院','东铁营',705),('中建一局集团物流有限公司','北京市丰台区西四环南路52号甲8号楼','卢沟桥',706),('北京山河泰隆消防设备有限公司','北京市丰台区京开路临15号','花乡',707),('北京中润达工程咨询有限公司','丰台区宋家庄交通枢纽四层三区','东铁营',708),('北京欣晨汽车维修服务有限公司','北京市丰台区东管头前街76号院','卢沟桥',709),('北京甘怡阁宾馆有限公司','北京市丰台东大街23号','丰台',710),('北京合众号食品科技有限公司','北京市丰台区南四环西路188号十八区15号楼1至3层101（园区）','园区',711),('北京源广智达科技有限公司','北京市丰台区南站路供销弘泰大厦3层305室','丰台',712),('北京永晟百川物流有限公司','北京市丰台区鸿业兴园二区1号楼305','新村',713),('北京航天万源物业管理有限公司','北京市丰台区万源路桃源里21栋','东高地',714),('北京锐智维度网络科技有限公司','北京市丰台区大红门桥东53号J2-133室','大红门',715),('北京云创讯通科技有限公司','北京市丰台区诺德中心二期6号楼802','园区',716),('北京安隆泰医药科技有限公司','北京市丰台区阅园一区7号楼20层2303','卢沟桥',717),('北京碳世纪科技有限公司','北京市丰台区南四环西路188号五区16号楼2层','园区',718),('北京婚纱总动员文化传播有限公司','北京市丰台区方庄南路2号7层2单元710','东铁营',719),('北京恒登鸿运商贸有限公司','北京市丰台区南三环中路68号10层1004','大红门',720),('北京战信同普科技有限责任公司','北京市丰台区科技园富丰路4号4幢03A01','园区',721),('北京慈孝宫餐饮管理有限公司','丰台区南苑北里2区11号','和义',722),('北京四季瑞祥汽车技术服务中心','北京市丰台区梅市口路121号','卢沟桥',723),('北京天行健泰食品商贸有限公司','北京市丰台区新发地168号北京农产品中央批发市场南区51004号','花乡',724),('北京中苑瑞丽超市有限公司','北京市丰台区马家堡角门南路50号内1号','马家堡',725),('北京万龙振华国际物流有限公司','北京市丰台区南三环东路23号1号楼4层405','方庄',726),('北京创意生活经贸有限责任公司','北京市丰台区南方庄1号院安富大厦1501室','东铁营',727),('北京华普泰科技发展有限公司','丰台区丰台北路甲45号鼎恒新星15G','卢沟桥',728),('良一（北京）科技有限公司','北京市丰台区丰葆路168号北京国际花园西门198-1号楼兰底商','花乡',729),('北京市时代美业科技有限责任公司','北京市丰台区三顷地南里24号','卢沟桥',730),('北京美嘉瑞美科技有限公司','北京市丰台区紫芳园四区三号楼一层1-12号','方庄',731),('北京网景伟业科技发展有限公司','丰台区草桥欣园四区四号楼8-7-1室','新村',732),('北京思都普国际商贸有限公司','北京市丰台区马家堡东路108号院。远洋自然5-1-201','大红门',733),('宝获利商用设备（北京）有限公司','北京市丰台区西三环南路14号院首科大厦A座816室','太平桥',734),('北京铁道工程机电技术研究所有限公司','北京市丰台区南四环西路188号一区5号楼（园区）','园区',735),('北京椿萱生物科技有限公司','北京市丰台区方庄芳古园一区28号楼通润商务会馆A段三层','方庄',736),('北京吉芬时装设计股份有限公司','北京市丰台区方庄芳城园一区龙珠公寓工A座1510','方庄',737),('北京长京行汽车销售服务有限公司','北京市丰台区南三环西路35号','新村',738),('北京道丰总部基地物业管理有限公司','北京市丰台区南四环西路188号总部基地5区3号楼','园区',739),('北京顺佳国泰清洗保洁服务有限公司','北京市丰台区丰台镇富丰路2号19号1322室','园区',740),('北京雀科科技有限公司','北京市丰台区南四环中路公益西桥北城南大道2座1213','南苑',741),('北京润怡琳服装服饰有限公司','北京市丰台区宋庄路顺三条21号嘉业大厦二期1号楼509','东铁营',742),('北京市曙晨工程建设监理有限责任公司','丰台区程庄子68号','卢沟桥',743),('北京科华华旭科技有限公司','北京市丰台区万柳桥宝隆大厦2-1005','新村',744),('北京雨华波腾贸易有限公司','北京市丰台区芳群园四区22号楼二层201内05','方庄',745),('北京青鸟装饰有限公司','北京市丰台区花乡银地家园4幢1单元601号','新村',746),('汉力控股有限公司','北京市丰台区总部基地十区12号汉力大厦','园区',747),('北京天亿鑫服装厂','北京市丰台区南苑红房子五爱屯东街18号','南苑',748),('北京市出水芙蓉服装服饰厂','北京市丰台区丽泽雅园5号楼302室','太平桥',749),('北京擎宇物业管理有限责任公司','北京市丰台区宋庄路71号院扑满山1号楼703室','东铁营',750),('北京广佳建筑装饰股份有限公司','北京市丰台区丰桥路七号院8号楼301','新村',751),('北京华源亿泊停车管理有限公司','丰台区丰台北路甲73号','卢沟桥',752),('北京普路同精密设备有限公司','北京市丰台区科学城星火路10号1号楼4层C35室（园区）','园区',753),('北京中鼎恒业科技股份有限公司','北京市丰台区海鹰路1号院1号楼9层903','园区',754),('江河机电装备工程有限公司','北京市丰台区海鹰路1号院7号楼10层1001室（园区）','园区',755),('北京鼎兴泰科网络科技有限公司','北京市丰台区南三环中路小铁营10号302室','东铁营',756),('北京城乡建设集团有限责任公司基础设施工程总承包部','北京市丰台区永外苇子坑183号','太平桥',757),('北京智恒通达商贸有限公司','丰台区南四环西路188号总部基地12区48楼3层','园区',758),('北京金泰房地产开发有限责任公司','北京市丰台区丽泽路5号金泰地产大厦十层','太平桥',759),('北京时代华语国际传媒股份有限公司','丰台区富丰路4号工商联科技大厦B座3层','园区',760),('北京天地腾祥商贸有限公司','北京市丰台区西四环中路136号京丰岳各庄农副产品批发市场中心商业街4号','卢沟桥',761),('北京开兴义物业管理有限责任公司','丰台区南苑新华里二号院','南苑',762),('北京锦织名尚纺织有限公司','北京市丰台区南四环西路186号一区1号楼1层1290（园区）','园区',763),('北京中科农业发展有限公司','北京市丰台区马家堡东路106号远洋自然大厦1018室','大红门',764),('北京宏达医疗设备有限公司','北京市丰台区广安路9号院5号楼412-415号','太平桥',765),('北京英翊视觉文化创意有限公司','北京市丰台区南窑村3号9号楼A0278','东铁营',766),('北京信德佳业医疗器械有限公司','北京市丰台区丰台北路甲45号鼎恒中心16G','卢沟桥',767),('京蓝能科技术有限公司','北京市丰台区广安路9号国投财富广场5号楼12层1211室','太平桥',768),('北京鑫利白云桶装水销售中心','北京市丰台区西局西街','卢沟桥',769),('北京莱博菲尔科技有限公司','北京市丰台区西四环南路56号望园大厦711房间','卢沟桥',770),('北京万方明达线缆有限公司','北京市丰台区大井东里9号楼一层','卢沟桥',771),('北京云联意网络科技有限公司','北京市丰台区总部基地一区一号楼ABP大厦A座8层','园区',772),('北京聚利和餐饮管理有限公司','北京市丰台区万丰路316号万开中心B座三层','卢沟桥',773),('北京意中意教育装备有限公司','北京市丰台区西四环南路46号国润商务大厦A703','卢沟桥',774),('北京奥龙建筑安装工程有限公司','北京市丰台区南四环西路59号','花乡',775),('北京天宫盛兴针织品厂','北京市丰台区紫芳园六区六号楼三层人事部','方庄',776),('北京东罗园投资管理公司','北京市丰台区永外东罗园54号','大红门',777),('北京卓玛缘泉商贸有限公司','北京市丰台区花乡纪家庙村188号2-D-235','花乡',778),('北京晨旭伟业技术有限公司','北京市丰台区百强大道10号楼13层2单元1301','园区',779),('北京德兴建筑安装有限公司','北京市丰台区贾家花园15号院7号楼2A15','东铁营',780),('富贵鸟(福建)鞋服有限公司北京营销管理分公司','北京市丰台区宋家庄路苇子坑1 号北厂8幢8538室','东铁营',781),('北京瀚元伟业商贸有限公司','北京市丰台区大成路6号院1号楼2613室','卢沟桥',782),('国营北京市卢沟桥农场','北京市丰台区小屯路103号','卢沟桥',783),('北京万博达建筑劳务有限公司','北京市丰台区和光里4号楼1单元604室','卢沟桥',784),('北京华坛中西医结合医院','北京市丰台区育菲园东里4号','新村',785),('北京铁路局物资供应段','北京市丰台区造甲街5号','新村',786),('北京丰泽信和房地产经纪有限责任公司','北京市丰台区西三环南路14号院1号楼9层925','太平桥',787),('北京远卓科技有限责任公司','北京市丰台区西客站南广场亚视大厦1402','太平桥',788),('北京英瀚环保设备有限公司','北京市南三环东路27号丰台区方群公寓C-504室','方庄',789),('北京国瑞印刷有限公司','北京市丰台区马家堡122号','西罗园',790),('北京音韵之家文化艺术中心有限责任公司','北京市丰台区帝京路1号院36号楼1至3层','园区',791),('北京艾鲜乳品销售有限责任公司','北京市丰台区大红门南顶路6号月盛斋院内（现代牧业）','大红门',792),('北京冠京饭店有限责任公司','丰台区丰北路甲79号','卢沟桥',793),('际华集团股份有限公司','北京市丰台区南四环西路188号15区6号楼','园区',794),('北京浩诚优品科技有限公司','北京市丰台区大成路25号3层3028室','卢沟桥',795),('北京山发进出口有限公司','北京市丰台区太平桥路15号6层6018','太平桥',796),('北京华科葆台体育俱乐部有限公司','北京市丰台区葆台北路3号高尔夫球场','花乡',797),('北京东华盛康暖通设备有限公司','北京市丰台区丰桥路8号院甲15号1层25','新村',798),('山东中安科技股份有限公司北京分公司','北京市丰台区富丰路4号18层18B03号','园区',799),('北京建贸物业管理有限公司','丰台区西四环中路75号','卢沟桥',800),('北京金果伟业国际贸易有限公司','北京丰台区方庄住宅区芳群园4区22号1幢二层218室','方庄',801),('北京天创伟业投资公司','丰台区六里桥南里甲5号','方庄',802),('东鹏瀚马（北京）投资有限公司','北京市丰台区太平桥小区8号楼甲1号2幢302','太平桥',803),('智善医联（北京）医疗管理咨询有限公司','北京市丰台区南四环西路128号院4号楼12层1515-1516（园区）','园区',804),('北京闽荣春建材有限公司','北京市丰台区五里店59号','卢沟桥',805),('北京江申寰宇科贸有限公司','北京市丰台区丰台南路116号1幢02号','新村',806),('北京燃烽医药有限责任公司','北京市丰台区六里桥8号院4号楼三层','卢沟桥',807),('北京中电太石电气工程有限公司','北京市丰台区张仪村甲73号北院','卢沟桥',808),('北京市丰台区水务局（公疗）','北京市丰台区丰台镇东安街三条6号','丰台',809),('北京市丰台区花乡农业服务中心','北京市丰台区花乡育菲园东里13号院','新村',810),('北京中医药大学东方医院','北京市丰台区方庄芳星园一区六号','方庄',811),('北京市丰台区循环经济产业园管理中心(公疗)','北京市丰台区北天堂村420号','宛平',812),('北京师范大学第四附属中学（公疗）','北京市丰台区右外大街翠林小区22号','右安门',813),('北京丰台医院（公疗）','北京市丰台区丰台镇西安街1号','丰台',814),('北京市丰台区发展和改革委员会（公疗）','丰台文体路2号','丰台',815),('首都师范大学附属云岗中学（公疗）','北京市丰台区云岗北区东里一号','云岗',816),('中国肉类食品综合研究中心','丰台区永外洋桥70号','西罗园',817),('北京市曲剧团','北京市丰台区海户西里30号综合楼','西罗园',818),('北京市丰台区职业教育中心学校（公疗）','北京市丰台区方庄芳古园二区9号','方庄',819),('北京市丰台区新村社区卫生服务中心（公疗）','北京市丰台区首经贸北路8号4号楼','新村',820),('北京市丰台区中小企业服务中心（公疗）','北京市丰台区文体路2号','丰台',821),('北京市丰台区环境卫生服务中心云岗环卫所','北京市丰台区王佐镇佃起云岗路212号','云岗',822),('北京市水产科学研究所（公疗）','丰台区洋桥角门路18号','马家堡',823),('北京丽泽金融商务区开发建设指挥部办公室（公疗）','北京市丰台区东管头前街207号','卢沟桥',824),('北京市丰台区房屋经营管理中心南苑分中心','丰台区南苑西宏苑小区15号楼','南苑',825),('北京市丰台体育中心管理处','北京市丰台区西四环南路55号','卢沟桥',826),('北京市吉望律师事务所','北京市丰台区城南嘉园益城园16号楼12层2-1207','马家堡',827),('北京市右安门外国语学校（公疗）','北京市丰台区右安门外西三条4号','右安门',828),('北京市规划委员会丰台分局（公疗）','丰台区七里庄路十八号','丰台',829),('北京市丰台区红十字会（公疗）','北京市丰台区东安街3条6号','丰台',830),('北京市丰台区国土资源执法监察队（公疗）','北京市丰台区丰台北路127号','卢沟桥',831),('北京市丰台区花城幼儿园','丰台区万年花城玫瑰园12号楼','新村',832),('北京市法学会（公疗）','北京市丰台区成寿寺四方景园一区六号','东铁营',833),('北京市丰台区军队离退休干部综合服务管理所（公疗）','北京市丰台区丰体南路1号院9号楼','卢沟桥',834),('中国航天科工飞航技术研究院动力供应站','北京市丰台区云岗西路7号','云岗',835),('北京市丰台区南苑医院','北京市丰台区南苑公所胡同5号','南苑',836),('北京市丰台区西罗园幼儿园','北京市丰台区洋桥北里32号','西罗园',837),('中国航天科工飞航技术研究院','北京市丰台区云岗北区西里一号院','云岗',838),('北京市丰台区方庄第六幼儿园（公疗）','北京市丰台区方庄芳星园三区28号楼','方庄',839),('北京市京开律师事务所','北京市丰台区南三环东路6号嘉业大厦B座1906','东铁营',840),('北京市残疾人联合会财务结算中心(公疗)','丰台区右安门外玉林里62号','右安门',841),('北京市建设工程安全质量监督总站（公疗）','丰台区西三环南路甲17号','卢沟桥',842),('北京市丰台区图书馆','北京丰台区西四环南路64号','丰台',843),('北京市东城区军队离退休干部方庄休养所','北京市丰台区芳星园二区甲3号院2楼106','方庄',844),('北京市丰台区长辛店镇农业服务中心','丰台区长辛店大街南关东里109号','长辛店镇',845),('北京市红十字会宣传信息中心','北京市丰台区六里桥南里甲九号首发大厦C座','卢沟桥',846),('北京市丰台区机构编制委员会办公室（公疗）','北京市丰台区文体路2号','丰台',847),('北京市金韬律师事务所','北京丰台区方庄时代紫芳园3区1号楼2单元1401室','方庄',848),('北京市丰台区王佐镇农业服务中心（公疗）','丰台区王佐镇长青路99号','王佐',849),('北京市丰台区东铁匠营第二中学（公疗）','丰台区石榴园北里四号','大红门',850),('北京市久敬庄接济服务中心（公疗）','北京市丰台区永外久敬庄窑窝村41号','和义',851),('中国航天标准化研究所','北京市丰台区小屯路89号人力资源部','卢沟桥',852),('北京市丰台区旅游发展委员会（公疗）','北京市丰台区东安街三条六号','丰台',853),('北京市丰台区卢沟桥乡人民政府','丰台区丰北路77号','卢沟桥',854),('北京市丰台区人民检察院','北京市丰台区丰台近园路13号','丰台',855),('北京市国防动员委员会交通战备办公室','北京市丰台区六里桥南里甲9号C座11层','卢沟桥',856),('中国戏曲学院','丰台区万泉寺400号','太平桥',857),('北京市丰台区芳群园第一小学（公疗）','北京市丰台区方庄芳群园一区14#楼','方庄',858),('北京市丰台区土地利用事务中心（公疗）','北京市丰台区丰台北路127号','卢沟桥',859),('北京市丰台区丰台第二中学（公疗）','北京市丰台区丰台镇东安街头条3号','丰台',860),('中共北京市丰台区委北京市丰台区人民政府信访办公室（公疗）','北京市丰台区丰台文体路2号','丰台',861),('北京市丰台区南苑中学（公疗）','北京市丰台区南苑西路一号','南苑',862),('北京市丰台区人防工程管理所（公疗）','丰台区西四环南路64-2号','丰台',863),('北京市丰台区人民政府军队离休退休干部安置办公室（公疗）','北京市丰台区丰体南路1号院9号楼306','卢沟桥',864),('北京市丰台区文化馆（公疗）','北京市丰台区西四环南路64号','丰台',865),('北京市丰台区花城幼儿园（公疗）','北京市丰台区芳菲路88号院12号楼','新村',866),('北京市丰台区宛平幼儿园','丰台区晓月苑垂虹街三号','宛平',867),('北京市丰台区房屋经营管理中心','北京市丰台区文体路13号','丰台',868),('首都医科大学附属卫生学校','北京市丰台区花乡张家路口107号','新村',869),('北京市丰台区师范学校附属小学','北京市丰台区文体路30号','丰台',870),('北京市丰台区看丹小学（公疗）','丰台区建新路36号','花乡',871),('北京市丰台区环境卫生服务中心（公疗）','北京市丰台区丰台镇第一胡同1号','丰台',872),('北京丰台医院','北京丰台西安街1号','丰台',873),('北京市丰台区长辛店镇社区卫生服务中心（公疗）','北京市丰台区长辛店镇射击场路23号','长辛店镇',874),('北京世嘉衡信科技有限公司','北京市丰台区南三环西路91号院1号楼10层1单元1115室','新村',875),('北京市丰台区劳动人事争议仲裁院（公疗）','北京市丰台区万柳桥甲3号院','新村',876),('河北省人民政府驻北京办事处','北京市丰台区莲花池南路1号世纪莲花酒店','太平桥',877),('北京市丰台区扶轮小学','北京市丰台区长辛店崔村一里7号','长辛店',878),('北京市京安机动车检测有限责任公司','北京市丰台区赵辛店83号','长辛店',879),('北京隆轩橡塑有限公司','北京市丰台区张郭庄3号','长辛店',880),('北京市丰台区卢沟桥乡人民政府（公疗）','北京市丰台区丰北路77号','卢沟桥乡',881),('北京市丰台区如果幼儿园','丰台方庄芳星园二区11-1号院','方庄',882),('北京市残疾人康复服务指导中心（北京市聋儿康复中心）（公疗）','北京市丰台区丰台南路91号院1号楼','新村',883),('中国电子系统技术有限公司','北京市丰台区小屯路8号','卢沟桥',884),('北京老京华建筑公司','北京市丰台区永外高庄138号','南苑乡',885),('北京优泊科技有限公司','北京市丰台区方庄南路15号楼6层2座719','东铁营',886),('北京鸿运融侨商贸有限公司','北京市丰台区南三环西路91号院1号楼5层2单元608','新村',887),('北京中都泰和科技企业孵化器有限公司','北京市丰台区西四环南路35号','卢沟桥乡',888),('众缘盛通(北京)商贸有限公司','北京市丰台区西南郊肉类水产品市场二层175号','新村',889),('中国通信建设集团设计院有限公司','北京市丰台区南方庄甲56号','东铁营',890),('北京市丰台区水政监察大队','丰台区卢沟桥南里12号','丰台',891),('北京市西城区城市管理综合行政执法监察局北京西站地区分局','丰台区莲花池东路120-2号北恒大厦12层','外区',892),('北京市丰台区环境保护局','北京市丰台区七里庄路二十八号','丰台',893),('北京市丰台区南苑乡人民政府','北京市丰台区大红门南里11号楼','南苑乡',894),('北京市丰台区人民政府太平桥街道办事处（公疗）','北京市丰台区西客站南路41号','太平桥',895),('北京市丰台区科学技术协会（公疗）','北京市丰台区东安街三条六号','丰台',896),('北京强度环境研究所','北京市丰台区南大红门路1号','东高地',897),('中国食品报社','北京市丰台区太平桥东里5号楼中国食品报社','太平桥',898),('北京市体育局新闻中心','丰台区光彩北路10号体育局新闻中心','大红门',899),('北京市红十字会宣传信息中心','北京市丰台区六里桥南里甲九号首发大厦C座','卢沟桥',900),('北京市垃圾渣土管理处','北京市丰台区花乡马家楼204号','新村',901),('北京市东城区永定门外社区卫生服务中心','北京市丰台区蒲黄榆二里二号院','东铁营',902),('北京市佟麟阁中学','丰台区永外南顶村31号','大红门',903),('北京市丰台区实验幼儿园','丰台区方庄芳群园二区10号楼','方庄',904),('北京市丰台区蒲黄榆第二幼儿园','丰台区蒲黄榆蒲安里8号楼','东铁营',905),('北京市丰台区蒲黄榆第一幼儿园','丰台区蒲黄榆三里甲三号','东铁营',906),('北京市丰台区东铁匠营第一中学','丰台区永外蒲黄榆十二巷3号','东铁营',907),('北京市芳星园中学','北京市丰台区方庄小区芳城园三区10号','方庄',908),('北京市丰台区方庄社区卫生服务中心','丰台区方庄芳群园三区一号','方庄',909),('北京市第十二中学体育分校','丰台区丰台镇文体路32号','丰台',910),('北京市丰台区广播电视中心','丰台区西四环南路64号','丰台',911),('北京市丰台棒垒球运动学校','北京市丰台区西四环南路55号','卢沟桥',912),('北京市丰台区王佐镇水利管理服务站','丰台区王佐镇西王佐村北182号','王佐',913),('北京市丰台第八中学','丰台镇北大地西区一里16号楼','丰台',914),('北京市纺织服装职业技能培训学校','北京市丰台区黄土岗新发地潘家庙56号','花乡',915),('北京市海淀区实验小学丰台分校','北京市丰台区莲花池南里15号','太平桥',916),('北京市丰台区建设工程发包承包交易中心','北京市丰台区靛厂路12号','卢沟桥乡',917),('北京市丰台区卢沟桥社区卫生服务中心（公疗）','北京市丰台区晓月苑清音街1号','宛平',918),('北京市丰台区王佐镇社区卫生服务中心（公疗）','北京市丰台区王佐镇西王佐356号','王佐',919),('北京市丰台区培智中心学校（公疗）','丰台区南三环宋家庄路4号','东铁营',920),('北京市丰台中西医结合医院（公疗）','北京市丰台区长辛店东山坡三里甲60号','长辛店',921),('北京市丰台区青塔第二幼儿园（公疗）','青塔小区蔚园15号','卢沟桥',922),('北京市丰台区大红门第一小学（公疗）','北京市丰台区大红门西前街24号','大红门',923),('北京市丰台区西罗园第五小学（公疗）','北京市丰台区西罗园三区16号','西罗园',924),('北京市丰台区芳星园小学（公疗）','北京市丰台区方庄小区芳星园二区9号楼','方庄',925),('北京市丰台区和义学校（公疗）','北京市丰台区南苑北里三区12号','和义',926),('北京市水产科学研究所（公疗）','丰台区洋桥角门路18号','马家堡',927),('北京市丰台区特种设备检测所（公疗）','北京市丰台区周庄子212号','卢沟桥',928),('北京市丰台区育百德培训学校','丰台区西罗园二区甲七号院','西罗园',929),('北京市丰台区太阳花幼儿园','北京市丰台区马家堡东路168号院1号楼','大红门',930),('北京市丰台区环境卫生服务中心新村环卫所','北京市丰台区王佐镇刘太庄145号','王佐',931),('北京市丰台区防雷装置安全检测站','北京市丰台区小屯路170号','卢沟桥',932),('北京小学丰台万年花城分校（公疗）','北京市丰台区万年花城万芳园二区','新村',933),('北京市体育局信息中心（公疗）','北京市丰台区光彩北路10号','大红门',934),('中国煤炭地质总局建设工程培训中心','北京市丰台区西局南街甲15号','卢沟桥乡',935),('公安部户政管理研究中心','北京市丰台区南四环西路188号总部基地十区40-41号','园区',936),('北京临近空间飞行器系统工程研究所','北京市丰台区南大红门路1号','东高地',937),('北京市丰台区房屋经营管理中心','北京市丰台区丰台镇文体路13号','丰台',938),('北京市丰台区右安门翠林敬老院','北京市丰台区右安门外翠林二里9号楼','右安门',939),('北京市丰台区归国华侨联合会（公疗）','北京市丰台区丰北路75号','卢沟桥乡',940),('北京市丰台区土地利用事务中心（公疗）','北京市丰台区丰台北路127号','卢沟桥',941),('北京市应用法学研究中心（公疗）','北京市丰台区成寿寺四方景园1区6号','东铁营',942),('中国重型机械有限公司','北京市丰台区南四环西路186号汉威国际二区8号楼','园区',943),('中国技术进出口集团有限公司','北京市丰台区西三环中路90号','太平桥',944),('中国通信建设集团有限公司','丰台区南方庄甲56号','东铁营',945),('中国联合航空有限公司','北京市丰台区警备东路6号西区一号院','南苑',946),('中国建筑土木建设有限公司','北京市丰台区南四环西路188号总部基地16区12号楼','园区',947),('中国华电科工集团有限公司','丰台区汽车博物馆东路6号盈坤世纪A座1128','园区',948),('人民邮电出版社','北京市丰台区成寿寺路11号','东铁营',949),('中国建筑第二工程局有限公司','北京市丰台区汽车博物馆东路6号院E座','园区',950),('中国水产有限公司','北京市丰台区南四环西路188号18区19号楼','园区',951),('中铁六局集团丰桥桥梁有限公司','北京市丰台区葛家村西里1号','新村',952),('北京北方车辆集团有限公司','北京市丰台区长辛店朱家坟5里5号','长辛店',953),('北京城乡建设集团有限责任公司','北京市丰台区草桥东路8号院7号楼','马家堡',954),('北京公共交通控股（集团）有限公司','北京市丰台区莲花池西里29号','卢沟桥',955),('中国建筑一局(集团)有限公司','北京市丰台区西四环南路52号','卢沟桥',956),('中铁华铁工程设计集团有限公司','北京市丰台区丰台北路36号2层','丰台',957),('北京地铁车辆装备有限公司','北京市丰台区苇子坑23号','东铁营',958),('北京市第二建筑工程有限责任公司','丰台区小屯路16号','卢沟桥',959),('北京市市政二建设工程有限责任公司','丰台区青塔西里甲2号','卢沟桥',960),('中国新兴建筑工程有限责任公司','北京市东铁匠营顺8条9号','东铁营',961),('北京北国建筑工程有限责任公司','北京市丰台区临泓路37号院14号楼12层','马家堡',962),('北京天客隆集团有限责任公司','丰台区右安门外大街2号迦南大厦四层','右安门',963),('中国人民银行印制科学技术研究所','北京市丰台区丰台科学城中核路5号2号楼','园区',964),('北京动力源科技股份有限公司','丰台科学城星火路8号','园区',965),('北京万泉寺出租汽车有限公司','北京市丰台区万泉寺南里甲1号','卢沟桥乡',966),('北京花乡花木集团有限公司','北京市丰台区草桥欣园四区22号（奥运花卉配送中心）','花乡',967),('通号通信信息集团有限公司','北京市丰台区丰台路口139号318室','园区',968),('北京银建实业股份有限公司','北京市丰台区丰台镇西洪太庄路98号','新村',969),('中铁电气化局集团北京建筑工程有限公司','北京市丰台区靛厂路甲121号','卢沟桥',970),('北京全路通信信号研究设计院集团有限公司','北京市丰台科技园区汽车博物馆南路1号院','园区',971),('北京三兴汽车有限公司','北京市丰台区新村一里15号','新村',972),('北京东方新星石化工程股份有限公司','北京市丰台区南四环西路188号七区28号楼','园区',973),('北京矿冶科技集团有限公司','北京市丰台区南四环西路188号总部基地十八区23号楼','园区',974),('中铁十九局集团矿业投资有限公司','北京市丰台区风荷曲苑3号楼01-02商业','卢沟桥',975),('北京京铁商业服务有限公司','北京市丰台区广莲路13号北京京铁天佑酒店管理有限公司京铁饭店分公司7层','外区',976),('北京榆构有限公司','北京市丰台区人民村63号','花乡',977),('中建二局第三建筑工程有限公司','北京市丰台区海鹰路60号院30号楼','园区',978),('北京云星宇交通科技股份有限公司','北京市丰台区方庄芳星园二区4号高速大厦','方庄',979),('中车北京二七车辆有限公司','丰台区张郭庄甲一号','长辛店',980),('中车北京二七机车有限公司','北京市丰台区杨公庄1号','长辛店',981),('中国中铁股份有限公司工程建设分公司','北京市丰台区汽车博物馆南路3号院北京中铁大厦中铁投资711','园区',982),('北京市新发地农产品股份有限公司','北京市丰台区花乡京开高速路新发地桥西侧','花乡',983),('北京本浮旧机动车经纪有限公司','北京市丰台区南四环西路123号北京市旧机动车交易市场G区808号','花乡',984),('北京环丰世纪绿色能源科技有限公司','北京市丰台区老庄子乡北天堂村北','宛平',985),('北京家乐福商业有限公司马家堡店','北京市丰台区南三环西路16号1号楼地下一层地上一层','马家堡',986),('北京家乐福商业有限公司','北京丰台区方庄芳城园二区15号','方庄',987),('北京科园信海医药经营有限公司','北京市丰台区南四环西路186号四区汉威国际广场1号楼8-9层','园区',988),('北京金自天正智能控制股份有限公司','北京市丰台区科学城富丰路6号','园区',989),('中国通用技术（集团）控股有限责任公司','北京丰台区西三环中路90号通用技术大厦2504房间','太平桥',990),('中牧实业股份有限公司','丰台区南四环西路188号八区16－19号楼','园区',991),('中成进出口股份有限公司','北京市丰台区南四环西路188号二区8号楼','园区',992),('建研地基基础工程有限责任公司','北京市丰台区西四环南路88号211室','新村',993),('中色镍业有限公司','北京市丰台区西站南广场驻京办1号楼','太平桥',994),('中华书局有限公司','北京市丰台区太平桥西里38号','太平桥',995),('泛华建设集团有限公司','北京市丰台区南四环西路188号17区6号楼','园区',996),('北京市旧机动车交易市场有限公司','北京市丰台区南四环西路123号','花乡',997),('北京祥龙出租客运有限公司','丰台区南四环中路75号','大红门',998),('北京大方饭店有限责任公司','丰台区西客站南广场东侧大方饭店人事部','太平桥',999),('北京国泰建设集团有限公司','北京市丰台区双林东路1号院1号楼','卢沟桥乡',1000),('北京东方中远市政工程有限责任公司','北京市丰台区丰葆路世界公园北六圈南路55号','花乡',1001),('北京京丰制药集团有限公司','北京市丰台区科学城航丰路8号(园区)','园区',1002),('北京市轨道交通建设管理有限公司','丰台区公益西桥桥西650米（南四环中路北侧）轨道交通大厦','马家堡',1003),('北京美克家居用品有限公司','北京市丰台区西三环南路57号','卢沟桥乡',1004),('中铁工程设计咨询集团有限公司','北京市丰台区海鹰路总部国际19号楼东','园区',1005),('北京天健源达科技股份有限公司','北京市丰台区星火路1号昌宁大厦19层A','园区',1006),('北京时代民芯科技有限公司','北京市丰台区东高地四营门北路2号科研楼','东高地',1007),('北京金唐天润置业发展有限公司','北京市丰台区丰台北路18号院1号楼22层2201内2209室','卢沟桥乡',1008),('农信银资金清算中心有限责任公司','北京市丰台区海鹰路9号2号楼121室','园区',1009),('中国铁路北京局集团有限公司北京西站','北京市丰台区莲花池东路118号','太平桥',1010),('华电（北京）热电有限公司','丰台区西四环中路82号','卢沟桥',1011),('北京市保安服务总公司丰台分公司','北京市丰台区角门西里22楼','马家堡',1012),('北京首航艾启威节能技术股份有限公司','北京市丰台区南四环西路188号三区20号楼','园区',1013),('北京固废物流有限公司','丰台区草桥赵村店420号','新村',1014),('北京城市机扫服务有限公司','北京市丰台区南四环中路265号','新村',1015),('北京市轨道交通运营管理有限公司','北京市丰台区南四环西路188号7区3号楼','园区',1016),('北京云谷新城科技产业股份有限公司','北京市丰台区南方庄89号2号楼五层5004','东铁营',1017),('北京庄子工贸有限责任公司','北京市丰台区分钟寺倪庄16号（庄子公司）','东铁营',1018),('中建一局集团第三建筑有限公司','北京市丰台区西四环南路52号中建一局大厦1101室','卢沟桥',1019),('好孩子（中国）商贸有限公司北京分公司','北京市丰台区右安门外大街99号华商科技大厦407室','右安门',1020),('北京天超仓储超市有限责任公司','丰台区右安门外大街2号迦南大厦四层','右安门',1021),('北京诚利达人力资源管理有限公司','北京市丰台区东木樨园9号双城公寓B座1907G','东铁营',1022),('中建一局华江建设有限公司','北京市丰台区西四环南路52号中建一局大厦B座1611房间','卢沟桥',1023),('中国铁路北京局集团有限公司北京工务段','北京市丰台区洋桥西里40号','西罗园',1024),('北京城乡欣瑞建设有限公司','北京市丰台区右外大街幸福路4号院','右安门',1025),('北京实验工厂有限责任公司','丰台区南大红门路一号第十八研究所9200信箱','东高地',1026),('北京赛瑞斯国际工程咨询有限公司','北京市丰台区海鹰路六号院5号楼','园区',1027),('中鼎建（北京）建筑工程有限公司','北京市丰台区丰台镇游泳场北路9号71幢5层521室','丰台',1028),('北京中水物业管理有限公司','丰台区广外莲花池南里甲5号','太平桥',1029),('央广新媒体文化传媒（北京）有限公司','北京市丰台区南四环西路188号总部基地18区7号楼','园区',1030),('北京中劳鸿业人力资源管理有限公司','北京市丰台区右外开阳里四区6-5-103','右安门',1031),('北京奇妙佳儿童用品有限责任公司','北京市丰台区菜户营东街甲88号鹏润家园静苑B座102室','太平桥',1032),('北京华商远大电力建设有限公司','北京市丰台区科兴路3号','新村',1033),('北京美特斯邦威服饰有限公司','北京市丰台区南四环西路186号汉威国际广场一区一号楼东塔4-12室','园区',1034),('北京开诚工程技术有限责任公司','北京市丰台区造甲村南里5号2号楼','新村',1035),('四川长虹电器股份有限公司北京销售分公司','北京市丰台区南四环西路188号十八区26栋5层','园区',1036),('北京翡翠京华餐饮管理有限公司','北京市丰台区宋家庄路71号院1号楼1701室','东铁营',1037),('上海旗计智能科技有限公司北京分公司','北京市丰台区南三环西路16号3号楼1703、1705','方庄',1038),('北京京朝出租汽车有限公司（丰台）','丰台区方庄gogo新世代5-707','方庄',1039),('北京国信融通科技有限公司','北京市丰台区榴乡路88号院10号楼11层1101-09','南苑乡',1040),('北京首证投资顾问有限公司','北京市丰台区榴乡路88号院10号楼15层、16层','南苑乡',1041),('北京市特欣市政公用工程有限公司','北京市丰台区方庄紫芳园一区3号','方庄',1042),('北京味千餐饮管理有限公司','北京市丰台区宋家庄路71号院1号楼扑满山写字楼1705室','东铁营',1043),('中国铁路北京局集团有限公司北京车辆段','北京市丰台区岳家楼1号院','卢沟桥',1044),('北京公联安达停车管理有限公司','丰台区宋庄路宋家庄交通枢纽4层','东铁营',1045),('北京艾迪尔文创科技有限公司','北京市丰台区广安路9号院3号楼11层1106','太平桥',1046),('平安普惠投资咨询有限公司北京三元桥分公司','北京市丰台区丰台北路18号恒泰中心D座15层','卢沟桥乡',1047),('北京诚橙惠利人力资源管理有限公司','北京市丰台区方庄芳城园一区13号13-2幢二层金桥怡佳宾馆306室','方庄',1048),('北京鹏龙大道汽车销售服务有限公司','北京市丰台区南三环西路85号甲-1','花乡',1049),('北京东方财智投资咨询有限公司','北京市丰台区成寿寺路1号楼16层1601','东铁营',1050),('北京富盛视联图像系统运营服务有限公司','北京市丰台区南四环西路188号十区6号楼（园区）','园区',1051),('特变电工股份有限公司北京办事处','北京市丰台区南四环西路188号18区27号楼','园区',1052),('优品派客（北京）科技有限公司','北京市丰台区南三环西路16号2号楼8层905','马家堡',1053),('北京欧美思教育科技发展有限公司','北京市丰台区星火路1号1号楼3层Q301(园区)','园区',1054),('通号工程局集团有限公司北京分公司','北京市丰台区丰台南路101号4幢2层','丰台',1055),('北京金晨舒鑫投资管理有限公司','北京市丰台区西站南路丽泽雅园9号楼107','太平桥',1056),('中国铁路北京局集团有限公司北京高铁工务段','北京市丰台区西道口沙岗村4号','宛平',1057),('城市传奇篮球俱乐部（北京）有限公司','北京市丰台区贾家花园15号院7号楼F3-09','东铁营',1058),('东方英迪（北京）人力资源有限公司','北京市丰台区马家堡东路121号院6号楼10层1105','大红门',1059),('蓝月亮（中国）有限公司北京销售分公司','北京市丰台区南四环西路188号十六区18号楼14层1401-1','园区',1060),('中国铁路北京局集团有限公司丰台货运中心','北京市丰台区丰西北里362号','新村',1061),('北京盛和行人力资源管理有限公司','北京市丰台区菜户营58号13层1315','太平桥',1062),('北京中曌鸿诚建设工程有限公司','北京市丰台区纪家庙8号21号楼A112室','花乡',1063),('北京隧盾市政建设有限公司','北京市丰台区五里店北里一区4号楼708-1室','卢沟桥乡',1064),('中国铁路北京局集团有限公司北京货运中心','北京市丰台区南四环中路130号','马家堡',1065),('中铁建工集团路桥工程有限公司','北京市丰台区南四环西路188号十区11号楼(园区)','园区',1066),('中国铁路北京局集团有限公司北京西电务段','北京市丰台区建国街7号','丰台',1067),('海丰通航科技有限公司','北京市丰台区科学城星火路4号B座','园区',1068),('拓天伟业（北京）资产管理集团有限公司','北京市丰台区洋桥路12号综合业务楼8层8001','西罗园',1069),('北京习鼎阁资产管理有限公司','北京市丰台区南四环西路186号一区1号楼6层01-04单元(园区)','园区',1070),('东方美高美（北京）国际酒店有限公司','北京市丰台区山湖路9号','王佐',1071),('北京福祥云集投资管理有限公司','北京市丰台区五里店656号','卢沟桥',1072),('北京晶澳太阳能光伏科技有限公司','北京市丰台区汽车博物馆东路1号院4号楼南座701室','园区',1073),('北京普惠职道科技发展有限责任公司','北京市丰台区南四环西路188号六区二号楼二层','园区',1074),('中国法律图书有限公司','北京市丰台区莲花池西里7号309室','卢沟桥',1075),('北京电力工程有限公司','北京市丰台区南四环西路188号八区14号楼','园区',1076),('北京丰供送变电工程有限责任公司','北京市丰台区新发地(变电站院内)','新村',1077),('北京商务会馆有限公司','北京市丰台区右安门外玉林里1号','右安门',1078),('北京北方生物技术研究所有限公司','北京市丰台区潘家庙甲20号','花乡',1079),('北京丰台工程机械修造厂','北京市丰台区游泳场北路九号','丰台',1080),('北京丰瑞龙翔医药有限公司','北京市丰台区马连道乙40号','卢沟桥乡',1081),('北京市汇友出租汽车有限公司','北京市丰台区郭公庄一区20号楼201','花乡',1082),('北京金隅大成物业管理有限公司','北京市丰台区青塔西路1号南侧','东铁营',1083),('北京鑫泉科贸有限公司','北京市丰台区丰台科技园区3A地块工商联科技大厦A座1006室','园区',1084),('中国铁路北京局集团有限公司北京工电大修段','北京市丰台区北大街北里甲六号','丰台',1085),('中建一局集团装饰工程有限公司','北京市丰台区西四环南路52号','卢沟桥',1086),('北京榆构砂石有限公司','北京市丰台区榆树庄(铁路氧气厂南20米)','花乡',1087),('北京长征高科技有限公司','北京市丰台区科兴路7号210室','东高地',1088),('北京国电芳城能源工程有限公司','北京市丰台区石榴园北里42号楼2层1单元226','大红门',1089),('北京市四合庄兴鹏投资管理中心','北京市丰台区花乡纪家庙188号','新村',1090),('北京新宫昕源益达投资管理公司','北京市丰台区南苑西路68号','南苑乡',1091),('北京市丰房建筑工程有限公司','北京市丰台区大井村260号','卢沟桥',1092),('北京中阳盛锋投资管理公司','北京市丰台区万泉寺小区9号楼','卢沟桥乡',1093),('北京市卢沟桥农场有限公司','北京市丰台区小屯路103号','卢沟桥',1094),('北京东铁营工贸集团','北京市丰台区永外宋家庄路14号','南苑乡',1095),('北京盛世源达投资管理公司','北京市丰台区槐房村北','南苑乡',1096),('北京马家堡鑫华工贸集团','北京市丰台区马家堡东路71号','西罗园',1097),('北京鑫福海工贸集团','北京永外高庄138号','南苑乡',1098),('北京市侨园饭店','北京市丰台区开阳路6号','右安门',1099),('北京市嘉祥工贸公司','丰台区马家堡西路南甲1号','马家堡',1100),('北京东管头投资管理公司','北京市丰台区东管头村(益泽公园北侧50米)','卢沟桥乡',1101),('中国农业银行股份有限公司北京丰台支行','北京市丰台区东大街9号','丰台',1102),('中航天建设工程有限公司','北京市丰台区看丹路4号院甲6号','新村',1103),('北京草桥实业总公司','北京市丰台区南三环路玉泉营立交桥东南侧118号','花乡',1104),('首都航天机械有限公司','北京市丰台区34信箱20分箱','东高地',1105),('北京世界公园','丰台花乡大葆台158号','花乡',1106),('北京市万柳商城有限责任公司','北京市丰台区万柳园小区34号楼','新村',1107),('北京方庄物业管理有限责任公司','丰台区方庄小区芳群园二区12号楼','方庄',1108),('北京路明路灯电气安装有限公司','北京市丰台区方庄路2号','方庄',1109),('北京和平幕墙工程有限公司','北京市丰台区丰管路26号（奇瑞汽车院内）','丰台',1110),('北京市新港永豪水务工程有限公司','北京市丰台区长辛店镇园博园南路渡业大厦7层716B室','长辛店镇',1111),('北京中宏润禾种业有限公司','北京市丰台区张仪村路99号','卢沟桥乡',1112),('北京长城制药有限公司','北京市丰台区西四环南路63号院','丰台',1113),('北京市美业电器经营中心','北京市丰台区丰管路5号院盛鑫家园1号楼106','丰台',1114),('航天万源实业有限公司','北京市丰台区东高地万源西里36栋','东高地',1115),('北京星航机电装备有限公司','北京市丰台区云岗东王佐北路9号','云岗',1116),('北京农村商业银行股份有限公司卢沟桥支行','北京市丰台区丰体北路1号','卢沟桥',1117),('中铁通信信号勘测设计院有限公司','北京市丰台区科兴路7号610室','新村',1118),('北京市花乡白盆窑花卉中心','北京市丰台区白盆窑村6号','花乡',1119),('北京红黄蓝儿童教育科技发展有限公司','丰台区芳庄芳古园一区29号楼通润会馆4层','方庄',1120),('北京锦悦天城商贸有限公司','北京市丰台区槐房新村二期商业配套33号楼109室','南苑乡',1121),('内蒙古西贝餐饮集团有限公司丰台分公司','北京市丰台区六里桥北里10号商业综合楼','卢沟桥',1122),('北京连辉企业管理有限公司','北京市丰台区程庄路71号7幢306室','卢沟桥',1123),('北京鹏皓商贸有限公司','北京市丰台区玉泉营111号西边7幢509室','新村',1124),('润在百邦（北京）投资咨询有限公司','北京市丰台区南四环西路128号院4号楼12层1511-007','园区',1125),('北京东兴联永同昌投资管理有限公司西国贸大酒店','北京市丰台区丰管路16号8号楼','丰台',1126),('北京柏朗教育科技有限公司','北京市丰台区大成里秀园13号楼东侧楼三层(卢沟桥企业集中办公区)','卢沟桥',1127),('北京腾龙云海贸易有限公司','北京市丰台区京开路新发地桥西侧新发地农副产品批发市场综合大厅276号','花乡',1128),('北京金色葵花财务咨询有限公司','北京市丰台区广安路9号院1号楼4层417','太平桥',1129),('北京宁创鑫业信息咨询有限公司','北京市丰台区小屯路9号综合商业楼2号楼B8523室','卢沟桥乡',1130),('北京雨竹文轩文化传播有限公司','北京市丰台区丰台北路32号7幢313室','丰台',1131),('北京广源永盛人力资源管理咨询有限公司丰台分公司','丰台区西三环南路55号顺和国际财富中心三层B区322室','卢沟桥乡',1132),('北京博仁医院有限公司','北京市丰台区郑王坟南6号A、B、C座','花乡',1133),('普蕊斯(上海)医药科技开发股份有限公司北京分公司','北京市丰台区南四环西路188号一区2号楼16层1601-3','园区',1134),('北京义诚鸿达商务管理有限公司','北京市丰台区西四环南路88号赛欧科园A182室','丰台',1135),('天津港首农食品进出口贸易有限公司北京分公司','北京市丰台区草桥东路2号1幢','新村',1136),('北京一路捞互联网科技有限公司','北京市丰台区航丰路航丰路1号院2号楼2019室（园区）','园区',1137),('北京集美家居市场有限公司','北京市丰台区永外大红门西马场甲14号','大红门',1138),('国信优易数据有限公司','北京市丰台区丰台科技园一区ABP写字楼B座9层','园区',1139),('北京天创伟业投资管理有限公司丰台分公司','丰台区万丰路68号院银座和谐广场南楼8层','卢沟桥乡',1140),('北京和润通达工程管理有限公司','北京市丰台区程庄路20号院2号楼2层207室','丰台',1141),('北京中祥盛世商贸有限公司','北京市丰台区大成里秀园13号楼东侧楼三层(卢沟桥企业集中办公区)','卢沟桥',1142),('北京去买车旧机动车经纪有限公司','北京市丰台区南四环西路123号北京市旧机动车交易市场G220号','花乡',1143),('北京汇众恒泰商业管理有限公司','北京市丰台区丰北路18号院恒泰广场C栋二层','卢沟桥乡',1144),('深圳市建装业集团股份有限公司北京分公司','北京市丰台区南四环西路188号一区27号楼4层','园区',1145),('北京雅致日日升商贸有限公司','北京市丰台区南四环西路66-2号院08号','花乡',1146),('北京美得你装饰设计有限公司','北京市丰台区莲花池南里27号楼2层2100室','太平桥',1147),('北京美晨金科咨询有限公司','北京市丰台区造甲街110号15幢1067室','新村',1148),('北京郭公庄福盛泰恒商贸有限公司','北京市丰台区郭公庄1186号','花乡',1149),('北京郭公庄福瑞冠博咨询有限公司','北京市丰台区郭公庄1186号','花乡',1150),('北京鑫龙国珍文化艺术发展有限公司','北京市丰台区汽车博物馆东路1号院3号楼508室','园区',1151),('北京郭公庄福康恒泰信息服务有限公司','北京市丰台区郭公庄1186号','花乡',1152),('中国建筑第五工程局有限公司北京分公司','北京市丰台区科技园区汉威国际广场4区2号楼8m','园区',1153),('北京腾远迅达商贸有限公司','北京市丰台区南三环西路91号院1号楼109-40号','新村',1154),('菩明堂（北京）美容美体服务有限公司','北京市丰台区镇国寺北街8号院1号楼配套公建02-203','马家堡',1155),('北油电控燃油技术（北京）有限公司','北京市丰台区程庄路3号8号楼3层6-7室','卢沟桥',1156),('北京昌达思源科技发展有限公司','北京市丰台区南四环西路128号诺德中心1期3号楼2102室','园区',1157),('北京高鑫世纪购物广场有限公司','北京市丰台区高立庄村4','花乡',1158),('北京白盆窑天兴花卉投资中心','北京市丰台区白盆窑村68号','花乡',1159),('通号城市轨道交通技术有限公司','北京市丰台区汽车博物馆南路1号院D座11层','园区',1160),('北京华艺永成文化发展有限公司','北京市丰台区造甲街110号2号平房（新村企业集中办公区）','新村',1161),('国家金融信息中心有限责任公司','北京市丰台区西站南路168号1013室','太平桥',1162),('杭州丰来企业管理咨询有限公司北京分公司','北京市丰台区正阳大街127号5号楼5层B536室','丰台',1163),('北京杰士瑞达劳务服务有限公司','北京市丰台区方庄芳星园三区4号楼103室','方庄',1164),('华信中安（北京）保安服务有限公司','北京市丰台区郭庄子甲一号','卢沟桥乡',1165),('依文服饰股份有限公司','北京市丰台区总部基地三区1号','园区',1166),('北京北排建设有限公司','北京市丰台区梅市口路59号1幢101室','卢沟桥',1167),('北京万通大成技术有限公司','北京市丰台区樊羊路69号院2号楼3层334','新村',1168),('北京新兴保信建设工程有限公司','北京市丰台区永定门外宋家庄路22号一层','东铁营',1169),('北京腾博人力资源管理咨询有限公司','北京市丰台区新发地银地家园34-4-1501','新村',1170),('北京周黑鸭商贸有限公司','北京市丰台区马家堡西路15号2-307','马家堡',1171),('南储仓储管理集团有限公司北京分公司','北京市丰台区角门18号(枫竹苑一区)7-08','马家堡',1172),('北京易捷远通人力资源管理咨询有限公司','北京市丰台区菜户营58号1102室(太平桥企业集中办公区)','太平桥',1173),('北京值得买科技股份有限公司','北京市丰台区洋桥12号院3层至19层','西罗园',1174),('北京炫裴歌服饰有限公司','北京市丰台区宋庄路71号院3号楼14层1702','东铁营',1175),('北京奥图思为信息技术有限公司','北京市丰台区南四环西路188号总部基地六区16号楼11层','园区',1176),('诺伯乐服饰（北京）有限公司','北京市丰台区贾家花园15号院7号楼一层西侧(东铁匠营企业集中办公区)','东铁营',1177),('中车建设工程有限公司','北京市丰台区芳城园一区15号楼五层501、503','方庄',1178),('北京禧龙宾馆管理有限公司万丰路店','北京市丰台区万丰路526号南侧3-5号','卢沟桥乡',1179),('北京市渠道网络技术开发有限公司','北京市丰台区南四环西路188号十二区32号楼5层501室','园区',1180),('中证金牛（北京）投资咨询有限公司','北京市丰台区东管头1号2号楼2-45室','卢沟桥乡',1181),('北京星瀚辰泽商贸有限公司','北京市丰台区南四环西路128号院4号楼12层1511-021','园区',1182),('北京中电飞讯网络科技有限公司','北京市丰台区南四环西路128号院2号楼1515室(园区)','园区',1183),('北京中江建筑工程有限公司','北京市丰台区南苑新华路甲1号5幢011室','南苑',1184),('富盛科技股份有限公司','北京市丰台区南四环西路188号十区6号楼','园区',1185),('怡海达丰物业管理（北京）有限公司','北京市丰台区怡海路4号','新村',1186),('北京诚通新新建设有限公司','北京市丰台区青塔西路3号','卢沟桥',1187),('北京市古桥物业管理中心','北京市丰台区晓月苑垂虹街7号','宛平',1188),('北京星箭宇航技术研究所','北京市丰台区南苑东长街12号','南苑',1189),('北京雷音电子技术开发有限公司','北京市丰台区科学城海鹰路3号','园区',1190),('北京中润发汽车销售有限公司','北京市丰台区丽泽路99号','卢沟桥乡',1191),('北京首航国力商贸有限公司','北京市丰台区东高地南街7号','东高地',1192),('北京一商美洁商业有限公司','北京市丰台区右外东滨河路10号','右安门',1193),('北京市开元长泰建筑工程有限责任公司','北京市丰台区长辛店镇太子峪村长兴路1号','长辛店镇',1194),('北京北方华德尼奥普兰客车股份有限公司','丰台区朱家坟五里五号','长辛店',1195),('北京人天书店有限公司','北京市丰台区晓月中路15号院1号楼','宛平',1196),('北京金利祥商贸有限公司','北京市丰台区贾家花园15号院7号楼一层西侧(东铁匠营企业集中办公区)','东铁营',1197),('北京市菜户营科工贸集团','北京市丰台区菜户营363号','卢沟桥乡',1198),('北京普驰电气有限公司','北京市丰台区三营门(303所西门)','南苑乡',1199),('北京景新电气技术开发有限责任公司','北京市丰台区科学城星火路11号2幢01层B-101','园区',1200),('北京市新时特物业管理有限公司','丰台区草桥欣园三区1号楼','花乡',1201),('北京中消伟业安全技术工程有限公司','北京市丰台区南三环东路23号安泰小区1号楼4层04西段办公02','方庄',1202),('北京多维艾斯特国际工程技术有限公司','北京市丰台区南四环西路188号十六区14号楼202室(园区)','园区',1203),('北京圣文灵智文化有限公司','北京市丰台区芳群园三区11号楼626室','方庄',1204),('北京博瑞欣达企业管理咨询有限公司','北京市丰台区晓月苑四里6-2','宛平',1205),('北京铭怡园物业管理中心','北京市丰台区白盆窑村中（花乡驾校后50米）6号','花乡',1206),('中铁一局集团有限公司北京办事处','北京市丰台区西四环中路112号阅园一区6号楼1902','卢沟桥',1207),('北京华源信工程咨询有限公司','北京市丰台区马家堡路180号1006室','大红门',1208),('戎威远保安服务（北京）有限公司','北京市丰台区顶秀欣园东院3号','大红门',1209),('北京红黄蓝科技发展有限公司','北京市丰台区科学城航丰路8号1号楼268室','园区',1210),('北京创智锐捷科技有限公司','北京市丰台区太平桥路17号五层5075号','太平桥',1211),('北京万仕伟业卫生人力资源管理有限公司','北京市丰台区文体路7号院2-9幢','丰台',1212),('北京洛诗雅服装有限公司','北京市丰台区久敬佳园一区9号楼1层2单元102','和义',1213),('北京中天税通会计服务有限公司','北京市丰台区花乡樊家村甲2号1号楼1层2单元','新村',1214),('北京天成嘉易商贸中心','北京市丰台区蒲黄榆路46号通钢丽苑宾馆1105室','方庄',1215),('北京国泰瑞安消防工程有限公司','北京市丰台区丰台路口东里60号17号平房','卢沟桥',1216),('中信建投证券股份有限公司北京南大红门路证券营业部','北京市丰台区南大红门路15号梅源市场南段','东高地',1217),('知我天成科技（北京）股份有限公司','北京市丰台区顺三条21号1号楼301','东铁营',1218),('北京福瑞兴旺汽车销售有限公司','北京市丰台区丰管路16号1号楼1013室','卢沟桥乡',1219),('汉喜普泰（北京）医院投资管理有限公司','北京市丰台区南四环西路186号四区3号楼5层01、10、11、12单元(园区)','园区',1220),('北京腾宇瞬装饰工程有限公司','北京市丰台区首经贸中街6号2层201号金旺康康乐酒店204室','新村',1221),('北京兴成文缘电力设计有限公司','北京市丰台区新村一里15号53幢4层401号','新村',1222),('北京徽创劳务服务有限公司','北京市丰台区大瓦窑305号232室T-2室','卢沟桥乡',1223),('北京翔达投资管理有限公司翔达晋阳马西路饭庄分公司','北京市丰台区城南嘉园益嘉园5号楼','马家堡',1224),('北京宝泽行汽车销售服务有限公司','丰台区西三环南路59号','卢沟桥乡',1225),('交控科技股份有限公司','北京市丰台区科技园海鹰路6号院北京总部国际2、3号楼(园区)','园区',1226),('北京长峰医院股份有限公司','北京市丰台区大成路6号金隅大成时代2501室','卢沟桥',1227),('叁陆伍（北京）健康科技有限公司','北京市丰台区南四环西路188号二区9号楼4层409室','园区',1228),('北京长丰昌泰商贸有限责任公司','北京市丰台区丽泽雅园6号楼1504','太平桥',1229),('北京斯玳德工程技术有限公司','北京市丰台区郭公庄中街20号院3号楼12层1210','花乡',1230),('北京四环科宝制药有限公司','北京市丰台区科技园区海鹰路11号','园区',1231),('北京瑞祥佳艺建筑装饰工程有限公司','北京市丰台区宋家庄路苇子坑149北厂9幢二层2069','东铁营',1232),('北京圣非凡电子系统技术开发有限公司','北京市丰台区小屯路8号9号楼','卢沟桥',1233),('北京中海物业管理有限公司','北京市丰台区南四环西路128号诺德中心四号楼12层','园区',1234),('北京金奔腾汽车科技有限公司','北京市丰台区南四环西路188号总部基地11区32号楼','园区',1235),('北京华建恒工程建设监理有限公司','北京市丰台区科学城海鹰路9号综合楼9-132号5层501（园区）','园区',1236),('航天科工惯性技术有限公司','北京市丰台区云岗北里1号院航天三院103楼','云岗',1237),('北京金贝德国际教育投资管理有限公司','北京市丰台区和义东里一区一号院','和义',1238),('北京航天万源物业管理有限公司','北京市丰台区万源路桃源里21栋','东高地',1239),('北京市天兴文伟劳务派遣有限公司','北京市丰台区西局南街甲1号综合楼2005','卢沟桥乡',1240),('北京公联洁达公路养护工程有限公司','北京市丰台区科技园区外环西路26号院67号楼东单元','园区',1241),('北京鑫伯龙商贸有限公司','北京市丰台区西局西街298号','卢沟桥乡',1242),('北京辰森世纪科技股份有限公司','北京市丰台区科学城星火路10号A-130(园区)','园区',1243),('北京玉笔商贸有限公司','北京市丰台区草桥欣园三区2号楼一层101号','花乡',1244),('北京博奇电力科技有限公司','北京市丰台区西四环南路101号创新大厦3层3033号','新村',1245),('北京西南物流中心有限公司','丰台区段庄86号','花乡',1246),('北京博医康实验仪器有限公司','北京市丰台区张仪村甲11号','卢沟桥乡',1247),('北京新发地农副产品批发市场中心','北京市丰台区新发地','花乡',1248),('北京京丰物业管理有限责任公司','北京市丰台区文体路13号','丰台',1249),('北京美力马消防设备有限公司','北京市丰台区南四环西路188号5区18号楼(园区)','园区',1250),('中铁建工集团北京机械制造有限公司','北京市丰台区科学城恒富中街2号院1号楼5068室','新村',1251),('北京凯普林光电科技股份有限公司','北京市丰台区丰台科技园航丰路甲4号5层','园区',1252),('北京中认环宇技术开发有限公司','北京市丰台区南四环西路188号9区5号楼6层','园区',1253),('北京昌旭诚商贸有限公司','北京市丰台区新发地168号北京农产品中央批发市场北区93017号','新村',1254),('北京京百超不锈钢加工有限公司','北京市丰台区跃进村甲1号','东铁营',1255),('北京诚信桥劳动保障咨询服务有限责任公司','北京市丰台区丽泽雅园9号楼103室','太平桥',1256),('北京月盛斋清真食品有限公司','北京市丰台区南顶路6号','大红门',1257),('华润雪花啤酒（中国）有限公司北京销售分公司','北京市丰台区丰台北路18号院1号楼15层1503-1511室','新村',1258),('北京京港伟业人力资源服务有限公司','丰台区铁匠营顺一条8号建丰商务楼A座212室','东铁营',1259),('北京保德威服饰有限公司','北京丰台区方庄芳城园一区17号楼B303','方庄',1260),('北京汇京柯曼汽车贸易发展有限公司','北京市丰台区丰管路46号','丰台',1261),('北京山水君盟电子科技发展有限公司','北京市丰台区方庄芳群园三区甲9号楼3门502室','方庄',1262),('北京谊安医疗系统股份有限公司','北京市丰台区科学城航丰路4号三层','园区',1263),('北京公共交通控股（集团）有限公司第二保修分公司','北京市丰台区大红门六合庄2号','大红门',1264),('北京欧尚超市有限公司丰台店','北京市丰台区邻枫路1号','新村',1265),('北京太和八方文化发展有限公司','北京市丰台区成寿寺路75号','东铁营',1266),('北京科彩印业有限公司','北京市丰台区三路居100号','太平桥',1267),('北京金万众科技发展有限公司','北京市丰台区科学城航丰路8号科研楼306室(园区)','园区',1268),('北京石榴物业服务有限公司','北京市丰台区榴乡路88号院18号楼8层801-42','南苑乡',1269),('北京麦庆达斯营销策划有限公司','北京市丰台区方庄南路2号8层2单元805','东铁营',1270),('北京京卫卫生人力资源管理有限公司','丰台区华源一里甲1号A318','太平桥',1271),('北京亿潼隆连锁超市有限公司','北京市丰台区丰台路口甲215号','卢沟桥',1272),('北京石砚砚珠宝有限公司','北京市丰台区菜户营58号1102室(太平桥企业集中办公区)','太平桥',1273),('北京三全食品销售有限公司','北京市丰台区南四环西路186号汉威国际一区东塔1号楼4层407-408','园区',1274),('北京卓宏润酒店管理有限公司','北京市丰台区汽车博物馆东路6号院2号楼1层001-002、2层001-002、5-13层(园区)','园区',1275),('北京世纪君联科贸有限公司','北京市丰台区北京南站高架层东侧8-9风柱商铺','西罗园',1276),('北京天运达人力资源管理顾问有限责任公司','丰台区海鹰路9号金汤大厦二层3号','新村',1277),('北京燃烽医药有限责任公司','北京市丰台区六里桥8号院4号楼三层','卢沟桥',1278),('北京启丰汽车修理有限责任公司','北京市丰台区新发地潘家庙北街200号','花乡',1279),('北京好特热国际酒店管理有限公司','北京市丰台区方庄芳星园二区12号','方庄',1280),('美丽华企业（南京）有限公司北京分公司','北京市丰台区菜户营58号财富西环25A04','太平桥',1281),('北京同仁堂科技发展股份有限公司制药厂','北京南三环中路20号','东铁营',1282),('北京首带宝利工贸有限责任公司','北京市丰台区永外大红门西马场甲14号','大红门',1283),('中国铁路北京局集团有限公司北京南站','北京市丰台区北京南站北进口东侧F2办公楼3023','右安门',1284),('中国铁路北京局集团有限公司丰台西站','北京市丰台区丰西北里362号','新村',1285),('中国铁路北京局集团有限公司北京车务段','北京市丰台区正阳大街8号','丰台',1286),('中国铁路北京局集团有限公司北京西车务段','北京市丰台区卢沟桥乡小郭庄西路52号','宛平',1287),('中国铁路北京局集团有限公司丰台机务段','北京市丰台区长庚胡同18号','丰台',1288),('中国铁路北京局集团有限公司丰台车辆段','北京市丰台区建国街23号','丰台',1289),('中国铁路北京局集团有限公司丰台工务段','北京市丰台区正阳大街54号','丰台',1290),('中国铁路北京局集团有限公司物资供应段','北京市丰台区造甲街5号','新村',1291),('中国铁路北京局集团有限公司北京供电段','北京市丰台区金家村287号','卢沟桥',1292),('新兴际华（北京）应急救援科技有限公司','北京市丰台区大灰厂路88号','长辛店镇',1293),('北京西国贸大物业管理有限公司','北京市丰台区莲花河东侧路1号院2号楼','太平桥',1294),('北京金桥怡潼物业管理有限公司','北京市丰台区方庄芳城园二区6号楼6－103','方庄',1295),('中国工商银行股份有限公司北京丰台支行','北京市丰台区丰台镇文体路19号','丰台',1296),('北京祥龙博瑞汽车服务（集团）有限公司三分公司','丰台区蒲黄榆路48号','方庄',1297),('北京公共交通控股（集团）有限公司燃料供应分公司','丰台区马家堡甲66号','马家堡',1298),('中国工商银行股份有限公司北京方庄支行','北京市丰台区芳城园三区18号楼','方庄',1299),('北京名人视觉文化发展有限公司','北京市丰台区科技园富丰路4号6层06A05(园区)','园区',1300),('北京铁物机车配件厂','北京市丰台区西道口丰西变电所3号院','卢沟桥',1301),('北京金通千运不锈钢加工厂','北京市丰台区右外北甲地村村东(嘉园小区西50米)','马家堡',1302),('北京明辉伟业科贸有限公司','丰台区南苑镇槐房村559号（外贸仓库）','南苑乡',1303),('仁和药房网（北京）医药科技有限公司','北京丰台星火路9号2层','园区',1304),('北京玉英房屋拆迁服务有限责任公司','北京市丰台区靛厂村738号','卢沟桥乡',1305),('北京西贝莜面村餐饮有限责任公司','丰台六里桥10号院商业综合楼','卢沟桥',1306),('北京农村商业银行股份有限公司丰台支行','北京市丰台区西局南街101号','卢沟桥乡',1307),('北京京环绿丰环境管理有限公司','北京市丰台区北天堂村420号','宛平',1308),('北京智盟国际信息咨询有限公司','北京市丰台区马家堡西路36号院5号楼7层808','马家堡',1309),('东方航空技术有限公司南苑分公司','北京市丰台区警备东路6号H2-201(南苑机场航站区内)','南苑',1310),('北京共易科技有限公司','北京市丰台区顺三条21号1号楼205','东铁营',1311),('中移铁通有限公司北京分公司','北京市丰台区富丰路8号','园区',1312),('北京高鑫康泰大药房有限公司','北京市丰台区高立庄南路9号院18号楼','花乡',1313),('平安普惠投资咨询有限公司北京马连道分公司','北京市丰台区广安路9号院3号楼3层318室','太平桥',1314),('中核新能科技集团有限公司','北京市丰台区广安路9号院6号楼6层613','太平桥',1315),('北京方庄鸿顺商贸有限公司','北京市丰台区方庄南路9号院门面房外3号2门','东铁营',1316),('北京骐骥龙翔劳务服务中心','北京市丰台区造甲村113号0101','新村',1317),('北京嘉男服饰有限公司','北京市丰台区莲花池西里26号院9号楼1层1132','卢沟桥',1318),('北京国金金业文化发展有限责任公司','北京市丰台区马家堡西路36号院5号楼5层605','马家堡',1319),('北京万晨舒馨信息咨询有限公司','北京市丰台区长辛店乡赵辛店村333号','长辛店镇',1320),('北京精勉天酬科技有限公司','北京市丰台区纪家庙8号22号楼119房间','花乡',1321),('北京联合荣邦新能源科技有限公司','北京市丰台区广安路9号院5号楼9层901','太平桥',1322),('国圆企业管理（北京）有限公司','北京市丰台区南三环西路91号院1号楼8层1单元919','新村',1323),('北京同力华盛智能水务股份有限公司','北京市丰台区科学城富丰路6号3号楼1层141室','园区',1324),('北京君美科创企业管理有限公司','北京市丰台区万芳园二区3号楼1层101-074号','方庄',1325),('北京宏宇胜达物业管理中心','北京市丰台区西局玉园北区北侧50米','卢沟桥乡',1326),('北京德贤天伦食品有限公司','北京市丰台区长辛店杜家坎南路甲17号','长辛店镇',1327),('北京聚焦时光鲜牛肉火锅有限责任公司','北京市丰台区汽车博物馆东路6号院2号楼I单元1层002','园区',1328),('北京华望电力工程咨询有限公司','北京市丰台区南四环西路188号十一区41号楼5层507室(园区)','园区',1329),('北京金屋商务咨询有限公司','北京市丰台区丰科路6号院3号楼11层1101','园区',1330),('北京慧博亿丰人力资源服务有限公司','北京市丰台区丰台东路58号9层905','新村',1331),('北京看丹口腔医院有限公司','北京市丰台区西四环南路103号院5号楼1层101','新村',1332),('舟山市海丰通用航空服务有限公司北京分公司','北京市丰台区石榴园北里42号楼6层1单元611','大红门',1333),('湖南中车时代通信信号有限公司北京分公司','北京市丰台区南四环西路188号六区1号楼2层202','园区',1334),('北京航天华盛科贸发展有限公司丰台物业管理分公司','北京市丰台区海鹰路1号院1号楼305','园区',1335),('美城鸿业（北京）文化发展有限公司','北京市丰台区丰葆路23号一层101内01号','新村',1336),('中山市朗斯卫浴有限公司北京分公司','北京市丰台区大成路6号院1号楼21层2108','卢沟桥',1337),('北京聚师网教育科技有限公司','北京市丰台区南四环西路186号四区8号楼9层20室','园区',1338),('长兴绿泰生物科技有限公司北京分公司','北京市丰台区南四环西路186号三区4号楼5层06室','园区',1339),('北京大旺食品有限公司丰台分公司','北京市丰台区丰台镇富丰路2号星火科技大厦10层1005室','园区',1340),('北京伏尔特技术有限公司','北京市丰台区长辛店张郭庄9号','长辛店',1341),('北京众和人力企业管理顾问有限公司','北京市丰台区晓月苑五里六号楼四层435','宛平',1342),('北京华居天下网络技术有限公司','北京市丰台区郭公庄中街20号院A座','花乡',1343),('尤根牙科医疗科技（北京）有限公司','北京市丰台区小屯西路美域家园南区甲5号','卢沟桥',1344),('北京金隅混凝土有限公司','北京市丰台区卢沟桥城北路8号（金隅党校院内）','宛平',1345),('北京城建建设工程有限公司','丰台区卢沟桥路西五里店21号院','卢沟桥',1346),('北京新致君阳信息技术有限公司','北京市丰台区丰台北路18号院恒泰中心A座807','卢沟桥乡',1347),('北京中指讯博数据信息技术有限公司','北京市丰台区郭公庄中街20号院A座','花乡',1348),('北京中电飞华通信股份有限公司','北京市丰台区航丰路1号时代财富天地28层','园区',1349),('北京国电通网络技术有限公司','北京市丰台区航丰路1号时代财富天地28层','园区',1350),('北京城建九建设工程有限公司','北京市丰台区靛厂村水衙沟路121号','卢沟桥乡',1351),('北京中天银工程造价咨询事务所有限责任公司','北京市丰台区莲花池西里18号楼7层707B','卢沟桥',1352),('北京博望华科科技有限公司','北京市丰台区南四环西路188号总部基地17区3号楼（四季青街道）','园区',1353),('北京恒安卫士保安服务有限公司','北京市丰台区小屯西路111号院假日风景G1号楼116室','卢沟桥',1354),('北京搜房网络技术有限公司','北京市丰台区郭公庄中街20号院A座','花乡',1355),('北京搜房科技发展有限公司','北京市丰台区郭公庄中街20号院A座','花乡',1356),('北京同仁堂麦尔海生物技术有限公司','丰台区南三环中路20号','东铁营',1357),('北京歌华有线工程管理有限责任公司','丰台区南四环西路188号17区1号楼','园区',1358),('中国中铁股份有限公司东方国际建设分公司','北京市丰台区丰台北路36号','丰台',1359),('北京兴宇班尼路服装服饰有限公司','北京市丰台区宋庄路73号甲2号楼2A及C211','东铁营',1360),('北京华新电工设备有限公司','北京市丰台区海鹰路6号院28号楼','园区',1361),('北京顺天府商贸有限公司','丰台区东大街31号顺天府14分店3层人事部','丰台',1362),('北京市正一味快餐管理有限公司','北京市丰台区恒泰中心写字楼A座18层','卢沟桥乡',1363),('中建二局装饰工程有限公司','北京市丰台区总部国际海鹰路6号院31号楼8层','园区',1364),('北京银建新能源出租车有限公司','北京市丰台区西洪泰庄98号','新村',1365),('北京伯尔明建筑工程设计有限公司','北京市丰台区六里桥1号奈伦大厦15层','卢沟桥',1366),('北京地铁科技发展有限公司','北京市丰台区郭公庄南街17号','花乡',1367),('北京璞畅健康管理有限公司','北京市丰台区造甲街南里11号楼一层1138号','新村',1368),('北京首航优购商贸连锁有限公司','北京市丰台区东高地南街七号首航四层','东高地',1369),('北京新悦广发电力工程有限公司','北京市丰台区南苑西路237号（加油站往西100米，爱玛电动车对面）','南苑',1370),('中标集团总包建设有限公司','北京市丰台区西南三环万柳桥甲3号中标集团','新村',1371),('江苏省建工集团有限公司北京分公司','丰台区东大街29号嘉诚广场D座','丰台',1372),('北京国金管理咨询有限公司','北京市丰台区万丰路316号万开中心B座6层','卢沟桥乡',1373),('北京首创森美汽车贸易有限公司','北京市丰台区南四环中路142号','南苑乡',1374),('北京念奴娇服装服饰有限公司','北京市丰台区南三环东路23号天创盛方中心A-302','东铁营',1375),('北京今朝装饰设计有限公司','北京市丰台区东铁营顺一条8号南二楼','东铁营',1376),('锐飞健身器材（北京）有限公司','北京市北京经济技术开发区荣华中路5号院2号楼8层807','外区',1377),('北京凯恩帝自动化科技有限公司','北京市北京经济技术开发区科创十一街8号院1号楼1至4层101','外区',1378),('北京浪漫新时代服饰营销中心','北京市丰台区玉泉营111＃号中科万邦大厦A座420','新村',1379),('北京市丰台区房屋经营管理中心南苑分中心','丰台区南苑西宏苑小区15号楼','南苑',1380),('北京市丰台区房屋经营管理中心右安门外分中心','北京市丰台区右外大街6号右外大厦五层','右安门',1381),('北京教育科学研究院丰台第二实验小学','北京市丰台区石榴庄村','大红门',1382),('北京市丰台区丰台第六幼儿园','丰台区正阳小区7号楼','丰台',1383),('北京市丰台区师范学校附属小学','丰台区文体路30号','丰台',1384),('北京市丰台区阳春小学','北京市丰台区羊坊村111号','重复',1385),('北京市丰台第八中学附属小学（公疗）','北京市丰台区富锦嘉园小区内','新村',1386),('北京市丰台区建筑行业管理处（公疗）','北京市丰台区靛厂路12号','卢沟桥乡',1387),('首都医科大学附属小学','北京市丰台区右安门外东二条51号','右安门',1388),('北京市丰台区阳春小学（公疗）','北京市丰台区羊坊村111号','花乡',1389),('北京市规划委员会丰台分局（公疗）','丰台区七里庄路十八号','卢沟桥',1390),('北京市丰台区人民政府西罗园街道办事处（公疗）','丰台区洋桥北里小区9号楼','西罗园',1391),('北京市丰台区城乡居民最低生活保障事务中心（公疗）','北京市丰台区西站南路168号703室','太平桥',1392),('北京市丰台区长辛店第七小学（公疗）','北京市丰台区长辛店陈庄大街4号','长辛店',1393),('北京市丰台区职工大学（公疗）','北京市丰台区望园东里23号','卢沟桥',1394),('北京市丰台区环境卫生服务中心太平桥环卫所(公疗)','丰台区五里店284号','卢沟桥',1395),('北京市丰台区旅游服务中心（公疗）','北京市丰台区东安街3号','丰台',1396),('北京市丰台区精神病防治院（公疗）','北京市丰台区南苑公所胡同5号','南苑',1397),('北京市丰台区宛平城地区办事处社会保障事务所（公疗）','丰台区卢沟桥垂虹街7号','宛平',1398),('北京市丰台区土地储备所（公疗）','北京市丰台区周庄子212号','卢沟桥',1399),('北京市丰台区南苑街道办事处社会保障事务所（公疗）','丰台区南苑北马路18号','南苑',1400),('北京市丰台区体育科研所（公疗）','北京市丰台区西四环南路55号','卢沟桥',1401),('北京市丰台区人民政府东铁匠营街道办事处民政科（公疗）','丰台区定安东里甲11号','东铁营',1402),('北京市丰台区人民政府马家堡街道办事处民政科（公疗）','北京市丰台区嘉园三里17号楼','马家堡',1403),('北京市丰台区政务服务管理办公室（公疗）','北京市丰台区东管头1号院3号楼','卢沟桥',1404),('北京市食品药品监督管理局政务服务中心(公疗)','北京市丰台区西三环南路1号市政务服务中心','卢沟桥',1405),('北京易顺通汽车租赁有限公司','北京市丰台区南苑路106号5幢6号','和义',1406),('极蛇（北京）科技有限公司','北京市丰台区造甲街110号48幢2096室','新村',1407),('国科华创高技术产业服务中心（北京）有限公司','北京市丰台区广安路9号院1号楼14层1419','太平桥',1408),('浙富控股集团股份有限公司北京销售分公司','北京市丰台区广安路9号院2号楼16层1606','太平桥',1409),('北京华银科技集团有限公司','北京市丰台区杜家坎南路10号A座1-4层','长辛店镇',1410),('北京市丰台区四合庄小学','丰台区四合庄284号','花乡',1411),('北京市丰台区黄土岗中学（公疗）','北京市丰台区南四环西路16号','花乡',1412),('北京旌健广源生物科技有限公司','北京市丰台区花乡大葆台158号北京世界公园国际街H2-6','花乡',1413),('北京探索空间科技有限公司','','卢沟桥',1414),('北京市丰台区丰台第二幼儿园葆台园','北京市丰台区葆台中街欣葆家园','花乡',1415),('北京市丰台区环境卫生服务中心长辛店环卫所（公疗）','北京市丰台区长辛店合成公口8号','长辛店',1416),('北京市丰台区人民政府长辛店街道办事处民政科（公疗）','北京市丰台区长辛店公路街甲12号','长辛店',1417),('成都中科大旗软件有限公司北京分公司','北京市丰台区西三环南路201号院1号楼8层809','新村',1418),('北京市丰台区花乡农业服务中心','北京市丰台区育菲园东里13号','新村',1419),('北京七彩蓝天科技有限公司','北京市丰台区马家堡东路106号2号楼6层620','大红门',1420),('北京市丰台区东高地第一小学（公疗）','丰台区东高地斜街一号','东高地',1421),('北京市丰台区金融服务办公室（公疗）','北京市丰台区西站南路168号','太平桥',1422),('北京市丰台区劳动保障监察队（公疗）','北京西站南路168号','太平桥',1423),('北京隆兴达汽车配件有限公司','北京市丰台区丰管路16号1号楼2008','丰台',1424),('北京顺天府商贸有限公司第十四分店','北京市丰台区游泳场北路9号院','丰台',1425),('北京方庄购物中心股份有限公司','北京市丰台区蒲芳路24号','方庄',1426),('北京优力优国际展览有限公司','北京市丰台区顺三条21号嘉业大厦二期1号楼1103室','东铁营',1427),('北京小圆文化传播有限公司','北京市丰台区方庄南路2号24层2单元2716','东铁营',1428),('平安普惠信息服务有限公司北京丰台北路分公司','北京市丰台区丰台北路18号院1号楼4层408','卢沟桥乡',1429),('北京中宏润禾农业科技开发有限公司','北京市大兴区庞各庄镇东南次村村委会东100米','卢沟桥乡',1430),('北京博雅祥瑞建材服务中心','北京市丰台区西局西街300号北楼665','卢沟桥乡',1431),('北京丹信贸易有限公司','北京市丰台区西三环南路6号北京银都酒店805房间','卢沟桥乡',1432),('北京成寿寺金源商贸服务有限公司','北京市丰台区左安门外于家坟158号楼','南苑乡',1433),('北京新宫清洁有限公司','北京市丰台区南苑新宫村南苑西路68号','南苑乡',1434),('北京思亲园园艺有限公司','北京市丰台区郭公庄526号','花乡',1435),('北京市丰台区北宫国家森林公园管理处（公疗）','北京市丰台区长辛店镇大灰厂村北北宫','长辛店镇',1436),('北京诚通物流有限公司','北京市丰台区宋家庄路苇子坑149号北厂11幢1125','东铁营',1437),('北京鼎盛佳兴商贸有限公司','北京市丰台区蒲黄榆二里14号楼14-3幢1022室','东铁营',1438),('北京瑞杰辉企业管理有限公司','北京市丰台区马家堡路55号北京海捷写字楼327室','马家堡',1439),('北京市丰台区东铁营工人文化宫','丰台区永外东铁营横七条12号','东铁营',1440),('北京市怀乡出租汽车公司','北京市丰台区分钟寺清风园28号','东铁营',1441),('北京市蓝光出租汽车公司','北京市丰台区宋家庄政馨家园一区1楼一层6号','东铁营',1442),('北京市南厢物资经营公司','北京市丰台区东铁营顺六条9号','东铁营',1443),('北京市农业机械试验鉴定推广站（公疗）','北京市丰台区南方庄甲60号','东铁营',1444),('北京拓天陛图体育文化传媒有限公司','北京市丰台区南三环中路小铁营10号10幢四层04房间','东铁营',1445),('北京一鸣永盛商贸有限公司','北京市丰台区成寿寺路1号楼11层1119','东铁营',1446),('国网冀北招标有限公司','北京市丰台区安乐林路15号','东铁营',1447),('劳动午报社','北京市丰台区东铁营横七条12号','东铁营',1448),('北京从兴信息技术有限公司','北京市丰台区南四环西路188号二区9号楼9层A0903(园区)','园区',1449),('北京中认环宇信息安全技术有限公司','北京市丰台区南四环西路188号9区8号楼4层','园区',1450),('北京银地物业管理有限公司','北京市丰台区花乡银地家园8号楼1号','新村',1451),('北京万隆汇洋家居建材市场有限公司','北京市丰台区丰台路口甲215号','卢沟桥',1452),('北京市丰台区长辛店镇社区卫生服务中心','北京市丰台区射击场路23号','长辛店镇',1453),('北京方元恒安康复医学技术有限公司','北京市丰台区正阳大街67号1号楼二层205、206、207、208室','新村',1454),('北京嘉和顶新科贸有限公司丰台分公司','北京市丰台区造甲街南里5号院6号楼','新村',1455),('北京实茂花园酒店有限公司','北京市丰台区外环西路26号院1号楼地上6层、地下1层','新村',1456),('北京乡味餐饮管理有限责任公司','北京市丰台区樊阳路15号院','新村',1457),('北京市丰台区新村社区卫生服务中心（公疗）','北京市丰台区首经贸北路8号4号楼','新村',1458),('中关村科技园区丰台园科技创业服务中心（公疗）','丰台区丰台科兴路9号','新村',1459),('北京善佳口腔门诊部','北京丰台区马家堡嘉园三里明日商厦9号楼物业转底商127号北京善佳口腔门诊部','马家堡',1460),('北京时珍堂中西医结合医院','北京市丰台区花乡丰葆路花乡公园内','花乡',1461),('北京中进道达汽车有限公司','北京市丰台区南四环西路123号北京市旧机动车交易市场G区106号','花乡',1462),('北京三月雨文化传播有限责任公司','北京市丰台区园博大道园博园2号门欧洲馆1号楼','长辛店镇',1463),('北京中科汇仪环保科技有限公司','北京市丰台区角门18号枫竹苑二区1号楼14层1412','马家堡',1464),('北京东方朝盛空调制冷工程有限公司','北京市丰台区长兴路12号中体奥园3区8号楼105室','长辛店镇',1465),('北京市人民检察院第二分院（公疗）','丰台区紫芳路18号','方庄',1466),('北京龙河之源园林绿化有限责任公司','北京市丰台区南苑乡槐房村槐房北路德鑫嘉园办公楼1层2门','南苑乡',1467),('北京世纪天禄物业管理有限公司','北京市丰台区大井村大井桥南202号西侧一层','卢沟桥乡',1468),('北京市丰台区卢沟桥乡文化服务中心','北京市丰台区西四环南路31号','卢沟桥乡',1469),('北京玉泉兴业投资管理公司','北京市丰台区吴家村路9号玉泉兴业投资管理公司劳资办公室','卢沟桥乡',1470),('北京盛世达物业管理有限公司','北京市丰台区丰管路甲3号210号','卢沟桥乡',1471),('北京华顺电气安装工程有限责任公司','北京市丰台区西局西街282号','卢沟桥乡',1472),('北京玉泉物业管理中心','北京市丰台区吴家村路（兆丰园三区）','卢沟桥乡',1473),('北京金时名奕餐饮服务有限公司','北京市丰台区卢沟桥乡小井村1936号','卢沟桥乡',1474),('北京正成市政工程有限责任公司','丰台区西三环南路57号4层405室','卢沟桥乡',1475),('北京梦想着陆广告有限公司','北京市丰台区东管头1号','卢沟桥乡',1476),('国际商报（北京）文化传媒有限公司','丰台区方庄芳星园三区14号楼','方庄',1477),('北京印刷集团有限责任公司印刷一厂','北京市丰台区马家堡路69号','马家堡',1478),('北京华兴安捷机电工程有限公司','北京市丰台区纪家庙8号21号楼626号','花乡',1479),('北京戴纳实验科技有限公司','北京市丰台区南四环西路188号院十区28号楼4层','园区',1480),('北京健之路电子商务有限公司','北京是丰台区南方庄1号院2号楼1608室','东铁营',1481),('北京和福食品有限公司','北京市丰台区方庄南路2号2门2010','东铁营',1482),('北京宏达广源劳动服务有限公司','丰台区南三环东路嘉业大厦B座2406室','东铁营',1483),('北京华祺科技有限公司','北京市丰台区成寿寺路1号楼16层1609','东铁营',1484),('北京市第十八中学左安门分校（公疗）','丰台区四方景园5区9号楼','东铁营',1485),('北京市丰台区蒲黄榆社区卫生服务中心','北京市丰台区蒲安西里16号','东铁营',1486),('北京新菱恒信机电设备有限公司','北京市丰台区南三环东路6号嘉业大厦B座504','东铁营',1487),('北京医药集团职工大学（公疗）','北京市丰台区苇子坑148号','东铁营',1488),('北京中润达工程咨询有限公司','丰台区宋家庄交通枢纽四层三区','东铁营',1489),('北京中御祥餐饮管理有限公司','北京市丰台区刘家窑小区蒲安里程4号109','东铁营',1490),('北京存房房地产经纪有限公司','北京市丰台区郭公庄中街20号院A座','花乡',1491),('北京丽满万家网络技术有限公司','北京市丰台区郭公庄中街20号院A座','花乡',1492),('北京资和信百货商场有限公司','北京市丰台区西四环南路1号','新村',1493),('北京市丰台区花乡人民政府（社员干部）','北京市丰台区黄土岗甲1号','花乡',1494),('北京华融经纬装饰工程有限公司','北京市丰台区槐房西路新宫8号（中福丽宫品牌基地4号楼101号）','南苑乡',1495),('杭州护童科技有限公司北京分公司','北京市丰台区新宫体育健身休闲园8号中福5号楼309室','南苑乡',1496),('北京一致性医药科技有限公司','北京市丰台区科学城海鹰路9号综合楼9-17幢7层2号','园区',1497),('北京三和晨光物业管理有限公司第二分公司','北京市丰台区科技园富丰路4号5层05B03','园区',1498),('通号智慧城市研究设计院有限公司','北京市丰台区汽车博物馆南路1号院中国通号大厦D座6层606室（园区）','园区',1499),('北京济全生物科技有限公司','北京市丰台区海鹰路8号院3层306室（园区）','园区',1500),('北京市丰台区地震局（公疗）','丰台区桥南科兴路1号','园区',1501),('中广核风电有限公司','北京市丰台区南四环西路188号12区2号楼','园区',1502),('北京龙图通信息技术有限公司','北京市丰台区南四环西路128号1号楼5层539室','园区',1503),('北京日树宏源日用品有限公司','北京市丰台区右安路213号京诚天地市场A124号','花乡',1504),('北京正宏监理咨询有限公司','北京丰台区科学城航丰路9号1001室','园区',1505),('中融国远招标代理（北京）有限公司','北京市丰台区南四环西路188号七区四号楼7层','园区',1506),('家家乐购（北京）科技有限公司','北京市丰台区南四环西路188号二区8号楼家家乐购二层','园区',1507),('北京导航者智能科技有限公司','北京市丰台区南四环西路188号2区9号楼7层(园区)','园区',1508),('北京欣卓越技术开发有限责任公司','北京市丰台区总部基地6区8号楼','园区',1509),('北京思源时代科技有限公司','北京市丰台区南四环路188号12区5号楼2层','园区',1510),('中世运（北京）国际物流有限公司','丰台区汽车博物馆东路1号院诺德中心二期5号楼12层','园区',1511),('北京联合执信医疗科技有限公司','北京市丰台区南四环西路188号六区16号楼10层（园区）','园区',1512),('北京北方科诚信息技术股份有限公司','丰台区丰台科技园汉威国际3区2号楼5M12单元','园区',1513),('北京聚光世达科技有限公司','北京市丰台区南四环西路188号十二区25、26号楼(园区)','园区',1514),('北京欣欣相照健康科技有限公司','北京市丰台区南三环西路16号搜宝商务中心3号楼 901','马家堡',1515),('北京市丰台区嘉园第一幼儿园（公疗）','北京市丰台区嘉园二里25号','马家堡',1516),('北京稻香村嘉园鸿诚食品有限责任公司','北京市丰台区马家堡西路11号一层','马家堡',1517),('北京五洲恒通认证有限公司','北京市丰台区角门18号名流未来大厦303室','马家堡',1518),('北京天辰达泰食品有限责任公司','北京市丰台区角门18号名流未来大厦721A室','马家堡',1519),('','','',1520);
/*!40000 ALTER TABLE `vp_company` ENABLE KEYS */;
UNLOCK TABLES;

--
-- Table structure for table `vp_department`
--

DROP TABLE IF EXISTS `vp_department`;
/*!40101 SET @saved_cs_client     = @@character_set_client */;
/*!40101 SET character_set_client = utf8 */;
CREATE TABLE `vp_department` (
  `department_id` int(32) NOT NULL AUTO_INCREMENT,
  `dep_name` varchar(32) DEFAULT NULL,
  PRIMARY KEY (`department_id`)
) ENGINE=InnoDB AUTO_INCREMENT=12 DEFAULT CHARSET=utf8;
/*!40101 SET character_set_client = @saved_cs_client */;

--
-- Dumping data for table `vp_department`
--

LOCK TABLES `vp_department` WRITE;
/*!40000 ALTER TABLE `vp_department` DISABLE KEYS */;
INSERT INTO `vp_department` VALUES (1,'档案二科'),(2,'档案一科'),(3,'办公室'),(4,'人才服务科'),(5,'就业服务科'),(6,'综合管理服务科'),(7,'党建办'),(8,'阅档室'),(9,'财务'),(10,'市场监测科'),(11,'档案一科\n');
/*!40000 ALTER TABLE `vp_department` ENABLE KEYS */;
UNLOCK TABLES;

--
-- Table structure for table `vp_group`
--

DROP TABLE IF EXISTS `vp_group`;
/*!40101 SET @saved_cs_client     = @@character_set_client */;
/*!40101 SET character_set_client = utf8 */;
CREATE TABLE `vp_group` (
  `group_id` int(32) NOT NULL AUTO_INCREMENT,
  `group_name` varchar(32) DEFAULT NULL,
  PRIMARY KEY (`group_id`)
) ENGINE=InnoDB AUTO_INCREMENT=4 DEFAULT CHARSET=utf8;
/*!40101 SET character_set_client = @saved_cs_client */;

--
-- Dumping data for table `vp_group`
--

LOCK TABLES `vp_group` WRITE;
/*!40000 ALTER TABLE `vp_group` DISABLE KEYS */;
INSERT INTO `vp_group` VALUES (1,'超级管理员'),(2,'管理员'),(3,'用户');
/*!40000 ALTER TABLE `vp_group` ENABLE KEYS */;
UNLOCK TABLES;

--
-- Table structure for table `vp_group_category`
--

DROP TABLE IF EXISTS `vp_group_category`;
/*!40101 SET @saved_cs_client     = @@character_set_client */;
/*!40101 SET character_set_client = utf8 */;
CREATE TABLE `vp_group_category` (
  `group_category_id` int(32) NOT NULL AUTO_INCREMENT,
  `group_id` int(32) DEFAULT NULL,
  `category_id` int(32) DEFAULT NULL,
  PRIMARY KEY (`group_category_id`)
) ENGINE=InnoDB AUTO_INCREMENT=104 DEFAULT CHARSET=utf8;
/*!40101 SET character_set_client = @saved_cs_client */;

--
-- Dumping data for table `vp_group_category`
--

LOCK TABLES `vp_group_category` WRITE;
/*!40000 ALTER TABLE `vp_group_category` DISABLE KEYS */;
INSERT INTO `vp_group_category` VALUES (86,1,18),(87,1,20),(88,1,22),(89,1,23),(90,1,24),(91,1,25),(92,1,27),(93,1,3),(94,1,4),(95,1,6),(96,1,7),(97,1,15),(98,1,16),(99,1,17),(100,1,10),(101,1,12),(102,1,13),(103,1,28);
/*!40000 ALTER TABLE `vp_group_category` ENABLE KEYS */;
UNLOCK TABLES;

--
-- Table structure for table `vp_group_pri`
--

DROP TABLE IF EXISTS `vp_group_pri`;
/*!40101 SET @saved_cs_client     = @@character_set_client */;
/*!40101 SET character_set_client = utf8 */;
CREATE TABLE `vp_group_pri` (
  `group_pri_id` int(32) NOT NULL AUTO_INCREMENT,
  `group_id` int(32) DEFAULT NULL,
  `pri_id` int(32) DEFAULT NULL,
  PRIMARY KEY (`group_pri_id`)
) ENGINE=InnoDB DEFAULT CHARSET=utf8;
/*!40101 SET character_set_client = @saved_cs_client */;

--
-- Dumping data for table `vp_group_pri`
--

LOCK TABLES `vp_group_pri` WRITE;
/*!40000 ALTER TABLE `vp_group_pri` DISABLE KEYS */;
/*!40000 ALTER TABLE `vp_group_pri` ENABLE KEYS */;
UNLOCK TABLES;

--
-- Table structure for table `vp_item`
--

DROP TABLE IF EXISTS `vp_item`;
/*!40101 SET @saved_cs_client     = @@character_set_client */;
/*!40101 SET character_set_client = utf8 */;
CREATE TABLE `vp_item` (
  `item_id` int(32) NOT NULL AUTO_INCREMENT,
  `item_no` varchar(32) DEFAULT NULL,
  `account_time` varchar(32) DEFAULT NULL,
  `account_no` varchar(32) DEFAULT NULL,
  `method` varchar(32) DEFAULT NULL,
  `get_time` varchar(32) DEFAULT NULL,
  `forward` varchar(32) DEFAULT NULL,
  `mark_time` varchar(32) DEFAULT NULL,
  `status` varchar(32) DEFAULT NULL,
  `user_id` int(32) DEFAULT NULL,
  `purpose` varchar(32) DEFAULT NULL,
  `comments` varchar(32) DEFAULT NULL,
  `create_time` varchar(32) DEFAULT NULL,
  `model_id` int(32) DEFAULT NULL,
  PRIMARY KEY (`item_id`)
) ENGINE=InnoDB AUTO_INCREMENT=21 DEFAULT CHARSET=utf8;
/*!40101 SET character_set_client = @saved_cs_client */;

--
-- Dumping data for table `vp_item`
--

LOCK TABLES `vp_item` WRITE;
/*!40000 ALTER TABLE `vp_item` DISABLE KEYS */;
INSERT INTO `vp_item` VALUES (1,'TY2016000002','2016-11-14','JZ-11-0011','购置','2016-11-14','自用','2016-11-01','在用',68,'日常办公','丰体','1558921560',1),(2,'TY2016000003','2016-11-14','JZ-11-0011','购置','2016-11-14','自用','2016-11-01','在用',68,'日常办公','丰体','1558921560',2),(3,'TY2016000004','2016-11-14','JZ-11-0011','购置','2016-11-14','自用','2016-11-01','在用',68,'日常办公','丰体','1558921560',3),(4,'TY2016000005','2016-11-14','JZ-11-0011','购置','2016-11-14','自用','2016-11-01','在用',68,'日常办公','丰体','1558921560',4),(5,'TY2013000001','2014-05-21','第0085号','购置','2014-05-21','自用','2013-11-07','在用',68,'日常办公','丰体 305。','1558921560',5),(6,'TY2013000002','2014-05-21','第0085号','购置','2014-05-21','自用','2013-11-07','在用',68,'日常办公','丰体 305。','1558921560',6),(7,'TY2013000003','2014-05-21','第0085号','购置','2014-05-21','自用','2013-11-07','在用',68,'日常办公','丰体 305。','1558921560',6),(8,'TY2013000004','2014-05-21','第0085号','购置','2014-05-21','自用','2013-11-07','在用',68,'日常办公','丰体 305。','1558921560',7),(9,'TY2013000005','2014-05-21','第0085号','购置','2014-05-21','自用','2013-11-07','在用',68,'日常办公','丰体 305。','1558921560',7),(10,'TY2013000006','2014-05-21','第0085号','购置','2014-05-21','自用','2013-11-07','在用',1,'日常办公','丰体 305。','1558921560',8),(11,'TY2013000007','2014-05-21','第0085号','购置','2014-05-21','自用','2013-11-07','在用',68,'日常办公','丰体 305。','1558921560',9),(12,'TY2013000008','2014-05-21','第0084号','购置','2014-05-21','自用','2013-11-12','在用',68,'日常办公','丰体 305。','1558921560',10),(13,'TY2013000009','2014-05-21','第0084号','购置','2014-05-21','自用','2013-11-12','在用',68,'日常办公','丰体 305。','1558921560',11),(14,'TY2013000010','2014-05-21','第0084号','购置','2014-05-21','自用','2013-12-03','在用',68,'日常办公','南院。','1558921560',12),(15,'TY2013000013','2014-05-21','第0082号','购置','2014-05-21','自用','2013-11-07','在用',68,'日常办公','丰体 305。','1558921560',13),(16,'TY2013000014','2014-05-21','第0082号','购置','2014-05-21','自用','2013-11-07','在用',68,'日常办公','丰体 305。','1558921560',13),(17,'TY2013000015','2014-05-21','第0082号','购置','2014-05-21','自用','2013-11-07','在用',68,'日常办公','丰体 305。','1558921560',13),(18,'TY2013000016','2014-05-21','第0082号','购置','2014-05-21','自用','2013-11-07','在用',68,'日常办公','丰体 305。','1558921560',13),(19,'TY2013000017','2014-05-21','第0082号','购置','2014-05-21','自用','2013-11-07','在用',68,'日常办公','丰体 305。','1558921560',13),(20,'TY2013000018','2014-05-21','第0082号','购置','2014-05-21','自用','2013-11-07','在用',68,'日常办公','丰体 305。','1558921560',13);
/*!40000 ALTER TABLE `vp_item` ENABLE KEYS */;
UNLOCK TABLES;

--
-- Table structure for table `vp_level`
--

DROP TABLE IF EXISTS `vp_level`;
/*!40101 SET @saved_cs_client     = @@character_set_client */;
/*!40101 SET character_set_client = utf8 */;
CREATE TABLE `vp_level` (
  `level_id` int(32) NOT NULL AUTO_INCREMENT,
  `level_name` varchar(32) DEFAULT NULL,
  `level` int(32) DEFAULT '0',
  PRIMARY KEY (`level_id`)
) ENGINE=InnoDB AUTO_INCREMENT=6 DEFAULT CHARSET=utf8;
/*!40101 SET character_set_client = @saved_cs_client */;

--
-- Dumping data for table `vp_level`
--

LOCK TABLES `vp_level` WRITE;
/*!40000 ALTER TABLE `vp_level` DISABLE KEYS */;
INSERT INTO `vp_level` VALUES (1,'科员',1),(2,'副科长',2),(3,'科长',3),(4,'副主任',4),(5,'主任',5);
/*!40000 ALTER TABLE `vp_level` ENABLE KEYS */;
UNLOCK TABLES;

--
-- Table structure for table `vp_message`
--

DROP TABLE IF EXISTS `vp_message`;
/*!40101 SET @saved_cs_client     = @@character_set_client */;
/*!40101 SET character_set_client = utf8 */;
CREATE TABLE `vp_message` (
  `message_id` int(32) NOT NULL AUTO_INCREMENT,
  `type` int(32) DEFAULT NULL,
  `create_time` varchar(32) DEFAULT NULL,
  `content` varchar(255) DEFAULT NULL,
  `title` varchar(32) DEFAULT NULL,
  `url` varchar(255) DEFAULT NULL,
  PRIMARY KEY (`message_id`)
) ENGINE=InnoDB AUTO_INCREMENT=14 DEFAULT CHARSET=utf8;
/*!40101 SET character_set_client = @saved_cs_client */;

--
-- Dumping data for table `vp_message`
--

LOCK TABLES `vp_message` WRITE;
/*!40000 ALTER TABLE `vp_message` DISABLE KEYS */;
INSERT INTO `vp_message` VALUES (1,1,'1559788248','申请人:马腾飞 申请资产:主机日志审计系统','固定资产流转','/index/assets/verify'),(2,1,'1559788252','申请人:马腾飞 申请资产:安全堡垒主机','固定资产流转','/index/assets/verify'),(3,1,'1559788254','申请人:马腾飞 申请资产:浪潮海量存储系统软件','固定资产流转','/index/assets/verify'),(4,1,'1560388458','申请人:马腾飞 申请资产:入侵检测防御','固定资产流转','/index/assets/verify'),(5,1,'1560391339','申请人:马腾飞 申请资产:浪潮服务器存储设备','固定资产流转','/index/assets/verify'),(6,1,'1560391355','申请人:马腾飞 申请资产:浪潮海量存储系统软件','固定资产流转','/index/assets/verify'),(7,1,'1560391510','申请人:马腾飞 申请资产:浪潮海量存储系统软件','固定资产流转','/index/assets/verify'),(8,1,'1560391518','申请人:马腾飞 申请资产:浪潮海量存储系统软件','固定资产流转','/index/assets/verify'),(9,1,'1560391533','申请人:马腾飞 申请资产:浪潮海量存储系统软件','固定资产流转','/index/assets/verify'),(10,1,'1560391545','申请人:马腾飞 申请资产:浪潮海量存储系统软件','固定资产流转','/index/assets/verify'),(11,1,'1560391564','申请人:马腾飞 申请资产:浪潮海量存储系统软件','固定资产流转','/index/assets/verify'),(12,1,'1560391575','申请人:马腾飞 申请资产:浪潮海量存储系统软件','固定资产流转','/index/assets/verify'),(13,1,'1560391641','申请人:马腾飞 申请资产:浪潮海量存储系统软件','固定资产流转','/index/assets/verify');
/*!40000 ALTER TABLE `vp_message` ENABLE KEYS */;
UNLOCK TABLES;

--
-- Table structure for table `vp_model`
--

DROP TABLE IF EXISTS `vp_model`;
/*!40101 SET @saved_cs_client     = @@character_set_client */;
/*!40101 SET character_set_client = utf8 */;
CREATE TABLE `vp_model` (
  `model_id` int(32) NOT NULL AUTO_INCREMENT,
  `model_name` varchar(32) DEFAULT NULL,
  `price` varchar(32) DEFAULT NULL,
  `category` varchar(32) DEFAULT NULL,
  `model_no` varchar(32) DEFAULT NULL,
  `num` int(32) DEFAULT '0',
  `account_id` varchar(32) DEFAULT NULL,
  PRIMARY KEY (`model_id`)
) ENGINE=InnoDB AUTO_INCREMENT=14 DEFAULT CHARSET=utf8;
/*!40101 SET character_set_client = @saved_cs_client */;

--
-- Dumping data for table `vp_model`
--

LOCK TABLES `vp_model` WRITE;
/*!40000 ALTER TABLE `vp_model` DISABLE KEYS */;
INSERT INTO `vp_model` VALUES (1,'密码机','80000.00','通用设备','SJY62',1,'JZ-11-0011'),(2,'主机日志审计系统','180000.00','通用设备','网络卫士日志收集与分析系统',1,'JZ-11-0011'),(3,'安全堡垒主机','240000.00','通用设备','智恒网安运维安全审计系统V2.0',1,'JZ-11-0011'),(4,'入侵检测防御','180000.00','通用设备','深信服AF-1520-I',1,'JZ-11-0011'),(5,'浪潮服务器存储设备','5000.00','通用设备','BCP软件安装服务',1,'第0085号'),(6,'浪潮海量存储系统软件','5500.00','通用设备','V1.2-AS500E/AS500 G多路径管理',1,'第0085号'),(7,'浪潮海量存储系统软件','5500.00','通用设备','V1.2-AS500E/AS500主机管理软件',1,'第0085号'),(8,'浪潮服务器存储设备','18000.00','通用设备','海量存储系统软件V1.2BCP主模块',1,'第0085号'),(9,'服务器存储设备','1800.00','通用设备','浪潮清洗磁带',1,'第0085号'),(10,'交换机','12000.00','通用设备','H3C LS-5500-20TP-SI-H3',1,'第0084号'),(11,'交换机','3740.00','通用设备','H3C LS-E126B',1,'第0084号'),(12,'天融信防火墙','40000.00','通用设备','TG-21109',1,'第0084号'),(13,'存储设备','1000.00','通用设备','磁带TL-L5-3T',1,'第0082号');
/*!40000 ALTER TABLE `vp_model` ENABLE KEYS */;
UNLOCK TABLES;

--
-- Table structure for table `vp_position`
--

DROP TABLE IF EXISTS `vp_position`;
/*!40101 SET @saved_cs_client     = @@character_set_client */;
/*!40101 SET character_set_client = utf8 */;
CREATE TABLE `vp_position` (
  `position_id` int(32) NOT NULL AUTO_INCREMENT,
  `position_name` varchar(32) DEFAULT NULL,
  `level` int(32) DEFAULT '0',
  PRIMARY KEY (`position_id`)
) ENGINE=InnoDB AUTO_INCREMENT=6 DEFAULT CHARSET=utf8;
/*!40101 SET character_set_client = @saved_cs_client */;

--
-- Dumping data for table `vp_position`
--

LOCK TABLES `vp_position` WRITE;
/*!40000 ALTER TABLE `vp_position` DISABLE KEYS */;
INSERT INTO `vp_position` VALUES (1,'科员',1),(2,'科长',3),(3,'主任',5),(4,'副主任',4),(5,'副科长',2);
/*!40000 ALTER TABLE `vp_position` ENABLE KEYS */;
UNLOCK TABLES;

--
-- Table structure for table `vp_pri`
--

DROP TABLE IF EXISTS `vp_pri`;
/*!40101 SET @saved_cs_client     = @@character_set_client */;
/*!40101 SET character_set_client = utf8 */;
CREATE TABLE `vp_pri` (
  `pri_id` int(32) NOT NULL AUTO_INCREMENT,
  `pri_name` varchar(32) DEFAULT NULL,
  `module_name` varchar(32) DEFAULT NULL,
  `controller_name` varchar(32) DEFAULT NULL,
  `method` varchar(32) DEFAULT NULL,
  PRIMARY KEY (`pri_id`)
) ENGINE=InnoDB DEFAULT CHARSET=utf8;
/*!40101 SET character_set_client = @saved_cs_client */;

--
-- Dumping data for table `vp_pri`
--

LOCK TABLES `vp_pri` WRITE;
/*!40000 ALTER TABLE `vp_pri` DISABLE KEYS */;
/*!40000 ALTER TABLE `vp_pri` ENABLE KEYS */;
UNLOCK TABLES;

--
-- Table structure for table `vp_roam`
--

DROP TABLE IF EXISTS `vp_roam`;
/*!40101 SET @saved_cs_client     = @@character_set_client */;
/*!40101 SET character_set_client = utf8 */;
CREATE TABLE `vp_roam` (
  `roam_id` int(32) NOT NULL AUTO_INCREMENT,
  `item_id` int(32) DEFAULT NULL,
  `status` int(32) DEFAULT '0',
  `create_time` varchar(32) DEFAULT NULL,
  `apply_user_id` int(32) DEFAULT NULL,
  `use_user_id` int(32) DEFAULT NULL,
  `apply_approval_user_id` int(32) DEFAULT NULL,
  `use_approval_user_id` int(32) DEFAULT NULL,
  `office_approval_user_id` int(32) DEFAULT NULL,
  `type` int(32) DEFAULT '1',
  PRIMARY KEY (`roam_id`)
) ENGINE=InnoDB AUTO_INCREMENT=7 DEFAULT CHARSET=utf8;
/*!40101 SET character_set_client = @saved_cs_client */;

--
-- Dumping data for table `vp_roam`
--

LOCK TABLES `vp_roam` WRITE;
/*!40000 ALTER TABLE `vp_roam` DISABLE KEYS */;
INSERT INTO `vp_roam` VALUES (1,2,1,'1559788197',1,68,68,68,8,1),(2,2,3,'1559788203',1,68,68,68,8,1),(3,3,4,'1559788251',1,68,68,68,8,1),(4,6,3,'1559788254',1,68,68,68,8,1),(5,5,1,'1560391339',1,68,68,68,8,1),(6,6,2,'1560391354',1,68,68,68,8,1);
/*!40000 ALTER TABLE `vp_roam` ENABLE KEYS */;
UNLOCK TABLES;

--
-- Table structure for table `vp_roam_end_log`
--

DROP TABLE IF EXISTS `vp_roam_end_log`;
/*!40101 SET @saved_cs_client     = @@character_set_client */;
/*!40101 SET character_set_client = utf8 */;
CREATE TABLE `vp_roam_end_log` (
  `roam_end_log_id` int(32) NOT NULL AUTO_INCREMENT,
  `user_id` int(32) DEFAULT NULL,
  `to_user_id` int(32) DEFAULT NULL,
  `create_time` varchar(32) DEFAULT NULL,
  `item_id` int(32) DEFAULT NULL,
  PRIMARY KEY (`roam_end_log_id`)
) ENGINE=InnoDB AUTO_INCREMENT=2 DEFAULT CHARSET=utf8;
/*!40101 SET character_set_client = @saved_cs_client */;

--
-- Dumping data for table `vp_roam_end_log`
--

LOCK TABLES `vp_roam_end_log` WRITE;
/*!40000 ALTER TABLE `vp_roam_end_log` DISABLE KEYS */;
INSERT INTO `vp_roam_end_log` VALUES (1,68,1,'1559723585',10);
/*!40000 ALTER TABLE `vp_roam_end_log` ENABLE KEYS */;
UNLOCK TABLES;

--
-- Table structure for table `vp_roam_log`
--

DROP TABLE IF EXISTS `vp_roam_log`;
/*!40101 SET @saved_cs_client     = @@character_set_client */;
/*!40101 SET character_set_client = utf8 */;
CREATE TABLE `vp_roam_log` (
  `roam_log_id` int(32) NOT NULL AUTO_INCREMENT,
  `user_id` int(32) DEFAULT NULL,
  `type` int(32) DEFAULT NULL,
  `create_time` varchar(32) DEFAULT NULL,
  `item_id` int(32) DEFAULT NULL,
  PRIMARY KEY (`roam_log_id`)
) ENGINE=InnoDB AUTO_INCREMENT=11 DEFAULT CHARSET=utf8;
/*!40101 SET character_set_client = @saved_cs_client */;

--
-- Dumping data for table `vp_roam_log`
--

LOCK TABLES `vp_roam_log` WRITE;
/*!40000 ALTER TABLE `vp_roam_log` DISABLE KEYS */;
INSERT INTO `vp_roam_log` VALUES (1,68,1,'1559723585',10),(2,68,1,'1559783868',7),(3,68,1,'1559783873',7),(4,68,1,'1559783883',3),(5,68,1,'1559789058',2),(6,68,0,'1559789164',3),(7,68,1,'1560130947',6),(8,68,1,'1560130951',6),(9,68,1,'1560130962',2),(10,68,1,'1560395614',6);
/*!40000 ALTER TABLE `vp_roam_log` ENABLE KEYS */;
UNLOCK TABLES;

--
-- Table structure for table `vp_upload`
--

DROP TABLE IF EXISTS `vp_upload`;
/*!40101 SET @saved_cs_client     = @@character_set_client */;
/*!40101 SET character_set_client = utf8 */;
CREATE TABLE `vp_upload` (
  `id` int(32) NOT NULL AUTO_INCREMENT,
  `time` varchar(32) DEFAULT NULL,
  `qrcode` varchar(32) DEFAULT NULL,
  `thumb` varchar(255) DEFAULT NULL,
  PRIMARY KEY (`id`)
) ENGINE=InnoDB DEFAULT CHARSET=utf8;
/*!40101 SET character_set_client = @saved_cs_client */;

--
-- Dumping data for table `vp_upload`
--

LOCK TABLES `vp_upload` WRITE;
/*!40000 ALTER TABLE `vp_upload` DISABLE KEYS */;
/*!40000 ALTER TABLE `vp_upload` ENABLE KEYS */;
UNLOCK TABLES;

--
-- Table structure for table `vp_user`
--

DROP TABLE IF EXISTS `vp_user`;
/*!40101 SET @saved_cs_client     = @@character_set_client */;
/*!40101 SET character_set_client = utf8 */;
CREATE TABLE `vp_user` (
  `user_id` int(32) NOT NULL AUTO_INCREMENT,
  `pwd` varchar(32) DEFAULT NULL,
  `uname` varchar(32) DEFAULT NULL,
  `nickname` varchar(255) DEFAULT NULL,
  `last_time` varchar(32) DEFAULT NULL,
  `level_id` int(32) DEFAULT NULL,
  PRIMARY KEY (`user_id`)
) ENGINE=InnoDB AUTO_INCREMENT=99 DEFAULT CHARSET=utf8;
/*!40101 SET character_set_client = @saved_cs_client */;

--
-- Dumping data for table `vp_user`
--

LOCK TABLES `vp_user` WRITE;
/*!40000 ALTER TABLE `vp_user` DISABLE KEYS */;
INSERT INTO `vp_user` VALUES (1,'e10adc3949ba59abbe56e057f20f883e','马腾飞',NULL,NULL,1),(2,'e10adc3949ba59abbe56e057f20f883e','杨文袆',NULL,'1549943952',1),(6,'e10adc3949ba59abbe56e057f20f883e','丁爽',NULL,'1558686774',NULL),(7,'e10adc3949ba59abbe56e057f20f883e','李珂',NULL,'1558686848',NULL),(8,'e10adc3949ba59abbe56e057f20f883e','白雪',NULL,'1558686848',NULL),(9,'e10adc3949ba59abbe56e057f20f883e','陈默',NULL,'1558686848',NULL),(10,'e10adc3949ba59abbe56e057f20f883e','王佳',NULL,'1558686848',NULL),(11,'e10adc3949ba59abbe56e057f20f883e','王磊',NULL,'1558686848',NULL),(12,'e10adc3949ba59abbe56e057f20f883e','王丹',NULL,'1558686848',NULL),(13,'e10adc3949ba59abbe56e057f20f883e','吴玉浩',NULL,'1558686848',NULL),(14,'e10adc3949ba59abbe56e057f20f883e','黄艳',NULL,'1558686848',NULL),(15,'e10adc3949ba59abbe56e057f20f883e','马博颖',NULL,'1558686848',NULL),(16,'e10adc3949ba59abbe56e057f20f883e','张婷',NULL,'1558686848',NULL),(17,'e10adc3949ba59abbe56e057f20f883e','冯昌军',NULL,'1558686848',NULL),(18,'e10adc3949ba59abbe56e057f20f883e','李陆莎',NULL,'1558686848',NULL),(19,'e10adc3949ba59abbe56e057f20f883e','刘宇然',NULL,'1558686848',NULL),(20,'e10adc3949ba59abbe56e057f20f883e','王佳琦',NULL,'1558686849',NULL),(21,'e10adc3949ba59abbe56e057f20f883e','霍艳丽',NULL,'1558686849',NULL),(22,'e10adc3949ba59abbe56e057f20f883e','聂魏巍',NULL,'1558686849',NULL),(23,'e10adc3949ba59abbe56e057f20f883e','段建佳',NULL,'1558686849',NULL),(24,'e10adc3949ba59abbe56e057f20f883e','韩雪',NULL,'1558686849',NULL),(25,'e10adc3949ba59abbe56e057f20f883e','杨亚萍',NULL,'1558686849',NULL),(26,'e10adc3949ba59abbe56e057f20f883e','江涛',NULL,'1558686849',NULL),(27,'e10adc3949ba59abbe56e057f20f883e','林洁',NULL,'1558686849',NULL),(28,'e10adc3949ba59abbe56e057f20f883e','武雪',NULL,'1558686849',NULL),(29,'e10adc3949ba59abbe56e057f20f883e','曹溢',NULL,'1558686849',NULL),(30,'e10adc3949ba59abbe56e057f20f883e','杨志强',NULL,'1558686849',NULL),(31,'e10adc3949ba59abbe56e057f20f883e','李晓龙',NULL,'1558686850',NULL),(32,'e10adc3949ba59abbe56e057f20f883e','李沝羲',NULL,'1558686850',NULL),(33,'e10adc3949ba59abbe56e057f20f883e','孟令玉',NULL,'1558686850',NULL),(34,'e10adc3949ba59abbe56e057f20f883e','张颂',NULL,'1558686850',NULL),(35,'e10adc3949ba59abbe56e057f20f883e','赵鹏',NULL,'1558686850',NULL),(36,'e10adc3949ba59abbe56e057f20f883e','王晶',NULL,'1558686850',NULL),(37,'e10adc3949ba59abbe56e057f20f883e','孙庆东',NULL,'1558686850',NULL),(38,'e10adc3949ba59abbe56e057f20f883e','隋春光',NULL,'1558686850',NULL),(39,'e10adc3949ba59abbe56e057f20f883e','刘晓青',NULL,'1558686850',NULL),(40,'e10adc3949ba59abbe56e057f20f883e','李琳',NULL,'1558686850',NULL),(41,'e10adc3949ba59abbe56e057f20f883e','张佳',NULL,'1558686850',NULL),(42,'e10adc3949ba59abbe56e057f20f883e','郭方璇',NULL,'1558686850',NULL),(43,'e10adc3949ba59abbe56e057f20f883e','连金忠',NULL,'1558686851',NULL),(44,'e10adc3949ba59abbe56e057f20f883e','杨俊玲',NULL,'1558686851',NULL),(45,'e10adc3949ba59abbe56e057f20f883e','韩民才',NULL,'1558686851',NULL),(46,'e10adc3949ba59abbe56e057f20f883e','赵凤臣',NULL,'1558686851',NULL),(47,'e10adc3949ba59abbe56e057f20f883e','甘子熙',NULL,'1558686851',NULL),(48,'e10adc3949ba59abbe56e057f20f883e','赵洪娟',NULL,'1558686851',NULL),(49,'e10adc3949ba59abbe56e057f20f883e','宋乔',NULL,'1558686851',NULL),(50,'e10adc3949ba59abbe56e057f20f883e','王鹏',NULL,'1558686851',NULL),(51,'e10adc3949ba59abbe56e057f20f883e','高东杰',NULL,'1558686851',NULL),(52,'e10adc3949ba59abbe56e057f20f883e','苗涛',NULL,'1558686851',NULL),(53,'e10adc3949ba59abbe56e057f20f883e','杨靖',NULL,'1558686851',NULL),(54,'e10adc3949ba59abbe56e057f20f883e','肖雨晨',NULL,'1558686851',NULL),(55,'e10adc3949ba59abbe56e057f20f883e','田宇',NULL,'1558686851',NULL),(56,'e10adc3949ba59abbe56e057f20f883e','李英超',NULL,'1558686851',NULL),(57,'e10adc3949ba59abbe56e057f20f883e','张洁',NULL,'1558686851',NULL),(58,'e10adc3949ba59abbe56e057f20f883e','王悦',NULL,'1558686852',NULL),(59,'e10adc3949ba59abbe56e057f20f883e','王梓怡',NULL,'1558686852',NULL),(60,'e10adc3949ba59abbe56e057f20f883e','周静',NULL,'1558686852',NULL),(61,'e10adc3949ba59abbe56e057f20f883e','赵壮',NULL,'1558686852',NULL),(62,'e10adc3949ba59abbe56e057f20f883e','孙墨菊',NULL,'1558686852',NULL),(63,'e10adc3949ba59abbe56e057f20f883e','袁晟龙',NULL,'1558686852',NULL),(64,'e10adc3949ba59abbe56e057f20f883e','刘曼',NULL,'1558686852',NULL),(65,'e10adc3949ba59abbe56e057f20f883e','马然',NULL,'1558686852',NULL),(66,'e10adc3949ba59abbe56e057f20f883e','张扬',NULL,'1558686852',NULL),(67,'e10adc3949ba59abbe56e057f20f883e','张唯',NULL,'1558686852',NULL),(68,'e10adc3949ba59abbe56e057f20f883e','李昊 ',NULL,'1558686852',NULL),(70,'e10adc3949ba59abbe56e057f20f883e','董忠斌',NULL,'1558686852',NULL),(71,'e10adc3949ba59abbe56e057f20f883e','张笑男',NULL,'1558686853',NULL),(72,'e10adc3949ba59abbe56e057f20f883e','缸玮',NULL,'1558686853',NULL),(73,'e10adc3949ba59abbe56e057f20f883e','李少华',NULL,'1558686853',NULL),(74,'e10adc3949ba59abbe56e057f20f883e','赵璐宁',NULL,'1558686853',NULL),(75,'e10adc3949ba59abbe56e057f20f883e','秦磊',NULL,'1558686853',NULL),(76,'e10adc3949ba59abbe56e057f20f883e','王立江',NULL,'1558686853',NULL),(77,'e10adc3949ba59abbe56e057f20f883e','张基红',NULL,'1558686853',NULL),(78,'e10adc3949ba59abbe56e057f20f883e','刘浩',NULL,'1558686853',NULL),(79,'e10adc3949ba59abbe56e057f20f883e','赵兰青',NULL,'1558686853',NULL),(80,'e10adc3949ba59abbe56e057f20f883e','吴琼',NULL,'1558686853',NULL),(81,'e10adc3949ba59abbe56e057f20f883e','陈曦',NULL,'1558686853',NULL),(82,'e10adc3949ba59abbe56e057f20f883e','杨薇',NULL,'1558686853',NULL),(83,'e10adc3949ba59abbe56e057f20f883e','耿洋',NULL,'1558686853',NULL),(84,'e10adc3949ba59abbe56e057f20f883e','黄威',NULL,'1558686854',NULL),(85,'e10adc3949ba59abbe56e057f20f883e','庄岩',NULL,'1558686854',NULL),(86,'e10adc3949ba59abbe56e057f20f883e','张征敏',NULL,'1558686854',NULL),(87,'e10adc3949ba59abbe56e057f20f883e','岳佳欣',NULL,'1558686854',NULL),(88,'e10adc3949ba59abbe56e057f20f883e','郝芸',NULL,'1558686854',NULL),(89,'e10adc3949ba59abbe56e057f20f883e','郝文昌',NULL,'1558686854',NULL),(90,'e10adc3949ba59abbe56e057f20f883e','王欣',NULL,'1558686854',NULL),(91,'e10adc3949ba59abbe56e057f20f883e','王辉',NULL,'1558686854',NULL),(92,'e10adc3949ba59abbe56e057f20f883e','刘义霞',NULL,'1558686854',NULL),(93,'e10adc3949ba59abbe56e057f20f883e','李颜',NULL,'1558686854',NULL),(94,'e10adc3949ba59abbe56e057f20f883e','高峰 ',NULL,'1558686854',NULL),(95,'e10adc3949ba59abbe56e057f20f883e','李茜',NULL,'1558686854',NULL),(96,'e10adc3949ba59abbe56e057f20f883e','张莹莹',NULL,'1558686854',NULL),(97,'e10adc3949ba59abbe56e057f20f883e','李帅',NULL,'1558686854',NULL),(98,'e10adc3949ba59abbe56e057f20f883e','刘春雷',NULL,'1558686855',NULL);
/*!40000 ALTER TABLE `vp_user` ENABLE KEYS */;
UNLOCK TABLES;

--
-- Table structure for table `vp_user_department`
--

DROP TABLE IF EXISTS `vp_user_department`;
/*!40101 SET @saved_cs_client     = @@character_set_client */;
/*!40101 SET character_set_client = utf8 */;
CREATE TABLE `vp_user_department` (
  `user_id` int(32) DEFAULT NULL,
  `department_id` int(32) DEFAULT NULL,
  `position_id` int(32) DEFAULT NULL,
  `user_department_id` int(32) NOT NULL AUTO_INCREMENT,
  PRIMARY KEY (`user_department_id`)
) ENGINE=InnoDB AUTO_INCREMENT=97 DEFAULT CHARSET=utf8;
/*!40101 SET character_set_client = @saved_cs_client */;

--
-- Dumping data for table `vp_user_department`
--

LOCK TABLES `vp_user_department` WRITE;
/*!40000 ALTER TABLE `vp_user_department` DISABLE KEYS */;
INSERT INTO `vp_user_department` VALUES (7,2,2,1),(8,3,3,2),(9,4,2,3),(10,3,4,4),(11,5,5,5),(12,4,5,6),(13,6,5,7),(14,7,5,8),(15,2,5,9),(16,2,5,10),(17,1,5,11),(18,2,1,12),(19,2,1,13),(20,2,1,14),(21,2,1,15),(22,2,1,16),(23,2,1,17),(24,2,1,18),(25,2,1,19),(26,2,1,20),(27,2,1,21),(28,2,1,22),(29,2,1,23),(30,8,1,24),(31,8,1,25),(32,2,1,26),(33,2,1,27),(34,2,1,28),(35,2,1,29),(36,2,1,30),(37,3,1,31),(38,3,1,32),(39,3,1,33),(40,3,1,34),(41,9,1,35),(42,9,1,36),(43,9,1,37),(44,9,1,38),(45,7,1,39),(46,7,1,40),(47,7,1,41),(48,7,1,42),(49,7,1,43),(50,7,1,44),(51,4,1,45),(52,4,1,46),(53,4,1,47),(54,2,1,48),(55,2,1,49),(56,2,1,50),(57,2,1,52),(58,2,1,53),(59,2,1,54),(60,2,1,55),(61,2,1,56),(62,2,1,57),(63,2,1,58),(64,2,1,59),(65,2,1,60),(66,2,1,61),(67,2,1,62),(68,10,2,63),(70,5,1,66),(71,5,1,67),(72,5,1,68),(73,5,1,69),(74,5,1,70),(75,5,1,71),(76,6,1,72),(77,6,1,73),(78,6,1,74),(79,11,1,75),(80,11,1,76),(81,11,1,77),(82,11,1,78),(83,11,1,79),(84,11,1,80),(85,2,1,81),(86,2,1,82),(87,11,1,83),(88,1,1,84),(89,1,1,85),(90,1,1,86),(91,1,1,87),(92,1,1,88),(93,1,1,89),(94,1,1,90),(95,1,1,91),(96,1,1,92),(97,1,1,93),(98,1,1,94),(1,10,1,96);
/*!40000 ALTER TABLE `vp_user_department` ENABLE KEYS */;
UNLOCK TABLES;

--
-- Table structure for table `vp_user_group`
--

DROP TABLE IF EXISTS `vp_user_group`;
/*!40101 SET @saved_cs_client     = @@character_set_client */;
/*!40101 SET character_set_client = utf8 */;
CREATE TABLE `vp_user_group` (
  `user_group_id` int(32) NOT NULL AUTO_INCREMENT,
  `user_id` int(32) DEFAULT NULL,
  `group_id` int(32) DEFAULT NULL,
  PRIMARY KEY (`user_group_id`)
) ENGINE=InnoDB AUTO_INCREMENT=6 DEFAULT CHARSET=utf8;
/*!40101 SET character_set_client = @saved_cs_client */;

--
-- Dumping data for table `vp_user_group`
--

LOCK TABLES `vp_user_group` WRITE;
/*!40000 ALTER TABLE `vp_user_group` DISABLE KEYS */;
INSERT INTO `vp_user_group` VALUES (4,2,2),(5,1,1);
/*!40000 ALTER TABLE `vp_user_group` ENABLE KEYS */;
UNLOCK TABLES;

--
-- Table structure for table `vp_user_message`
--

DROP TABLE IF EXISTS `vp_user_message`;
/*!40101 SET @saved_cs_client     = @@character_set_client */;
/*!40101 SET character_set_client = utf8 */;
CREATE TABLE `vp_user_message` (
  `user_message_id` int(32) NOT NULL AUTO_INCREMENT,
  `user_id` int(32) DEFAULT NULL,
  `message_id` int(32) DEFAULT NULL,
  `status` int(32) DEFAULT '0',
  `create_time` varchar(32) DEFAULT NULL,
  PRIMARY KEY (`user_message_id`)
) ENGINE=InnoDB AUTO_INCREMENT=40 DEFAULT CHARSET=utf8;
/*!40101 SET character_set_client = @saved_cs_client */;

--
-- Dumping data for table `vp_user_message`
--

LOCK TABLES `vp_user_message` WRITE;
/*!40000 ALTER TABLE `vp_user_message` DISABLE KEYS */;
INSERT INTO `vp_user_message` VALUES (1,1,1,1,NULL),(2,68,1,1,NULL),(3,8,1,1,NULL),(4,1,2,1,NULL),(5,68,2,1,NULL),(6,8,2,1,NULL),(7,1,3,1,NULL),(8,68,3,1,NULL),(9,8,3,1,NULL),(10,1,4,1,NULL),(11,68,4,1,NULL),(12,8,4,1,NULL),(13,1,5,1,NULL),(14,68,5,1,NULL),(15,8,5,1,NULL),(16,1,6,1,NULL),(17,68,6,1,NULL),(18,8,6,1,NULL),(19,1,7,1,NULL),(20,68,7,1,NULL),(21,8,7,1,NULL),(22,1,8,1,NULL),(23,68,8,1,NULL),(24,8,8,1,NULL),(25,1,9,1,NULL),(26,68,9,1,NULL),(27,8,9,1,NULL),(28,1,10,1,NULL),(29,68,10,1,NULL),(30,8,10,1,NULL),(31,1,11,1,NULL),(32,68,11,1,NULL),(33,8,11,1,NULL),(34,1,12,1,NULL),(35,68,12,1,NULL),(36,8,12,1,NULL),(37,1,13,1,NULL),(38,68,13,1,NULL),(39,8,13,1,NULL);
/*!40000 ALTER TABLE `vp_user_message` ENABLE KEYS */;
UNLOCK TABLES;

--
-- Table structure for table `vp_user_roam`
--

DROP TABLE IF EXISTS `vp_user_roam`;
/*!40101 SET @saved_cs_client     = @@character_set_client */;
/*!40101 SET character_set_client = utf8 */;
CREATE TABLE `vp_user_roam` (
  `user_roam_id` int(32) NOT NULL AUTO_INCREMENT,
  `user_id` int(32) DEFAULT NULL,
  `roam_id` int(32) DEFAULT NULL,
  `create_time` varchar(32) DEFAULT NULL,
  PRIMARY KEY (`user_roam_id`)
) ENGINE=InnoDB AUTO_INCREMENT=19 DEFAULT CHARSET=utf8;
/*!40101 SET character_set_client = @saved_cs_client */;

--
-- Dumping data for table `vp_user_roam`
--

LOCK TABLES `vp_user_roam` WRITE;
/*!40000 ALTER TABLE `vp_user_roam` DISABLE KEYS */;
INSERT INTO `vp_user_roam` VALUES (1,1,1,'1559788197'),(2,68,1,'1559788197'),(3,8,1,'1559788197'),(4,1,2,'1559788203'),(5,68,2,'1559788203'),(6,8,2,'1559788203'),(7,1,3,'1559788252'),(8,68,3,'1559788252'),(9,8,3,'1559788252'),(10,1,4,'1559788254'),(11,68,4,'1559788254'),(12,8,4,'1559788254'),(13,1,5,'1560391339'),(14,68,5,'1560391339'),(15,8,5,'1560391339'),(16,1,6,'1560391354'),(17,68,6,'1560391354'),(18,8,6,'1560391354');
/*!40000 ALTER TABLE `vp_user_roam` ENABLE KEYS */;
UNLOCK TABLES;

--
-- Table structure for table `vp_zj_company`
--

DROP TABLE IF EXISTS `vp_zj_company`;
/*!40101 SET @saved_cs_client     = @@character_set_client */;
/*!40101 SET character_set_client = utf8 */;
CREATE TABLE `vp_zj_company` (
  `zj_company_id` int(32) NOT NULL AUTO_INCREMENT,
  `company_id` varchar(255) DEFAULT NULL,
  `company_name` varchar(255) DEFAULT NULL,
  `release_date` varchar(32) DEFAULT NULL,
  `due_date` varchar(32) DEFAULT NULL,
  `address` varchar(255) DEFAULT NULL,
  `user_name` varchar(32) DEFAULT NULL,
  `user_tel` varchar(32) DEFAULT NULL,
  `status` int(32) DEFAULT '1',
  `comments` varchar(255) DEFAULT NULL,
  `is_show` int(32) DEFAULT '1',
  `origin` int(32) DEFAULT NULL,
  `qid` int(32) DEFAULT NULL,
  PRIMARY KEY (`zj_company_id`)
) ENGINE=InnoDB AUTO_INCREMENT=232 DEFAULT CHARSET=utf8;
/*!40101 SET character_set_client = @saved_cs_client */;

--
-- Dumping data for table `vp_zj_company`
--

LOCK TABLES `vp_zj_company` WRITE;
/*!40000 ALTER TABLE `vp_zj_company` DISABLE KEYS */;
INSERT INTO `vp_zj_company` VALUES (1,'91110105MA00441G7N','北京正圆劳务服务有限公司','1519660800','1627660800','北京市西城区牛街11号415-5室','赵岳','13301130174',1,'',1,0,5583),(2,'91110107599642797F','北京松岩嘉业商贸有限公司','1521475200','1586275200','北京市丰台区海鹰路6号院31号楼中建二局商务大厦1-1','王老师','80320458',1,'',1,0,5599),(3,'91110106102165092N','北京外运陆运有限公司','1521993600','1585065600','北京市丰台区丰台五里店259号','冯树森','18500811636',1,'',1,0,5608),(4,'91110000MA003JHX3J','北京固废物流有限公司','1524758400','1579190400','北京市丰台区草桥赵村店420号','高先生','87528075,15001179070',1,'',1,0,5639),(5,'91110106746102708Q','北京凯普林光电科技股份有限公司','1524844800','1579276800','北京市丰台区中关村科技园区丰台园航丰路甲４号5层','张经理','13811826620',1,'',1,0,5642),(6,'91110106MA018RXK9N','北京锦丰大酒店有限公司','1525190400','1579622400','北京市丰台区锦丰路1号楼-3至5层101','人事部','63733588',1,'',1,0,5643),(7,'911101027177035556','北京佳诚物业管理有限公司','1525190400','1579622400','北京市宣武区白纸坊西街18-1-2层','刘雪敬','13311503256',1,'',1,0,5646),(8,'911101056774042261','和佰佳居（北京）贸易有限公司','1525708800','1580140800','北京市丰台区南四环西路76号花乡奥莱','蔡艳宇','13810706372',1,'',1,0,5650),(9,'91110106102173586P','北京世界公园','1525708800','1580140800','丰台区花乡大葆台158号世界公园办公区','沈经理','83613682',1,'',1,0,5651),(10,'911101068011499996','北京加达汽车服务有限公司','1526227200','1606579200','北京市丰台区樊羊路587号','人事部','83793366-3301',1,'',1,0,5654),(11,'9111010869234054XB','北京市地铁运营有限公司运营三分公司','1526400000','1580832000','北京市海淀区德胜门西大街5号','魏思曼','62292558,15001171295',1,'',1,0,5656),(12,'91110106MA017Q1M38','北京物美京丰科技发展有限公司','1526572800','1581004800','北京市丰台区西四环南路101号6层6035A号','王先生','15830268238',1,'',1,0,5662),(13,'911101150535999429','北京凯蓝盛世品牌管理有限公司','1526832000','1581264000','北京市大兴区西红门镇宏业路9号院2号楼6层602室','李丹丹','13718343818',1,'',1,0,5665),(14,'9111010670038878X3','北京中恒实信贸易有限公司','1527091200','1581523200','北京市丰台区南三环西路11号（草桥站下车）','张莲波','13683312520',1,'',1,0,5669),(15,'911101086843631861','和创（北京）科技股份有限公司','1527177600','1633449600','海淀区上地信息路1号B栋7层714室','余莹','13810370406',1,'',1,0,5670),(16,'911101087488440519','北京澳韵杰摄影技术开发有限公司','1527177600','1607529600','北京市丰台区花乡隆盛华顿文化产业园内1号','梁洁','68158152',1,'',1,0,5672),(17,'91110106062754414W','汉德隆源（北京）工程设备有限公司','1527696000','1582128000','北京市丰台区新村一里15号49号楼二层209室','刘方','18510529740',1,'',1,0,5677),(18,'91110105780973646P','北京经贸崇诚物业管理有限公司','1528300800','1660492800','北京市丰台区花乡张家路口121号','柯老师','65977913,65976017',1,'',1,0,5681),(19,'9111010563309203XR','北京山水文园物业管理有限服务公司','1528387200','1608739200','北京市朝阳区小武基村甲８号５号院（平房）','纪璇','13821943436',1,'',1,0,5683),(20,'12100000400841490P','消费日报社','1528732800','1567785600','北京市丰台区定安东里20号楼','关先生，崔女士','67604644,13261178781',1,'',1,0,5685),(21,'911101075568583950','北京力川国际商务酒店有限公司','1528905600','1588608000','北京市石景山区鲁谷东街甲26号','温先生，赵女士','68686666,17696089466',1,'',1,0,5689),(22,'9111010874005563XQ','北京碧盛食品有限责任公司','1528992000','1588694400','北京市丰台区南五里店259号（北京外运陆运院里西区8号库）','孔经理、刘女士','18901339220,18511926273',1,'',1,0,5692),(23,'91110000700219767F','北京中裕世纪大酒店','1529510400','1869062400','海淀区莲花池东路31号','刘晓鹏','63989999-6029',1,'',1,0,5693),(24,'91110109802355815D','北京现代之声电子系统工程有限责任公司','1529856000','1636128000','北京市丰台区丰台东路58号人才大厦4层403室','张莎莎','18911526119',1,'',1,0,5696),(25,'911101083998871087','北京动感接力健身俱乐部有限公司','1530547200','1584979200','海淀区西三环北路100号光耀东方中心地下二层','李颖','88557128，13521212912',1,'',1,0,5700),(26,'91110106MA00CAX34N','安格拉（北京）文化传播有限公司','1530806400','1662998400','北京市丰台区正阳桥东永善里小区2号楼2层','刘焕焕','18911919865  15010261770',1,'',1,0,5704),(27,'12110000400708913A','北京市环境卫生管理事务中心','1531411200','1585843200','北京市丰台区花乡马家楼204号','李佳','87501108',1,'',1,0,5705),(28,'91110106678755706M','北京安赛克科技有限公司','1532016000','1586448000','北京市丰台区西四环南路88号赛欧科园215室（正阳桥北）','刘泽萌','18600678482，13911909647',1,'',1,0,5708),(29,'911101017364955363','北京科林威特科技发展有限责任公司','1533830400','1570982400','北京市东城区天坛东路76号院东3号（4幢）','李昂','13911299254',1,'',1,0,5711),(30,'91110108718774865J','北京古星互联电子商务有限公司','1533830400','1614182400','北京市丰台区西四环南路128号诺德中心7号楼B座2层218','樊玥','15011560200',1,'',1,0,5712),(31,'91110102753325360F','北京市惠佳丰劳务服务有限责任公司','1533830400','2028902400','北京市西城区太平街6号8层D-902-2','王珏','18611069907',1,'',1,0,5713),(32,'91110000700221103Q','北京科园信海医药经营有限公司','1533830400','1769702400','北京市丰台区南四环西路186号四区1号楼8-9层','刘俊谊','83632865',1,'',1,0,5716),(33,'91110108MA00GRL52P','北京香溢满园商贸有限公司','1534176000','1588608000','北京市海淀区北洼路北洼路粮店15-17幢南1号平房','李伟昀','13522328105',1,'',1,0,5717),(34,'91110108801773839J','北京真爱环保科技有限公司','1534262400','1614614400','北京时尚海淀区莲花苑5号楼918','林妙华','13718428959',1,'',1,0,5718),(35,'91110108MA017DU966','北京中视文煜文化传播有限公司','1534262400','1614614400','北京市丰台区富丰路2号2-30幢24层2810','王主任','63728972 17319462026',1,'',1,0,5719),(36,'911101066828789796','北京盛泰物业管理有限公司盛凯分公司','1534262400','1588694400','北京市丰台区西四环路103号B座地下三层','张瑞琼','63716223、 13661077006',1,'',1,0,5720),(37,'91110106553134666H','北京随叫随到科技有限公司','1534435200','1562947200','丰台区融达国际509室','孙婧涵','52746149',1,'',1,0,5721),(38,'91110105351636668H','中企国邦企业管理（北京）有限公司','1534435200','1571587200','北京市朝阳区东三环中路39号院9号楼9层1002室','魏迪','57151529',1,'',1,0,5722),(39,'91110106MA01A85734','北京味百思餐饮管理有限公司','1534780800','1563292800','北京市丰台区槐房南路6号院万达广场3008号','吴飞斐','18910961850',1,'',1,0,5723),(40,'91110109MA019M7H02','北京随寓而安科技发展有限公司','1534953600','1563465600','北京市丰台区西三环南路201号融达国际509室','孙婧涵','52746149,13126988847',1,'',1,0,5724),(41,'91110105579090892D','北京经典融商投资有限公司','1534953600','1563465600','北京市朝阳区劲松农光东里11号楼工美文创园北楼三层','李熙晖','85786877 15901193588',1,'',1,0,5725),(42,'91110111330381547W','北京锦恒翔远建筑装饰工程有限公司','1535040000','1641312000','北京市房山区大安山乡赵亩地村56号','侯女士','15810430235',1,'',1,0,5726),(43,'911101016843804615','北京国天健宇物业管理发展有限公司','1535472000','1745424000','北京市东城区新中街66号','魏岩','15010865905',1,'',1,0,5728),(44,'91110106MA00CNWY7W','北京聚合宝利商贸有限责任公司','1535644800','1564156800','北京市海淀区西四环北路158号慧科大厦东区5H3','魏秀丽','88869500、88865510',1,'',1,0,5729),(45,'91110106MA00BLQN8T','北京优力可科技有限公司','1535904000','1616256000','北京市丰台区大井东里1号院1号楼518室','赵雪娇','13717912201',1,'',1,0,5730),(46,'12110106E00829013X','北京市丰台区花城幼儿园','1535904000','1564675200','北京市丰台区芳菲路88号院12号','刘老师','13601363786',1,'',1,0,5731),(47,'911101143067460089','北京拂尘龙新材料科技有限公司','1535990400','1564502400','北京市丰台区汽车博物馆东路盈坤世纪G座505','汪经理','18010277915',1,'',1,0,5732),(48,'9111010775602749XK','北京首实新业劳务服务有限责任公司','1536163200','1590595200','北京市丰台区南四环西路188号总部基地8区21号楼','温先生','13701179563',1,'',1,0,5733),(49,'911101136717415048','北京博爱清洁服务有限公司','1536249600','1564761600','北京市朝阳区望京西地铁站内（北京地铁13号线）','李庆','18310940210',1,'',1,0,5734),(50,'91110108MA00EYA69A','北京基富珠宝有限责任公司','1536508800','1565020800','北京市海淀区北洼路28号','姜巍','15300076727',1,'',1,0,5736),(51,'91110113MA007H0W3Q','上海上嘉物流有限公司北京分公司','1536508800','1694620800','北京市顺义区龙湾屯镇府前街12号197室','王丹','15201453206',1,'',1,0,5737),(52,'911101027488036988','北京京都新网华信物业管理有限公司','1536681600','1565193600','北京市西城区马连道路4号103室','高女士','13811982381',1,'',1,0,5738),(53,'91110105MA0023MKXQ','合天下网络科技（北京）有限公司','1536681600','1565193600','北京市丰台区小井村337号','夏文博','18729748078',1,'',1,0,5740),(54,'92110105MA016UD802','北京韩增光生鲜超市','1536768000','1565280000','北京市大兴区欣旺北大街3号院','张先生、付女士','15510775605，18511752913',1,'',1,0,5741),(55,'91110106MA018RDT5N','北京众创领航科技有限公司','1537459200','1565971200','北京市丰台区南三环西路16号2号楼22层2215','秦美晨','15222052036',1,'',1,0,5746),(56,'911101050648890054','宏盛财富投资有限公司','1537459200','1565971200','北京市朝阳区光华路7号13层16A6室','王双孟','15930638725',1,'',1,0,5747),(57,'91110106585840012D','北京值得买科技股份有限公司','1537459200','1583251200','北京市丰台区洋桥12号院3层至19层','林晓晓','15712980992',1,'',1,0,5748),(58,'91110106743331097R','北京意科富消防设备有限公司','1538064000','1566576000','北京市丰台区南方庄71号7层726','胡平','13911811670,52265023',1,'',1,0,5749),(59,'911101017002174549','北京国天物业管理发展有限公司','1538150400','1566662400','北京市东城区和平里六区5号楼','张丽君','18910237776',1,'',1,0,5750),(60,'91110106MA00AR1798','北京九州铁物轨道科技服务有限公司','1538928000','1567440000','北京市丰台区西三环南路201号院1号楼6层601','崔楠','13522499699，63788921',1,'',1,0,5751),(61,'91110000717860868T','北京屈臣氏个人用品连锁商店有限公司','1539187200','1567699200','朝阳区丰联广场B座12层','张女士','85722750',1,'',1,0,5753),(62,'91110111071704304J','北京富瑞勒斯科技开发有限公司','1539187200','1567699200','北京市房山区良乡北关盛通家居广场811号','罗女士','15110187042',1,'',1,0,5754),(63,'91110106085519265G','北京歌华有线客户服务信息咨询有限公司','1539187200','1567699200','北京市丰台区南四环西路188号十七区1号楼8层801室','马旭','59260000-7608、13811264983',1,'',1,0,5755),(64,'91110106MA019BFC0N','北京联惠旺商网络科技有限公司','1539273600','1593705600','北京广安路9号院4号楼15层1506','刘帅','18600085127',1,'',1,0,5756),(65,'911101067704157208','北京石榴物业服务有限公司','1539792000','1568304000','北京市丰台区榴乡路88号院18号楼8层801-42','王宇晨','89028902,18612246885',1,'',1,0,5758),(66,'911101066996228066','北京福顺百代汽车技术服务有限公司','1539878400','1568390400','北京市丰台区南三环西路91号院1号楼16层1单元1928','张卓','18601924472',1,'',1,0,5759),(67,'511100005003160281','北京市包装饮用水行业协会','1539878400','1568390400','北京市丰台区宋家庄苇子坑149号北京麒麟金阁商务楼8566','袁军','13311206209',1,'',1,0,5760),(68,'91110106MA00C7MT9T','邯钢银龙轨道科技有限公司','1539878400','1568390400','北京市丰台区广安路9号国投财富广场2号楼15A18','王京','63364498',1,'',1,0,5761),(69,'911101067655044622','乐华梅兰装饰建材有限公司北京科兴店','1539878400','1594310400','北京市丰台区邻枫路1号','由兰','83815333     13671014219',1,'',1,0,5762),(70,'911101136932007849','汉堡王（北京）餐饮管理有限公司','1540828800','1569340800','北京市顺义区顺通路25号5幢','张艺杰','13371609923',1,'',1,0,5763),(71,'91110105080499621L','富勤卓越财富投资管理（北京）有限公司','1540828800','1569340800','北京市朝阳区光华东里8号院3号楼6层601内701室','孙茜','57705833 138111020',1,'',1,0,5764),(72,'91110106802168403C','北京六必居食品有限公司天源酱园食品厂','1540828800','1569340800','北京市丰台区团河路18号','周思萌','63269318 15801447675',1,'',1,0,5765),(73,'91110000400011833L','冶金自动化研究设计院','1540828800','1569340800','北京市西四环南路72号','韩超','83735340 18001137703',1,'',1,0,5766),(74,'911101177000725827','北京卫京安烟道清洗中心','1540915200','1569427200','北京市平谷区新平西路14号-30','孙先生','18518968776',1,'',1,0,5768),(75,'91110108MA00FQ9T46','北京漫嗨教育科技有限公司','1540915200','1569427200','北京市丰台区外环西路26号院11号楼二单元101室','贺京','010-63723319/13717779885',1,'',1,0,5769),(76,'91110117MA005UUX72','北京卫京安消防工程有限公司','1540915200','1569427200','北京市平谷区新平西路14号-30','张先生','18518968776',1,'',1,0,5770),(77,'91110106MA00H9RR7F','北京澳城企业管理有限公司','1541520000','1570032000','北京市房山区长阳天星街1号院16号楼','尉秀婷','18010152636',1,'',1,0,5773),(78,'9111010679065645XK','北京天运达人力资源管理顾问有限责任公司','1541692800','1570204800','北京市丰台区科学城海鹰路9号综合楼9-22幢2层3号206','李爱红','18612429571,83638598',1,'',1,0,5775),(79,'91110106600047056P','北京宝隆城房地产开发经营中心','1541952000','1570464000','北京市丰台区科学城帝京路15-D','周承杰','63799958,16619819230',1,'',1,0,5776),(80,'9111010574470043X2','北京外企人力资源服务有限公司','1542038400','1570550400','北京市朝阳区朝阳门南大街14号','王小夏','85691444',1,'',1,0,5777),(81,'91110106MA018L1T25','北京悦读慧教育咨询有限公司','1542729600','1571241600','北京市丰台区康辛路19号院8号楼2-01','孔祥平','13552918178',1,'',1,0,5778),(82,'91110106556856031F','北京潘北昊盛汽车检测有限公司','1542729600','1571241600','北京市丰台区新发地潘家庙518号院','王秀生','13501026416',1,'',1,0,5780),(83,'91110115MA01C1TD7U','北京果联科技有限公司','1542729600','1571241600','北京市大兴区西红门镇寿保庄鸿坤金融谷1号楼102-16A室','武建玲','61288968 ，13810706950',1,'',1,0,5782),(84,'91110101673841445C','中青未来（北京）网络科技有限公司','1542816000','1571328000','北京市海淀区京师科技大厦A座15层','黄经理','57380611',1,'',1,0,5784),(85,'9111010677339294XP','北京北内柴油机有限责任公司','1543248000','1571760000','北京市丰台区大红门六合庄1号','周寅','15910273472  87882880转2008',1,'',1,0,5785),(86,'91110106592387164J','北京市溢宝荣贸易有限公司','1543334400','1571846400','北京市丰台区丰体北路2号','李妧妧','83661573',1,'',1,0,5786),(87,'91110106MA007CD6X4','北京高杰文化发展有限公司','1543420800','1571932800','北京市丰台区西四环南路72号27楼12层1202室','高老师','13811347231',1,'',1,0,5788),(88,'91110106089651909Y','国科泰达科技咨询（北京）有限公司','1544112000','1572624000','北京市丰台区长云路2号院27号楼1层26号','许薇薇','18511329757',1,'',1,0,5790),(89,'91110109554871772Q','苏州雨润发综合超市有限公司北京分公司','1545148800','1573660800','北京市丰台区首经贸地铁B口雨润发超市','郭超','13401151386，63729589',1,'',1,0,5791),(90,'91110108L68795578G','北京田村路金象大药房有限公司','1545148800','1573660800','北京市海淀区田村路43号环京现代物流设施项目A-1F-113','张女士','13683134140',1,'',1,0,5792),(91,'91110106MA001BLB64','北京康健瑞齐宁生物科技开发有限公司','1545840000','1574352000','北京市丰台区马家堡东路106号2号楼13A17','齐艳','58030293',1,'',1,0,5794),(92,'52110106MJ0274561W','北京市丰台区高娃钢琴艺术幼儿园','1547049600','1575561600','北京市丰台区小屯路１４９号','赵翠竹','51142290 13436304317',1,'',1,0,5795),(93,'91110115688396719Y','北京智德英才企业管理咨询有限公司','1547395200','1575907200','北京市大兴区黄村镇兴华大街(三段)1号楼51幢1层101室','李先生','60281062',1,'',1,0,5796),(94,'91110106565843881G','北京金源利达物业管理有限公司','1547481600','1601913600','北京市丰台区靛厂商业街2号楼5层515','薄利芳','68265801-632,13810785144',1,'',1,0,5797),(95,'91110106683595145H','北京祥瑞驰通汽车销售有限公司','1547740800','1576252800','北京市丰台区南四环西路66-1号','祖新书','63335538',1,'',1,0,5798),(96,'91110115MA0196GF85','北京点稻餐饮有限公司','1548000000','1576512000','北京市丰台区花乡街道诺德中心三期13号楼西侧二层点稻日料','薛鹏','13810773984',1,'',1,0,5799),(97,'9111010668514943X4','北京中铁第一太平物业服务有限公司','1548000000','1602432000','北京市丰台区广安路15号926室','权菲','13811193305',1,'',1,0,5800),(98,'91110108101140088B','北京天鸿宝地物业管理经营有限公司','1548864000','1603296000','北京市海淀区恩济花园13号楼五层','史静','88121080',1,'',1,0,5801),(99,'91110106563687037T','北京京大发基业空调配件有限公司','1549900800','1578412800','北京市丰台区北岗洼甲1号','任小留','18910931426',1,'',1,0,5802),(100,'911101067226170105','北京上汽首创上海大众汽车维修有限公司','1550073600','1604505600','北京市丰台区丰台北路12号','朱丹霓','63809013；18500080105',1,'',1,0,5803),(101,'91110117700339582J','北京冠华英才国际经济技术有限公司','1550073600','1578585600','北京市平谷区平谷北街甲15号院2号1层101','董悦','13401129748',1,'',1,0,5804),(102,'91110108746728209N','北京奥林联诚能源设备有限公司','1550073600','1578585600','海淀区永定路长银大厦10C05室','人事部','58896105',1,'',1,0,5805),(103,'911101067990144453','北京仁诚国际建设工程有限公司','1550419200','1578931200','北京市丰台区科技园富丰路4号工商联科技大厦4层04B01室','魏改丽','18910075176,18612003290,63785266',1,'',1,0,5806),(104,'91110117766297477A','北京中铁富红保洁服务有限责任公司','1550419200','1578931200','丰台区万科紫台6号楼2单元202','陈小龙','15810561552  63393350',1,'',1,0,5807),(105,'91110106MA007CLL3R','聚才引智（北京）劳务服务有限公司','1550505600','1579017600','北京市丰台区西四环南路35号中都科技大厦527','王雨桐','63813443   15101052470',1,'',1,0,5808),(106,'91110106358301203U','北京中认泰华酒店管理有限公司','1550505600','1579017600','北京市丰台区益辰欣园10号楼1至4层10-2','王春艳','83790809-8101',1,'',1,0,5809),(107,'9111010810196209X0','北京中际北视物业管理有限公司','1550592000','1579104000','北京市海淀区车公庄西路32号','高玉霞','88304111；13911077210',1,'',1,0,5810),(108,'91110106679615019W','北京天一辉远生物科技有限公司','1550592000','1579104000','北京市丰台区科学城航丰路8号417室(园区)','崔鑫','18513379064',1,'',1,0,5811),(109,'91110302MA004NQM7F','北京众合创兴经贸有限公司','1550592000','1579104000','北京市北京经济技术开发区荣华中路8号院13号楼12层','张萌','13810971627',1,'',1,0,5812),(110,'91110106700100408U','北京市广源佳业商贸有限公司','1550592000','1605024000','北京市丰台区丰管路16号7号楼3019','袁超','63816842；13911266378',1,'',1,0,5813),(111,'91110106MA01AKYB3M','北京乐众旅行社有限公司','1550764800','1579276800','北京市丰台区航丰路1号院2号楼18层1815室','王洁颖','13601386584',1,'',1,0,5814),(112,'91110105MA01CPYAX3','北京辰威昱晟科技发展有限公司','1550764800','1579276800','北京市朝阳区广渠门大街15号楼5号','胡霞','18511726658',1,'',1,0,5815),(113,'911101028013932894','北京泰元坊茶艺馆','1550764800','1579276800','北京市西城区护国寺街85号11幢201','马腾','83286299,18701574223',1,'',1,0,5816),(114,'91110107MA01GFP64U','北京伯仲盛达文化发展有限公司','1551024000','1579536000','北京市石景山区实兴大街7号2幢1层2226号','李忠','13651261235',1,'',1,0,5817),(115,'91110107717727418A','北京金银建科技发展有限公司','1551024000','1579536000','北京市石景山区八大处高科技园区西井路3号3号楼1378室','贺女士','63771793',1,'',1,0,5818),(116,'91110106102186088Y','北京国润酒店管理有限公司','1551110400','1579622400','北京市丰台区西四环南路46号国润商务大厦B座812室','程女士','63816666-6308、63821216',1,'',1,0,5819),(117,'91110106700082801N','北京宏华佳业科工贸有限公司','1551110400','1579622400','北京市丰台区王佐镇沙锅村侯家峪村西','康自由','13718266302',1,'',1,0,5820),(118,'91110109MA00E4BH3B','北京昊诚懿德养老服务有限公司','1551110400','1579622400','北京市门头沟区杨坨粮库院内CZ0044室','刘光鹏','18201698756，010-60320502',1,'',1,0,5821),(119,'911101067601438210','北京嘉福瑞科技有限公司','1551196800','1579708800','北京市丰台区卢沟桥西街107号','刘雨','83841409，13716945210',1,'',1,0,5822),(120,'91110108743311299Q','北京京都紫华美容美发有限公司','1551196800','1579708800','北京市丰台区西局欣园南区1号楼B1','王玉玲','13439490117',1,'',1,0,5823),(121,'91110106802370951T','北京书韬图书有限公司','1551369600','1579881600','北京市丰台区科技园富丰路4号15层15B05','李嘉慧','13718961575',1,'',1,0,5824),(122,'52110106358999621E','北京市丰台区星天使教育中心','1551369600','1579881600','北京市丰台区小屯路兆丰园３区１号楼华富丽苑底商三层','赵旭','13801198155',1,'',1,0,5825),(123,'911101021014476881','北京市世源汽车贸易有限公司','1551369600','1579881600','北京市朝阳区南四环东路69号城环城国际汽配城5号楼133号','贾向飞','13370161913',1,'',1,0,5826),(124,'91110106MA019QXD4H','恒升（北京）人力资源管理服务有限公司','1551628800','1580140800','北京市丰台区丰台东路58号3层317房间','吴女士','010-83680321；010-83689072',1,'',1,0,5828),(125,'911100006742758447','东方银安（北京）信用管理有限公司','1551628800','1580140800','北京市丰台区北京西站东附楼A座二层西部','王女士，乔女士','69252620,13661171281（王）136914123',1,'',1,0,5829),(126,'9111010679901199X9','北京津家顺物业管理有限公司','1551715200','1580227200','北京市丰台区南三环东路成寿寺路2号','郭金玲','15011230839；18500157525',1,'',1,0,5830),(127,'91110106MA0020GF2D','北京燕德宝嘉泰汽车销售有限公司','1551715200','1580227200','北京市丰台区贾家花园15号院7号楼2116室','王女士','15300381486',1,'',1,0,5831),(128,'91110106MA0030WG8W','和博（北京）科技发展有限公司','1551715200','1580227200','北京市丰台区百强大道10号楼13至14层2单元1307-1','李英新','13611019757',1,'',1,0,5832),(129,'911101127501087907','北京二商大红门肉类食品有限公司','1551801600','1580313600','北京市通州区潞城镇食品工业园区武兴北路1号','李小漫','17301340336',1,'',1,0,5833),(130,'91110106MA007LRL69','北京中政建研企业管理咨询有限公司','1551801600','1580313600','北京市丰台区巴庄子139号39栋1081室','金丽','18911461220',1,'',1,0,5834),(131,'911101067906595707','江西大厦股份有限公司北京江西大酒店','1551888000','1580400000','北京市丰台区东铁匠营横一条8号','杨冬媛','13581711610',1,'',1,0,5835),(132,'91110106057397651A','北京丰科建酒店管理有限公司','1551888000','1580400000','北京市丰台区园博会主展馆','贾梦竹','13466550646',1,'',1,0,5836),(133,'91110106MA019WGB6Q','北京圣喻环保科技有限公司','1551888000','1580400000','北京市丰台区新丰驾校南院2层205-208','范晓欢','18611640765',1,'',1,0,5837),(134,'911101067214373763','北京三和晨光物业管理有限公司','1551888000','1580400000','北京市丰台区科技园富丰路4号05B','孙丽芳','13426038761',1,'',1,0,5838),(135,'91110108069587583N','北京泰豪装备科技有限公司','1551888000','1580400000','北京市丰台区双林东路8号B座泰豪军工','吴展','13522800293',1,'',1,0,5839),(136,'91110105MA00FK2E06','鼎佑教育科技（北京）有限公司','1551888000','1580400000','北京市朝阳区霄云路36号1幢12层1203单元','李阳','13717654803',1,'',1,0,5840),(137,'91110106MA01FWMU2P','上海曼能科技有限公司北京分公司','1551974400','1580486400','北京市丰台区丰管路16号2号楼3层3002室','赵云杰','13911546381',1,'',1,0,5841),(138,'91110106MA01H5DY50','北京万丰创动科技服务有限公司','1552233600','1580745600','北京市丰台区万丰路318号院1号楼5层01室','赵玉雪','13917644781',1,'',1,0,5842),(139,'91110102673821137F','北京万古恒信科技有限公司','1552320000','1580832000','北京市海淀区北太平庄城建大厦A1306','赵雨晴','13810002419',1,'',1,0,5843),(140,'91110106575178862W','中海红月（北京）文化有限公司','1552320000','1814112000','北京市丰台区花乡大葆台158号','田端来','18910157891',1,'',1,0,5844),(141,'9111010868356404XL','北京金凯惠医疗器械有限责任公司','1552492800','1581004800','北京市丰台区丰管路16号9号楼2层2032B','高大新','15810579492',1,'',1,0,5845),(142,'91110106585812601J','北京中鼎智德贸易有限公司','1552579200','1581091200','北京市丰台区石榴园北里42号楼6层1单元610','王娜','13532130887',1,'',1,0,5846),(143,'911101066963001154','北京鑫奥睿智科技发展有限公司','1552579200','1581091200','北京市丰台区卢沟桥宛平城晓月阁3号院','赵炎炎','13720026946',1,'',1,0,5847),(144,'911101066723675263','北京金顺恒祥商贸有限公司','1552838400','1581350400','北京市丰台区京开路新发地桥西侧新发地农副产品批发市场中心新发地蔬菜批发市场农产品配送商住楼21号','齐金中','13801198847',1,'',1,0,5848),(145,'9111010859772975X7','北京融汇宏图咨询有限公司','1552838400','1581350400','北京市丰台区西三环南路57号-1至7层101内618室','董小萱','60157078  18510391279',1,'',1,0,5849),(146,'91110108085476875N','北京中科嘉泰养老服务有限公司','1552838400','1581350400','北京市丰台区莲花池西里11号4号楼518','王璐','13661340184',1,'',1,0,5850),(147,'911100007667513933','希杰（中国）食品有限公司','1552924800','1581436800','北京市昌平区沙河镇松兰堡村西','高峰','80722870  18831767890',1,'',1,0,5851),(148,'91110106MA01E5Q38L','北京金汤永固经济贸易有限公司','1552924800','1581436800','北京市丰台区万兴路1号院1号楼5层508','关凤玲','13911935172',1,'',1,0,5852),(149,'91110102766289207N','北京首汽众智企业管理咨询有限公司','1553011200','1581523200','北京市西城区枣林前街119号二层商业','付文豪','18500808836',1,'',1,0,5853),(150,'91110106MA001RRC6N','中知互联（北京）技术有限公司','1553011200','1581523200','北京市丰台区星火路1号昌宁大厦20E','刘玉竹','53510996',1,'',1,0,5854),(151,'91110102762960331M','北京思学普信息技术有限公司','1553097600','1581609600','丰台区六圈西路8号','黄昊','18600592700',1,'',1,0,5855),(152,'911101090785339821','北京卓林乐佳商贸有限公司','1553097600','1581609600','北京市门头沟区石龙经济开发区永安路20号3号楼B1-5888室','王连满','13311312594',1,'',1,0,5856),(153,'91110106327164330X','北京乐博航科技有限公司','1553443200','1581955200','北京市丰台区大成里秀园13号楼东侧楼三层(卢沟桥企业集中办公区)','雷静','88538895 13910628949',1,'',1,0,5858),(154,'91110106MA008MAE96','北京和众创安注册安全工程师事务所有限公司','1553443200','1581955200','北京市丰台区丰北路81号四层3411室','施建梅','13683642452',1,'',1,0,5859),(155,'52110106MJ0274465K','北京市丰台区大成幼儿园','1553443200','1581955200','北京市丰台区大成路大成南里三区２７号楼','韩老师','13691524956',1,'',1,0,5860),(156,'91110106786180137E','北京嘉金福瑞汽车销售服务有限公司','1553443200','1581955200','北京市丰台区青塔西路69号','徐秋莹','13718852535',1,'',1,0,5861),(157,'91110106749397206P','北京悦康志德医药贸易有限公司','1553529600','1582041600','北京市丰台区汽车博物馆东路1号院2号楼6层南座703、705、706','赵玉林','18602417173,87608790',1,'',1,0,5862),(158,'91110108MA007J066B','北京博天数创科技有限公司','1553529600','1582041600','北京市海淀区上地信息产业基地三街1号楼-1层地下室A段','乔慧宇','86487292,17320512776',1,'',1,0,5865),(159,'91110106781733716T','北京万隆汇洋家居建材市场有限公司','1553702400','1608134400','北京市丰台区丰台路口甲215号','赵帅达','18332318380',1,'',1,0,5866),(160,'91110108339808375D','阿基米米科技（北京）有限公司','1553788800','1582300800','北京市海淀区羊坊店路18号1幢5层513-1','汪琪','15011116177,63951502',1,'',1,0,5867),(161,'9111000056214134XP','奥福能源股份有限公司','1553788800','1582300800','北京市丰台区外环西路26号院56号楼一层','李娟','13911233245',1,'',1,0,5868),(162,'9111010830637948X6','北京中天阳光建筑有限公司','1553788800','1582300800','北京市海淀区白家疃尚水园1号楼8层825','刘经理','18500378592  64281689',1,'',1,0,5869),(163,'91110106L2285945X0','北京创高助新会计师事务所（普通合伙）','1553788800','1582300800','北京市丰台区南四环西路188号十八区21号楼6层601室','程小红','18739162963,6895519',1,'',1,0,5870),(164,'91110108600414725K','北京京联正泰机电设备销售有限公司','1554048000','1582560000','北京市海淀区清河小营桥北500米路西正泰机电商场','王孟东','88215919',1,'',1,0,5871),(165,'91110111592388917J','北京房安新月出租汽车有限责任公司','1554048000','1582560000','北京市房山区长阳万兴路86号-E611','刘英杰','13311077870',1,'',1,0,5872),(166,'91110114MA01CJF00N','北京百家修商贸有限公司','1554220800','1582732800','北京市昌平区昌平镇鼓楼西街12号楼1至3层19','叶帆','13810900749',1,'',1,0,5873),(167,'91110229788638658U','北京华厦兴业物业管理有限公司','1554307200','1582819200','北京市延庆区延庆镇京张路口南(六场院内)','冯俊','15235371078',1,'',1,0,5874),(168,'91110107327124443D','北京莱雅商务酒店有限公司','1554307200','1582819200','北京市丰台区丰台南路108号院','武彦江','15235722722',1,'',1,0,5875),(169,'911101075513663168','北京点线面市场调查有限公司','1554739200','1583251200','北京市石景山区阜石路166号1号楼7层716室','胡海杰','13261832385',1,'',1,0,5876),(170,'12110000735130834Y','北京市网球运动管理中心','1554825600','1583337600','北京市丰台区光彩路1号','万女士','67211028',1,'',1,0,5877),(171,'911101075825556977','北京霄霖天下科技发展有限公司','1554912000','1583424000','北京市石景山区古城大街特钢公司十一区(首特创业基地A座)五层521号','田铁','13911345332',1,'',1,0,5878),(172,'91110106664622160W','北京英印威尔物业管理有限公司','1554998400','1583510400','北京市丰台区海鹰路6号院8号楼','曹经理','13611256480',1,'',1,0,5879),(173,'91110106780961258G','北京垲煜弘业科技有限公司','1555344000','1583856000','北京市丰台区永外东铁营苇子坑2号10-5楼2层218、225室','李梦岩','87651696，13910731912',1,'',1,0,5880),(174,'91110115MA003G1Q6A','北京康盛伟业科技发展有限责任公司','1555344000','1583856000','北京市丰台区总部基地十二区五号楼五层','人事部','63705289',1,'',1,0,5881),(175,'91110106760140874Q','北京中达信保险公估有限公司','1555344000','1583856000','北京市丰台区丰台镇东货场路38号11栋212室','戴瑞娇','18701063010',1,'',1,0,5882),(176,'911101067433215857','北京新发地汽车交易市场有限公司','1555430400','1583942400','北京市丰台区南四环中路260号','于建丽','13511038973',1,'',1,0,5883),(177,'91110000102168111T','北京华德液压工业集团有限责任公司液压泵分公司','1555516800','1584028800','北京市丰台区卢沟桥南里3号','金曼','18510249319；83895360',1,'',1,0,5884),(178,'911101123272397421','嘉和通联（北京）科技有限公司','1555516800','1584028800','丰台区汽车博物馆东路盈坤世纪G座902号','毛艳霞','68218256,13241429251',1,'',1,0,5885),(179,'911101147533173287','北京九通衢检测技术股份有限公司','1555516800','1584028800','北京市丰台区总部基地海鹰路5号赛欧广场6层东厅','高雨婷','63323229',1,'',1,0,5886),(180,'91110106101119801P','北京毛线厂','1555603200','1610035200','北京市丰台区方庄芳星园二区甲3号','高容燕','67697392',1,'',1,0,5887),(181,'91110115MA01DDT41E','北京芦月轩餐饮管理有限公司','1555603200','1584115200','北京市大兴区海鑫北路9号1幢一层110房间','张启冬','13601199402',1,'',1,0,5888),(182,'91110108579064141E','世卫联合（北京）健康管理有限公司','1555603200','1584115200','北京市海淀区北洼路29号10层1112号(住宅)','冯经理','15901569361',1,'',1,0,5889),(183,'91110106633638581F','北京市中强康达贸易行','1555603200','1584115200','北京市丰台区丰体时代花园7号楼902','邱子军','87703033、13121012776',1,'',1,0,5890),(184,'91110108MA00F8L046','北京云农公社商务服务有限公司','1555603200','1584115200','北京市西城区莲花河胡同2号院1号楼1层102-5','戴曦瑞','634337216-811',1,'',1,0,5891),(185,'91110106794057585J','北京燃烽医药有限责任公司','1555862400','1584374400','北京市丰台区风荷曲苑4号楼1层003','戴经理','18888822895',1,'',1,0,5893),(186,'91110106700103027R','北京鑫之易经贸有限公司','1555948800','1584460800','丰台区南四环西路73号花（花乡汽车园内）','汪保元','13121153529',1,'',1,0,5894),(187,'91110115MA018MBJ7D','北京励新网络科技有限公司','1555948800','1584460800','北京市大兴区金星路12号院2号楼13层1602室','苏石磊','18010042445',1,'',1,0,5895),(188,'91110105MA0177J81U','亿邦通（北京）国际通讯科技有限公司','1555948800','1584460800','北京市大兴区金星路12号院2号楼3层0315室','高宇同','51148033，18210261427',1,'',1,0,5896),(189,'91110106330251152N','北京集美家居市场有限公司','1555948800','1584460800','北京市丰台区大红门西马厂甲14号','史静','87885020',1,'',1,0,5897),(190,'12110106E00828002J','北京市丰台区房屋经营管理中心西罗园分中心','1555948800','1584460800','丰台区洋桥北里25号楼','王董进女士','67263909',1,'',1,0,5898),(191,'91110108MA003NU15A','北京奥动新能源投资有限公司','1556035200','1584547200','北京市北京经济技术开发区荣华南路2号院2号楼1201','于园园','18210162938',1,'',1,0,5899),(192,'91110106MA00BRB00M','北京我爱我家房地产经纪有限公司镇国寺北街第一分公司','1556035200','1584547200','北京市丰台区草桥欣园二区9号楼C区1-105','聂伟','13691133989',1,'',1,0,5900),(193,'91110102MA01ET7AXA','北京众诚道合人力资源有限责任公司','1556035200','1584547200','北京市丰台区航丰路1号院3号楼3至17层301内6层711室','范涛','13501018293',1,'',1,0,5901),(194,'91110106MA01E3C84T','北京郎酒商贸有限公司','1556121600','1584633600','北京市丰台区日月天地A座907室','王玉','58075196 19920031236',1,'',1,0,5902),(195,'911101067609084415','北京恒汇五粮商贸有限公司','1556121600','1584633600','北京市丰台区航丰路1号院2号楼1层105室','姜文韬','13683528505',1,'',1,0,5903),(196,'91110108554815471L','清研灵智信息咨询（北京）有限公司','1556208000','1584720000','北京市海淀区北三环中路44号4号楼5层509号','贾永杰','18811689532',1,'',1,0,5904),(197,'91110102684388981U','北京惠友旺科技有限公司','1557158400','1585670400','北京市丰台区诺德中心2期11号楼2611号','周勇','13718335156',1,'',1,0,5905),(198,'911101095768517564','北京星源宏业房地产经纪有限公司','1557158400','1585670400','北京市丰台区长云路2号','郑秀媛','13716532737',1,'',1,0,5906),(199,'91110101700156620A','北京安圣德尚纸制品有限责任公司','1557244800','1585756800','北京市丰台区万年花城万芳园2区7号楼3单元402','王志勇','83684217',1,'',1,0,5907),(200,'911101050514114753','北京惠隆睿和劳务派遣有限公司','1557244800','1585756800','北京市朝阳区建华南路11号1幢6层1-6内602','马老师，魏老师','85303211',1,'',1,0,5908),(201,'91110106763524777N','北京金色阳光物业管理有限公司','1557244800','1585756800','北京市丰台区马家堡西路15号时代风帆大厦B2','李常青','67529839',1,'',1,0,5909),(202,'91110106777667795L','北京市温馨水处理科技发展有限公司','1557331200','1585843200','北京市丰台区小郭庄西路41号','马瑜泽','15010311488,13811501959',1,'',1,0,5910),(203,'91110114102634418Q','北京保发艺术装饰有限责任公司','1557331200','1585843200','北京市朝阳区望京中环南路甲2号佳境大厦B座1107','刘灵芝','83622558',1,'',1,0,5911),(204,'911101063271913476','北京锦斓科技有限公司','1557331200','1585843200','北京市丰台区大成里秀园13号楼东侧楼三层(卢沟桥企业集中办公区)','李先生','15801450757',1,'',1,0,5912),(205,'911101067990028909','北京好特热国际酒店管理有限公司','1557331200','1585843200','北京市丰台区方庄芳星园二区12号','贾维维','67685119',1,'',1,0,5913),(206,'911101077560298231','北京鑫红森林广告有限公司','1557417600','1585929600','北京市丰台区靛厂路靛厂锦园小区8号楼3单元201室','李翠兰','88118769',1,'',1,0,5914),(207,'91110113MA0092F58Q','北京家里仁社区服务有限公司','1557763200','1586275200','北京市丰台区集美家居4号楼','刘洪','13521969250',1,'',1,0,5915),(208,'91110106306329247Y','北京联众金润房地产经纪有限公司','1557763200','1586275200','北京市丰台区西马场南里二区5号楼5-118','王平','18301090629',1,'',1,0,5916),(209,'91110106560363512Y','北京瑞力奥医疗设备有限公司','1557763200','1586275200','北京市丰台区南苑北里二区6号楼512','赵经理','18601302791',1,'',1,0,5917),(210,'91110302085503378X','北京壹堂教育科技有限公司','1557849600','1586361600','北京市丰台区紫芳园六区5号楼2层1单元217','胡滨','87227839,13811059890',1,'',1,0,5918),(211,'911101126812473821','中体盛世（北京）国际体育管理有限公司','1557936000','1586448000','北京市通州区西富河园1号H-1、H-3','王莹','18614078021',1,'',1,0,5919),(212,'91110106567475437Y','依文服饰股份有限公司','1558022400','1586534400','北京市丰台区射击场路15号 丰台园博园2号门 依文城堡','李志丹','63702255转222 ；15600176071',1,'',1,0,5920),(213,'911101067533082457','北京酒总酒店设备有限公司','1558022400','1586534400','北京市丰台区右安门外东滨河路2号小4号楼','赵女士','83559988 13621287439',1,'',1,0,5921),(214,'91110000677402749W','河北华银房地产开发有限公司北京分公司','1558281600','1586793600','北京市海淀区什芳院6号京都信苑饭店5021','张璇','18210851992,18210834437(私人）',1,'',1,0,5922),(215,'9111010859965494XE','云能投（北京）投资咨询有限公司','1558281600','1586793600','北京市西城区广安门内大街40号','穆红伟','88575880',1,'',1,0,5923),(216,'91110106MA005YHEXM','北京明海通通讯科技有限公司','1558368000','1586880000','北京市丰台区中体奥林匹克三期17栋、33栋','马文静','13811872863',1,'',1,0,5924),(217,'91110102723994256K','北京港佳好邻居连锁便利店有限责任公司','1558454400','1586966400','北京东城区和平里北街6号26号楼西侧门二层','胡利娜','88463550',1,'',1,0,5925),(218,'91110105399106762A','北京医轩国际医学研究院','1558454400','1586966400','北京市丰台区东大街6号院10号楼102','朗威','13671027385',1,'',1,0,5926),(219,'91110108740406030P','北京源之祥工业控制设备有限公司','1558886400','1587398400','北京市丰台区大成路6号院1号楼15层1518','潘雪梅','88177045',1,'',1,0,5927),(220,'91110304741553796J','北京振英物业管理有限公司','1558886400','1587398400','北京市海淀区西北旺永旺家园三区一号楼四单元负一','张秋虹','62501508',1,'',1,0,5928),(221,'911101063067121075','北京连辉企业管理有限公司','1559232000','1587744000','北京市丰台区程庄路71号7幢306室','张素梅','57233396,13683329747,1352020410',1,'',1,0,5929),(222,'911101176757466951','中京国际保险销售（北京）有限公司','1559664000','1588176000','石景山八角茂华大厦6楼603','种海楠(chong2声)','15901171074（种chong2声）',1,'',1,0,5930),(223,'91110106101104060H','中国邮政集团公司北京市丰台区分公司','1559750400','1588262400','北京市丰台区蒲芳路22号','张皓冉','67661070,13911835754（张)138111148',1,'',1,0,5931),(224,'911101060556015245','北京诺信联科技有限公司','1560182400','1588694400','北京市丰台区小屯路兆丰馨园东区7-2-203','夏婉娟','13121950595',1,'',1,0,5932),(225,'91110108MA01FM712P','北京紫熙教育科技有限公司','1560873600','1589385600','北京市丰台区南四环西路186号二区1号楼5层11室','卢征文','56147060,18511167300',1,'',1,0,5933),(226,'91110109700076698T','北京华新电工设备有限公司','1560960000','1589472000','北京市丰台区海鹰路6号院28号楼','张经理','59703322转408,13810065099',1,'',1,0,5934),(227,'91110106074138395Y','北京万益鸿源商贸有限公司','1560960000','1589472000','北京市丰台区右安路马家楼213号京诚开源市场C34、35号','李经理','13001125938',1,'',1,0,5935),(228,'91110116560393287B','嘉泰智通（北京）物业管理服务有限公司','1561305600','1589817600','北京市怀柔区杨宋镇凤翔东大街9号A座390室','刘经理','15110036835',1,'',1,0,5936),(229,'9111010710228880XL','北京天山新材料技术有限公司','1561392000','1589904000','北京市石景山区八大处高科技园区双园路5号','许静','88795588-5780，13552602244',1,'',1,0,5937),(230,'91110105686932813A','梵华怡居（北京）家居有限公司','1562256000','1590768000','北京市朝阳区大郊亭中街2号院1号楼1-17D','李金明','15001318952',1,'',1,0,5938),(231,'91110106MA00CKC70Y','北京云客互动信息技术有限公司','1562256000','1590768000','北京市丰台区丰管路16号9号楼5023','周胜男','83832392',1,'',1,0,5939);
/*!40000 ALTER TABLE `vp_zj_company` ENABLE KEYS */;
UNLOCK TABLES;

--
--


/*!40101 SET SQL_MODE=@OLD_SQL_MODE */;
/*!40014 SET FOREIGN_KEY_CHECKS=@OLD_FOREIGN_KEY_CHECKS */;
/*!40014 SET UNIQUE_CHECKS=@OLD_UNIQUE_CHECKS */;
/*!40101 SET CHARACTER_SET_CLIENT=@OLD_CHARACTER_SET_CLIENT */;
/*!40101 SET CHARACTER_SET_RESULTS=@OLD_CHARACTER_SET_RESULTS */;
/*!40101 SET COLLATION_CONNECTION=@OLD_COLLATION_CONNECTION */;
/*!40111 SET SQL_NOTES=@OLD_SQL_NOTES */;

-- Dump completed on 2019-07-08 16:41:39
