-- MySQL dump 10.16  Distrib 10.1.36-MariaDB, for Linux (x86_64)
--
-- Host: localhost    Database: manager
-- ------------------------------------------------------
-- Server version	10.1.36-MariaDB

/*!40101 SET @OLD_CHARACTER_SET_CLIENT=@@CHARACTER_SET_CLIENT */;
/*!40101 SET @OLD_CHARACTER_SET_RESULTS=@@CHARACTER_SET_RESULTS */;
/*!40101 SET @OLD_COLLATION_CONNECTION=@@COLLATION_CONNECTION */;
/*!40101 SET NAMES utf8 */;
/*!40103 SET @OLD_TIME_ZONE=@@TIME_ZONE */;
/*!40103 SET TIME_ZONE='+00:00' */;
/*!40014 SET @OLD_UNIQUE_CHECKS=@@UNIQUE_CHECKS, UNIQUE_CHECKS=0 */;
/*!40014 SET @OLD_FOREIGN_KEY_CHECKS=@@FOREIGN_KEY_CHECKS, FOREIGN_KEY_CHECKS=0 */;
/*!40101 SET @OLD_SQL_MODE=@@SQL_MODE, SQL_MODE='NO_AUTO_VALUE_ON_ZERO' */;
/*!40111 SET @OLD_SQL_NOTES=@@SQL_NOTES, SQL_NOTES=0 */;

--
-- Current Database: `manager`
--

CREATE DATABASE /*!32312 IF NOT EXISTS*/ `manager` /*!40100 DEFAULT CHARACTER SET utf8 */;

USE `manager`;

--
-- Table structure for table `vp_category`
--

DROP TABLE IF EXISTS `vp_category`;
/*!40101 SET @saved_cs_client     = @@character_set_client */;
/*!40101 SET character_set_client = utf8 */;
CREATE TABLE `vp_category` (
  `category_name` varchar(32) DEFAULT NULL,
  `parent_id` int(32) DEFAULT NULL,
  `icon` varchar(32) DEFAULT NULL,
  `childs` varchar(255) DEFAULT NULL,
  `url` varchar(255) DEFAULT NULL,
  `category_id` int(32) NOT NULL AUTO_INCREMENT,
  PRIMARY KEY (`category_id`)
) ENGINE=InnoDB AUTO_INCREMENT=28 DEFAULT CHARSET=utf8;
/*!40101 SET character_set_client = @saved_cs_client */;

--
-- Dumping data for table `vp_category`
--

LOCK TABLES `vp_category` WRITE;
/*!40000 ALTER TABLE `vp_category` DISABLE KEYS */;
INSERT INTO `vp_category` VALUES ('根',0,'fa fa-files-o','[2,5,8,11,14,19,21,26]','',1),('文档工具',1,'fa fa-files-o','[3,4]','',2),('文档匹配',2,'fa fa-files-o','[]','/index/record/supplement',3),('文档状态',2,'fa fa-files-o','[]','/index/record/status',4),('职介',1,'fa fa-user','[6,7]','',5),('屏幕',5,'fa fa-th-large','[]','/index/ftzj/barrage',6),('后台',5,'fa fa-th-large','[]','/index/ftzj/admin',7),('维护',1,'fa fa-user','[10]','',8),('维护',8,'fa fa-th-large','[]','/index/comment/comment',9),('后台',8,'fa fa-th-large','[]','/index/comment/commentList',10),('用户',1,'fa fa-user','[12,13]','',11),('个人主页',11,'fa fa-th-large','[]','/index/User/index',12),('修改密码',11,'fa fa-th-large','[]','/index/User/changePwd',13),('管理员',1,'fa fa-user','[15,16,17,18]','',14),('用户管理',14,'fa fa-th-large','[]','/index/manager/user',15),('群组设置',14,'fa fa-th-large','[]','/index/manager/group',16),('菜单设置',14,'fa fa-th-large','[]','/index/category/index',17),('权限设置',14,'fa fa-th-large','[]','/index/pr/index',18),('设置',1,'fa fa-th-large','[20]','/index/category/index',19),('感谢名单',19,'fa fa-th-large','[]','/index/common/thanks',20),('固定资产',1,'fa fa-th-large','[22,23,24,25]','assets',21),('入库',21,'fa fa-th-large','','/index/assets/addItem',22),('审核',21,'fa fa-th-large','','/index/assets/verify',23),('流转',21,'fa fa-th-large','','/index/assets/roam',24),('我的资产',21,'fa fa-th-large','','/index/assets/myassets',25),('消息',1,'fa fa-th-large','[27]','＃',26),('我的消息',26,'fa fa-th-large','','/index/message/my',27);
/*!40000 ALTER TABLE `vp_category` ENABLE KEYS */;
UNLOCK TABLES;

--
-- Table structure for table `vp_comments`
--

DROP TABLE IF EXISTS `vp_comments`;
/*!40101 SET @saved_cs_client     = @@character_set_client */;
/*!40101 SET character_set_client = utf8 */;
CREATE TABLE `vp_comments` (
  `content` mediumtext,
  `user_tel` varchar(32) DEFAULT NULL,
  `user_name` varchar(32) DEFAULT NULL,
  `thumb` varchar(255) DEFAULT NULL,
  `department` varchar(32) DEFAULT NULL,
  `status` int(32) DEFAULT '1',
  `comment_id` int(32) NOT NULL AUTO_INCREMENT,
  `create_time` varchar(32) DEFAULT NULL,
  `qrcode` varchar(32) DEFAULT NULL,
  PRIMARY KEY (`comment_id`)
) ENGINE=InnoDB DEFAULT CHARSET=utf8;
/*!40101 SET character_set_client = @saved_cs_client */;

--
-- Dumping data for table `vp_comments`
--

LOCK TABLES `vp_comments` WRITE;
/*!40000 ALTER TABLE `vp_comments` DISABLE KEYS */;
/*!40000 ALTER TABLE `vp_comments` ENABLE KEYS */;
UNLOCK TABLES;

--
-- Table structure for table `vp_company`
--

DROP TABLE IF EXISTS `vp_company`;
/*!40101 SET @saved_cs_client     = @@character_set_client */;
/*!40101 SET character_set_client = utf8 */;
CREATE TABLE `vp_company` (
  `company_name` varchar(255) DEFAULT NULL,
  `address` mediumtext,
  `street` varchar(255) DEFAULT NULL,
  `company_id` int(32) NOT NULL AUTO_INCREMENT,
  PRIMARY KEY (`company_id`)
) ENGINE=InnoDB AUTO_INCREMENT=1521 DEFAULT CHARSET=utf8;
/*!40101 SET character_set_client = @saved_cs_client */;

--
-- Dumping data for table `vp_company`
--

LOCK TABLES `vp_company` WRITE;
/*!40000 ALTER TABLE `vp_company` DISABLE KEYS */;
INSERT INTO `vp_company` VALUES ('北京鑫诚益永恒劳务服务有限公司','北京市丰台区大灰厂村462号','长辛店镇',1),('北京长辛店庆云轮胎修理有限公司','北京市丰台区赵辛店953号','长辛店镇',2),('北京市丰台区长辛店镇社区卫生服务中心','北京市丰台区射击场路２３号','长辛店镇',3),('北京华盛永兴保温建材有限公司','北京丰台区长辛店镇大灰厂村','长辛店镇',4),('北京合力乾航科贸有限责任公司','北京市丰台区长云路2号院27号楼1层23','长辛店镇',5),('北京市丰台区槐树岭学校','北京市丰台区大灰厂东路19号','长辛店',6),('中国北方车辆研究所','北京市丰台区槐树岭四号院','长辛店',7),('中车北京二七车辆有限公司','丰台区张郭庄甲一号','长辛店',8),('北京北方华德尼奥普兰客车股份有限公司','丰台区朱家坟五里五号','长辛店',9),('北京隆轩橡塑有限公司','北京市丰台区张郭庄3号','长辛店',10),('北京市丰台区长辛店街道社区服务中心','丰台区长辛店大街128号','长辛店',11),('北京市丰台区工读学校','北京市丰台区长辛店西峰寺60号','长辛店',12),('北京市丰台区长辛店第一幼儿园','北京市丰台区长辛店连杨街4号','长辛店',13),('北京市丰台区房屋经营管理中心长辛店分中心','丰台长辛店公路街27号','长辛店',14),('北京市丰台区长辛店学校','北京市丰台区朱家坟一里44号','长辛店',15),('北京创世启元商贸有限公司','北京市丰台区长辛店德善里19号9011室','长辛店',16),('北京雷勃尔医疗器械有限公司','北京市丰台区长辛店西后街169号','长辛店',17),('北京中洲文化交流有限公司','北京市丰台区教堂胡同76号','长辛店',18),('北京昱立柏云科技有限公司','北京市丰台区长辛店镇赵辛店426号─01','长辛店',19),('北京昊济天泽科贸有限公司','北京市丰台区长辛店杜家坎4号 号楼2层212室','长辛店',20),('航天科工惯性技术有限公司','北京市丰台区云岗北里1号院航天三院103楼','云岗',21),('北京星航机电装备有限公司','丰台区云岗东王佐北路九号','云岗',22),('北京京丰燃气发电有限责任公司','北京市丰台区云岗西路15号','云岗',23),('首都师范大学附属云岗中学','北京市丰台区云岗北区东里一号','云岗',24),('爱景节能科技（北京）有限公司','北京市丰台区汽车博物馆东路1号院2号楼11层南座1205','园区',25),('北京丰科园商务服务有限公司','丰台花乡六圈路16号','园区',26),('阳光凯讯（北京）科技有限公司','北京市丰台区科学城航丰路9号605-609室(园区)','园区',27),('北京欣卓越技术开发有限责任公司','北京市丰台区总部基地6区8号楼','园区',28),('北京慧源博大电梯销售维修有限公司','北京市丰台区科技园富丰路4号15层15A03','园区',29),('中新联进出口有限公司','北京市丰台区南四环西路188号15区6号楼2层','园区',30),('北京玛雅岛酒店管理有限公司','北京市丰台区南四环西路188号三区27－34号楼','园区',31),('北京中景恒基工程管理有限公司','丰台区南四环西路186号汉威国际广场3期6号楼4层','园区',32),('中食净化科技（北京）股份有限公司','北京市丰台区海鹰路6号院29号楼1-2层（园区）','园区',33),('天河智造（北京）科技股份有限公司','北京市丰台区南四环西路186号汉威广场三区6号楼704','园区',34),('成都卫士通信息安全技术有限公司北京分公司','北京市丰台区南四环西路188号总部基地18区6号楼5-7层','园区',35),('中国建筑第五工程局有限公司北京分公司','北京市丰台区南四环西路188号八区4号楼一层101室','园区',36),('蝶和科技(中国)有限公司','北京市丰台区丰茂南路汉威国际广场186号6号楼7层','园区',37),('中国建筑第二工程局有限公司','北京市丰台区汽车博物馆东路6号院E座','园区',38),('海丰通航科技有限公司','北京市丰台区科学城星火路4号B座','园区',39),('北京中建物业管理有限公司建腾物业管理分公司','北京市丰台区南四环西路128号诺德中心四号楼12层','园区',40),('中铁六局集团电务工程有限公司','北京市丰台区南四环西路188号15区10号楼','园区',41),('北京中海物业管理有限公司','北京市丰台区南四环西路128号诺德中心四号楼12层','园区',42),('北京富盛视联图像系统运营服务有限公司','北京市丰台区南四环西路188号十区6号楼（园区）','园区',43),('通号通信信息集团有限公司','丰台南四环汽车博物馆南路1号院通号产业园D座','园区',44),('北京东方新星石化工程股份有限公司','北京市丰台区南四环西路188号七区28号楼','园区',45),('北京科园信海医药经营有限公司','北京市丰台区南四环西路186号四区汉威国际广场1号楼8-9层','园区',46),('北京义诚鸿达商务管理有限公司','北京市丰台区西四环南路88号赛欧科园A182室','园区',47),('北京谊安医疗系统股份有限公司','北京市丰台区科学城航丰路4号三层','园区',48),('北京三全食品销售有限公司','北京市丰台区南四环西路186号汉威国际一区东塔1号楼4层407-408','园区',49),('北京航天华盛科贸发展有限公司丰台物业管理分公司','北京市丰台区海鹰路1号院1号楼305','园区',50),('北京公联洁达公路养护工程有限公司','北京市丰台区科技园区外环西路26号院67号楼东单元','园区',51),('北京普惠职道科技发展有限责任公司','北京市丰台区南四环西路188号六区二号楼二层','园区',52),('依文服饰股份有限公司','北京市丰台区总部基地三区1号','园区',53),('北京赛瑞斯国际工程咨询有限公司','北京市丰台区海鹰路六号院5号楼','园区',54),('中国建筑土木建设有限公司','北京市丰台区南四环西路188号总部基地16区12号楼','园区',55),('中牧实业股份有限公司','丰台区南四环西路188号八区16－19号楼','园区',56),('中国建筑第六工程局有限公司北京铁路工程分公司','北京市丰台区丰台科技园海鹰路6号院16号楼','园区',57),('国信优易数据有限公司','北京市丰台区丰台科技园一区ABP写字楼B座9层','园区',58),('北京天健源达科技股份有限公司','北京市丰台区星火路1号昌宁大厦19层A','园区',59),('北京凯普林光电科技股份有限公司','北京市丰台区丰台科技园航丰路甲4号5层','园区',60),('北京元六鸿远电子科技股份有限公司','北京市丰台区海鹰路1号院','园区',61),('北京四环科宝制药有限公司','北京市丰台区科技园区海鹰路11号','园区',62),('中建二局装饰工程有限公司','北京市丰台区总部国际海鹰路6号院31号楼8层','园区',63),('北京矿冶科技集团有限公司','北京市丰台区南四环西路188号总部基地十八区23号楼','园区',64),('中建二局第三建筑工程有限公司','北京市丰台区海鹰路60号院30号楼','园区',65),('北京美特斯邦威服饰有限公司','北京市丰台区南四环西路186号汉威国际广场一区一号楼东塔4-12室','园区',66),('北京环球新能科技开发有限公司','北京市丰台区南四环西路128号院4号楼21层2501（园区）','园区',67),('北京环球风景国际纸业有限公司','北京市丰台区科技园区产业基地东区15-D2号2号楼2423号','园区',68),('信达证券股份有限公司北京科丰桥证券营业部','北京市丰台区南四环西路188号十五区17号楼1-101','园区',69),('富盛科技股份有限公司','北京市丰台区南四环西路188号十区6号楼','园区',70),('富盛科技股份有限公司','北京市丰台区南四环西路188号十区6号楼','园区',71),('北京一路捞互联网科技有限公司','北京市丰台区航丰路航丰路1号院2号楼2019室（园区）','园区',72),('凯云联创（北京）科技有限公司','北京市丰台区科兴路7号三层310室（园区）','园区',73),('北京卡达克科技中心有限公司','丰台区南四环西路188号二区7号楼8层','园区',74),('北京鑫盛茂源商贸有限公司','北京市丰台区丰桥路8号院13号楼1层08','园区',75),('北京至臻至诚网络科技有限公司','北京市丰台区南四环西路188号一区2号楼11层1101-A055','园区',76),('北京博华恒信科贸有限公司','北京市丰台区丰台科学城航丰路8号1幢328','园区',77),('北京核新投资管理有限公司','北京市丰台区南四环西路128号院4号楼21层2506（园区）','园区',78),('北京昌达思源科技发展有限公司','北京市丰台区南四环西路128号诺德中心1期3号楼2102室','园区',79),('中国牧工商集团有限公司','北京市丰台区南四环西路188号总部基地8区19号楼','园区',80),('北京市丰台区右安门翠林敬老院','北京市丰台区右安门外翠林二里9号楼','右安门',81),('北京市丰台区环境卫生服务中心右安门环卫所','丰台区右安门外关厢大街157号','右安门',82),('首都医科大学留学生服务中心','北京右安门外西头条10号','右安门',83),('北京一商美洁商业有限公司','北京市丰台区右外东滨河路10号','右安门',84),('北京中劳鸿业人力资源管理有限公司','北京市丰台区右外开阳里四区6-5-103','右安门',85),('北京市侨园饭店','北京市丰台区开阳路6号','右安门',86),('北京天岳恒房屋经营管理有限公司','丰台区右安门外西三条甲2号','右安门',87),('北京城乡欣瑞建设有限公司','北京市丰台区右外大街幸福路4号院','右安门',88),('北京辽金城垣博物馆','北京市丰台区右安门外玉林小区甲40号','右安门',89),('北京众力劳务服务有限公司','北京市丰台区北京南站到达层西侧','右安门',90),('北京创联天通商贸有限公司','北京市丰台区开阳里8区1号楼106','右安门',91),('北京森燃供暖科技发展有限公司','北京市丰台区右安门外大街鼎力水岸3号楼3单元203室','右安门',92),('北京金宏诚信税务师事务所有限责任公司','北京丰台区右外大街2号迦南大厦20C','右安门',93),('北京世纪星汽车服务有限公司','北京市丰台区右外西庄二街甲24号','右安门',94),('上海永嘉信风管理有限公司北京咨询分公司','北京市丰台区开阳路8号悦秀城11层B1102室','右安门',95),('北京中新凯达安全防伪技术有限公司','北京市丰台区右外开阳里4区6号楼8-102','右安门',96),('北京明城嘉业房地产经纪有限公司','北京市丰台区右安门外大街翠林二里16号楼底商','右安门',97),('北京步利信达商贸有限公司','北京市丰台区东滨河路2号院8号楼310室','右安门',98),('北京佳华兴通国际文化传播有限公司','北京市丰台区右外开阳里5区4号楼三层328室（右安门企业集中办公区）','右安门',99),('北京宇超众联科技发展有限公司','北京市丰台区开阳路3号院1号楼10层1108','右安门',100),('北京东润恒业水处理工程技术有限公司','北京市丰台区右外大街开阳里六区4号楼406室','右安门',101),('华商国际工程有限公司','北京市丰台区右安门外大街99号','右安门',102),('北京中冶博瑞特科技有限公司','北京市丰台区百强大道6号院2号楼4层410房间','新村街道',103),('北京时代锦鸿投资有限公司','北京市丰台区中核路1号院3号楼二层','新村',104),('北京辰润新生商业管理有限公司','北京市丰台区丰桥路7号院8号楼23号商铺一层（A段）','新村',105),('北京房修一机电设备有限公司','丰台区樊家村甲4号','新村',106),('北京浪漫新时代服饰营销中心','北京市丰台区玉泉营111＃号中科万邦大厦A座420','新村',107),('北京吉瑞泰轩商贸有限公司','北京市丰台区新发地中央粮油批发市场A厅1720号','新村',108),('北京天航瑞晨汽车销售有限公司','北京市丰台区南四环西路88号','新村',109),('北京同创永业科技发展有限公司','北京市丰台区恒富中街2号院1号楼3118室','新村',110),('北京庄典阳光装饰工程有限公司','北京市丰台区怡海花园恒丰园8号楼1203室','新村',111),('北京武悦同人文化有限公司','北京市丰台区巴庄子139号38栋159室','新村',112),('北京城市机扫服务有限公司','北京市丰台区南四环中路265号','新村',113),('北京腾博人力资源管理咨询有限公司','北京市丰台区新发地银地家园34-4-1501','新村',114),('中标集团总包建设有限公司','北京市丰台区西南三环万柳桥甲3号中标集团','新村',115),('中铁丰桥桥梁有限公司','北京市丰台区葛家村西里一号','新村',116),('北京固废物流有限公司','丰台区草桥赵村店420号','新村',117),('北京银建新能源出租车有限公司','北京市丰台区西洪泰庄98号','新村',118),('中航天建设工程有限公司','北京市丰台区看丹路4号院甲6号','新村',119),('北京三兴汽车有限公司','北京市丰台区新村一里15号','新村',120),('北京慧博亿丰人力资源服务有限公司','北京丰台区丰台东路58号人才大厦905室','新村',121),('北京市四合庄兴鹏投资管理中心','北京市丰台区樊家村南101号（四合庄公司）','新村',122),('北京开诚工程技术有限责任公司','北京市丰台区造甲村南里5号2号楼','新村',123),('北京欧尚超市有限公司丰台店','北京市丰台区邻枫路1号','新村',124),('怡海达丰物业管理（北京）有限公司','北京市丰台区怡海路4号','新村',125),('北京市丰台区农村经济综合服务中心','北京市丰台区丰台西路西洪泰庄97号','新村',126),('中铁投资集团有限公司','北京市丰台区汽车博物馆南路北京中铁大厦','新村',127),('北京兴龙江物流有限公司','北京市房山区良乡镇刘丈村四区19号','新村',128),('北京颜秀晶商贸有限公司','北京市丰台区造甲街南里11号楼二层2234号','新村',129),('众缘盛通（北京）商贸有限公司','北京市丰台区郑王坟140号西南郊市场二层175号','新村',130),('北京第二实验小学怡海分校','北京市丰台区科学城东怡海花园富泽园9号','新村',131),('北京恒信佳艺广告有限公司','北京市丰台区造甲街110号平房（新村企业集中办公区）','新村',132),('北京津缆小猫电缆销售中心','北京市丰台区新发地银地家园','新村',133),('奇崛管理咨询（北京）有限公司','北京市丰台区造甲南里11号楼11-4号2E55室','新村',134),('北京龙辉世纪装饰有限公司','北京市丰台区银地家园20号楼3单元602号','新村',135),('北京东辉尚品餐饮有限公司','北京市丰台区育芳园小区19号二层-1','新村',136),('北京天宇南防电机销售有限公司','北京市丰台区造甲街110号友诚商务楼205室','新村',137),('北京盛百庭服装服饰有限公司','北京市丰台区科丰桥北天龙华鹤','新村',138),('北京九新广告有限公司','北京市丰台区育芳园东里3号楼C座101、102、103室','新村',139),('合信智诚（北京）财务咨询有限公司','北京市丰台区造甲街南里11号楼二层2026号','新村',140),('易企算（北京）财务咨询有限公司','北京市丰台区玉泉营桥西111文化产业园中科万邦大厦A3入口A407室','新村',141),('蜗牛的家(北京)文化传媒有限公司','北京市丰台区造甲街110号2号平房(新村企业集中办公区)','新村',142),('北京世纪平安电器有限公司','北京市丰台区花乡郑王坟万柳桥南97号8号楼3228室','新村',143),('北京九亿五金有限公司','北京市丰台区南三环西路78号D座二层76号','新村',144),('北京众瓷锦程建材有限公司','北京市丰台区首经贸中街6号2层201号金旺康康乐酒店269','新村',145),('北京通达科特科技发展有限公司','北京市丰台区富丰园11号楼2单元503室','新村',146),('北京彩美东方商贸有限公司','北京市丰台区万柳桥甲3号宝隆大厦','新村',147),('北京麒翔宏泰文化有限公司','北京市丰台区巴庄子139号19幢A246室','新村',148),('北京科信华技术有限公司','北京市丰台区科兴路9号108室','新村',149),('毅飞健康科技（北京）有限公司','北京市丰台区造甲街南里11号楼一层1077号','新村',150),('北京华元圣方贸易有限公司','北京市丰台区首经贸中街1号院1号楼底商1层01号','新村',151),('北京中天税通会计服务有限公司','北京市丰台区花乡樊家村甲2号1号楼1层2单元','新村',152),('北京中冶天诚科技有限公司','北京市丰台区花乡育芳园小区19号2层A54号','新村',153),('北京汇丰盛世建材有限公司','北京市丰台区四合庄子268号','新村',154),('北京家得乐房地产经纪有限公司','北京市丰台区丰桥路八号院甲2号1层09','新村',155),('北京涵美生物科技发展有限公司','北京市丰台区丰台南路鸿业兴园2区12号楼1801室','新村',156),('北京商宝石材雕塑有限公司','北京市丰台区四合庄198号','新村',157),('北京恒盛启典文化传播中心','北京市丰台区丰台南路甲108号院1号楼商业102—4','新村',158),('北京长富久信科技有限公司','北京市丰台区造甲街110号2号平房（新村企业集中办公区）','新村',159),('北京市丰台区种籽管理站','北京市丰台区桥南巴庄子123号','新村',160),('北京资和信百货商场有限公司','北京市丰台区西四环南路1号','新村',161),('北京航天恒力测控技术开发有限公司','北京市丰台区张各庄陶粒砖厂院内','王佐',162),('北京市丰台南宫村汽车队','北京市丰台区云岗南宫新村','王佐',163),('东方美高美（北京）国际酒店有限公司','北京市丰台区山湖路9号','王佐',164),('北京时代科苑激光科技发展有限公司','丰台区王佐镇米粮屯村南工业区','王佐',165),('北京风惠百佳健康科技有限公司','北京市丰台区晓月苑四里2号楼1层101','宛平',166),('北京天下好图书发行有限公司','北京市丰台区晓月中路15号院1号楼307室、308室','宛平',167),('北京众和人力企业管理顾问有限公司','北京市丰台区晓月苑五里六号楼四层435','宛平',168),('北京环丰世纪绿色能源科技有限公司','北京市丰台区老庄子乡北天堂村北','宛平',169),('中国铁路北京局集团有限公司北京高铁工务段','北京市丰台区西道口沙岗村4号','宛平',170),('北京人天书店有限公司','北京市丰台区晓月中路15号院1号楼','宛平',171),('北京博瑞欣达企业管理咨询有限公司','北京市丰台区晓月苑四里6-2','宛平',172),('北京金隅混凝土有限公司','北京市丰台区卢沟桥城北路8号（金隅党校院内）','宛平',173),('北京市丰台区永定河管理所','卢沟桥南里12号','宛平',174),('北京市丰台区儿童福利院','北京市丰台区晓月东路5号','宛平',175),('北京金晨舒鑫投资管理有限公司','北京市丰台区西站南路丽泽雅园9号楼107','太平桥',176),('北京市丰台区园林绿化局莲花池公园管理处','北京市丰台区西三环中路38号','太平桥',177),('国家统计局中国经济景气监测中心','北京市丰台区西三环南路甲6号西楼11层1103室','太平桥',178),('黄河水利委员会驻北京联络处','丰台菜户营东街甲71号','太平桥',179),('中核新能科技集团有限公司','北京市丰台区广安路9号院6号楼6层613','太平桥',180),('北京丰亿智电科技有限公司','北京市丰台区西三环南路10号1号楼四层507','太平桥',181),('北京博唐管理咨询有限公司','北京市丰台区菜户营58号财富西环15A10','太平桥',182),('中盐国本盐业有限公司北京科技分公司','北京市丰台区莲花池中盐大厦B座9层','太平桥',183),('中铁国资资产管理有限公司','北京市丰台区西客站南广场西区4号','太平桥',184),('珠峰财产保险股份有限公司北京分公司','北京市丰台区国投财富广场四号楼十八层','太平桥',185),('北京京卫卫生人力资源管理有限公司','丰台区华源一里甲1号A318','太平桥',186),('北京美得你装饰设计有限公司','北京市丰台区莲花池南里27号楼2层2100室','太平桥',187),('北京奇妙佳儿童用品有限责任公司','北京市丰台区菜户营东街甲88号鹏润家园静苑B座102室','太平桥',188),('北京中水物业管理有限公司','丰台区广外莲花池南里甲5号','太平桥',189),('北京盛和行人力资源管理有限公司','北京市丰台区菜户营58号13层1315','太平桥',190),('中国技术进出口集团有限公司','北京市丰台区西三环中路90号','太平桥',191),('北京大方饭店有限责任公司','丰台区西客站南广场东侧大方饭店人事部','太平桥',192),('中华书局有限公司','北京市丰台区太平桥西里38号','太平桥',193),('北京康远环保科技有限公司','北京市丰台区华源四里甲1号楼2层201','太平桥',194),('北京市丰台区人事考试中心','丰台区东安街三条六号','太平桥',195),('北京市丰台区民政局','北京西站南路168号','太平桥',196),('北京市丰台区社会保险基金管理中心','北京西站南路168号','太平桥',197),('北京市丰台区水政监察大队','丰台区东安街三条六号','太平桥',198),('中科国医投资管理（北京）有限公司','北京市丰台区菜户营58号1102室（太平桥企业集中办公区）','太平桥',199),('北京诚信桥劳动保障咨询服务有限责任公司','北京市丰台区丽泽雅园9号楼103室','太平桥',200),('中国通用技术（集团）控股有限责任公司','北京丰台区西三环中路90号通用技术大厦2504房间','太平桥',201),('北京亿客隆家居市场有限责任公司','北京市西三环南路12号','太平桥',202),('北京市丰台区太平桥第二小学','北京市丰台区太平桥8号太平桥二小','太平桥',203),('北京怡华酒店管理有限责任公司','北京市丰台区太平桥小区8号楼甲1号2栋306','太平桥',204),('北京中盛佳博咨询有限公司','北京市丰台区西三环南路甲6号','太平桥',205),('北京益阳房地产投资顾问有限公司','北京市丰台区华源四里5号楼1层5#-F01','太平桥',206),('北京湘更香大酒楼','丰台区西客站南路12号','太平桥',207),('华运旅游发展集团有限公司','北京市丰台区莲花池东路118-2号瑞尔威写字楼B座703室','太平桥',208),('华安财产保险股份有限公司北京分公司','丰台区广安路9号院国投财富广场5号楼17层华安保险','太平桥',209),('北京市丰台区自主择业军队转业干部服务中心','北京市丰台区丰台时代大厦A座三层312','太平桥',210),('北京明辉伟业科贸有限公司','丰台区南苑镇槐房村559号（外贸仓库）','南苑乡',211),('北京首创森美汽车贸易有限公司','北京市丰台区南四环中路142号','南苑乡',212),('北京嘉合久源投资管理公司','北京市丰台区南四环中路40号','南苑乡',213),('北京盛世源达投资管理公司','北京市丰台区南苑乡槐房村综合服务中心','南苑乡',214),('北京新宫昕源益达投资管理公司','北京市丰台区南苑西路68号','南苑乡',215),('北京东铁营工贸集团','北京市丰台区永外宋家庄路14号','南苑乡',216),('北京市丰台区南苑乡人民政府','北京市丰台区大红门南里11号楼','南苑乡',217),('北京鑫福海工贸集团','北京永外高庄138号','南苑乡',218),('北京市丰台区五爱屯小学','北京市丰台区西宏苑小区6号楼','南苑乡',219),('盛世中保（北京）保安服务有限公司','北京市丰台区南苑乡新宫家园北区九号楼三层3-1号','南苑乡',220),('北京市丰台区南苑乡南苑村社区卫生服务站','北京市丰台区南苑五爱屯西街25号','南苑乡',221),('北京桃李阁商贸有限公司','北京市丰台区大红门久敬庄方仕国际轻纺城市场窗帘B区166号','南苑乡',222),('北京市威吉服装有限公司','北京市丰台区果园6号楼16层1936','南苑乡',223),('北京锐博三人行健康咨询有限公司','北京丰台区槐房西路新宫家园北区9号楼4层','南苑乡',224),('北京熠坤文化发展有限公司','北京市丰台区新宫体育健身休闲园8号3号楼2113室','南苑乡',225),('北京中恒金苑房车有限公司','北京市丰台区南苑团河路10号','南苑乡',226),('北京西铁物业管理有限公司','北京市 丰台区 右安门外 西铁营7号','南苑乡',227),('北京金城源投资管理公司','北京市丰台区成寿寺158号','南苑乡',228),('北京新悦广发电力工程有限公司','北京市丰台区南苑西路237号（加油站往西100米，爱玛电动车对面）','南苑',229),('北京市丰台区人民政府南苑街道办事处民政科（公疗）','北京市丰台区南苑西二道街6号','南苑',230),('北京航天星汉科技有限公司','北京市丰台区东高地警备东路6号三区亦城商务楼五层5012室','南苑',231),('中国联合航空有限公司','北京市丰台区警备东路6号西区一号院','南苑',232),('北京桂景科技发展有限公司','北京市丰台区马家堡西路15号1-1006','南苑',233),('北京市丰台区南苑中学','北京市丰台区南苑西路一号','南苑',234),('北京市丰台区南苑街道社区服务中心','北京市丰台区南苑北马路18号','南苑',235),('北京市丰台区园林绿化局南苑公园管理处','北京市丰台区南苑西路5号','南苑',236),('北京市丰台区南苑街道社会保障事务所','北京市丰台区南苑北马路18号','南苑',237),('北京市丰台区环境卫生服务中心南苑环卫所','北京市丰台区南苑五爱屯东街31号','南苑',238),('北京市丰台区精神病防治院','北京市丰台区五爱屯东路南苑机电厂南侧小院','南苑',239),('北京荣仁堂医药有限公司','北京市丰台区南苑新华路8号','南苑',240),('北京星河城物业管理有限公司','北京市丰台区北甲地路6号院玺萌丽苑7号楼4层','马家堡',241),('北京杞维康商贸有限责任公司','北京市丰台区马家堡西路36号院6号楼7层808','马家堡',242),('北京泽辰电梯安装工程有限公司','北京市丰台区角门18号名流未来大厦911室','马家堡',243),('庄和（北京）商业有限责任公司','北京市丰台区南三环西路16号2号楼22层2619','马家堡',244),('北京汇峰祥和商贸有限公司','北京市丰台区马家堡西路30号院2号楼4-1001','马家堡',245),('北京瑞杰辉企业管理有限公司','北京市丰台区马家堡路55号北京海捷写字楼327室','马家堡',246),('北京市保安服务总公司丰台分公司','北京市丰台区角门西里22楼','马家堡',247),('北京公共交通控股（集团）有限公司燃料供应分公司','丰台区马家堡甲66号','马家堡',248),('北京市嘉祥工贸公司','丰台区马家堡西路南甲1号','马家堡',249),('北京周黑鸭商贸有限公司','北京市丰台区马家堡西路15号2-307','马家堡',250),('北京北国建筑工程有限责任公司','北京市丰台区临泓路37号院14号楼12层','马家堡',251),('北京城乡建设集团有限责任公司','北京市丰台区草桥东路8号院7号楼','马家堡',252),('北京时代宏运科技有限公司','北京市丰台区南三环西路16号2号楼20层2317','马家堡',253),('北京万鑫伟业投资咨询有限公司','丰台区城南嘉园益明园2号楼5门603','马家堡',254),('北京姊妹花影视文化传媒有限公司','北京市丰台区南三环西路16号3号楼13层1610','马家堡',255),('寻根天下（北京）文化传媒有限公司','北京市丰台区南三环西路16号2号楼5层612室','马家堡',256),('北京诚投环保工程有限公司','北京市丰台区角门18号枫竹苑一区03-09','马家堡',257),('北京嘉屹市政工程有限公司','北京市丰台区嘉园三里17号楼1486室','马家堡',258),('北京泗玥石美容有限公司','北京市丰台区嘉园路星河苑一号院4号楼B1-04','马家堡',259),('智行时代国际传媒（北京）有限公司','北京市丰台区南三环西路16号2号楼23层2715室','马家堡',260),('北京中吉祥和投资管理有限公司','北京市丰台区南三环西路16号2号楼1507','马家堡',261),('北京家乐福商业有限公司马家堡店','北京市丰台区南三环西路16号1号楼地下一层地上一层','马家堡',262),('北京居然之家家居建材超市有限公司','北京市丰台区西三环南路甲27号居然之家丽泽店7层丽屋超市办公室','卢沟桥乡',263),('北京市丰台区卢沟桥国医社区卫生服务中心','北京市丰台区西局南街137号8号楼','卢沟桥乡',264),('北京中伟新辉电力技术有限公司','北京市丰台区新丰路中都伟业（中伟新辉公司）','卢沟桥乡',265),('北京光达盛兴电力工程有限公司','北京市丰台区丰管路50号','卢沟桥乡',266),('北京弘博文化传播有限公司','北京市丰台区万丰路316号万开中心B座','卢沟桥乡',267),('北京森强惠民投资管理有限公司','北京市丰台区丰台北路18号院恒泰广场D座16层','卢沟桥乡',268),('北京中润发汽车销售有限公司','北京市丰台区丽泽路99号','卢沟桥乡',269),('平安普惠投资咨询有限公司北京三元桥分公司','北京市丰台区丰台北路18号恒泰中心D座15层','卢沟桥乡',270),('北京徽创劳务服务有限公司','北京市丰台区大瓦窑305号232室T-2室','卢沟桥乡',271),('北京东管头投资管理公司','北京市丰台区东管头1号','卢沟桥乡',272),('北京吾为友人力资源顾问有限责任公司','北京市丰台区西四环南路35号中都科技大厦527室','卢沟桥乡',273),('北京国泰建设集团有限公司','北京市丰台区双林东路1号院1号楼','卢沟桥乡',274),('中国铁路北京局集团有限公司北京西车务段','北京市丰台区卢沟桥乡小郭庄西路52号','宛平',275),('北京美克家居用品有限公司','北京市丰台区西三环南路57号','卢沟桥乡',276),('北京新致君阳信息技术有限公司','北京市丰台区丰台北路18号院恒泰中心A座807','卢沟桥乡',277),('北京广源永盛人力资源管理咨询有限公司丰台分公司','丰台区西三环南路55号顺和国际财富中心三层B区322室','卢沟桥乡',278),('北京农村商业银行股份有限公司丰台支行','北京市丰台区西局南街101号','卢沟桥乡',279),('北京市天兴文伟劳务派遣有限公司','北京市丰台区西局南街甲1号综合楼2005','卢沟桥乡',280),('北京城建九建设工程有限公司','北京市丰台区靛厂村水衙沟路121号','卢沟桥乡',281),('北京宝泽行汽车销售服务有限公司','丰台区西三环南路59号','卢沟桥乡',282),('北京国金管理咨询有限公司','北京市丰台区万丰路316号万开中心B座6层','卢沟桥乡',283),('北京金唐天润置业发展有限公司','北京市丰台区丰台北路18号恒泰广场A座29层','卢沟桥乡',284),('北京鑫伯龙商贸有限公司','丰台区西局西街298号','卢沟桥乡',285),('北京万泉寺出租汽车有限公司','北京市丰台区梆子井甲5号','卢沟桥乡',286),('北京天创伟业投资管理有限公司丰台分公司','丰台区万丰路68号院银座和谐广场南楼8层','卢沟桥乡',287),('北京汇众恒泰商业管理有限公司','北京市丰台区丰北路18号院恒泰广场C栋二层','卢沟桥乡',288),('中铁华铁工程设计集团有限公司','北京市丰台区丰台北路36号2层','卢沟桥乡',289),('金管家信息服务有限公司','北京市丰台区东管头1号院2号楼','卢沟桥乡',290),('北京市丰台区靛厂小学','北京市丰台区卢沟桥乡靛厂村甲300号','卢沟桥乡',291),('北京市丰台区小井小学','小井村338号','卢沟桥乡',292),('北京市丰台区卢沟桥社会福利中心','丰台区小郭庄83号','卢沟桥乡',293),('北京华成任达环保科技有限公司','北京丰台双林东路105号院11-1-504','卢沟桥乡',294),('北京京门电气有限公司','丰台北路甲45号鼎恒中心5B','卢沟桥乡',295),('北京瑞丽园林绿化有限公司','北京市丰台区丰管路甲3号2层211号','卢沟桥乡',296),('北京京福帝商贸有限公司','北京市丰台区西局南街甲1号东风宾馆二层2022-2','卢沟桥乡',297),('北京金美泰清洁服务有限公司','北京市丰台区丰北路甲45号楼3层302','卢沟桥乡',298),('北京彦博美业国际管理咨询有限公司','北京市丰台区益泽路1号院16号楼底商1-3','卢沟桥乡',299),('北京伊尹餐饮管理有限公司万丰路店','北京市丰台区万丰路526号南侧一、二层','卢沟桥乡',300),('北京玉泉兴业投资管理公司','北京市丰台区吴家村路9号玉泉兴业投资管理公司劳资办公室','卢沟桥乡',301),('北京宏宇胜达物业管理中心','北京市丰台区西局玉园北区北侧50米','卢沟桥乡',302),('平安普惠投资咨询有限公司北京十里河分公司','北京市丰台区丰台北路18号恒泰中心D座15层','卢沟桥乡',303),('平安普惠投资咨询有限公司北京马连道分公司','北京市丰台区丰台北路18号恒泰中心D座15层','卢沟桥乡',304),('华信中安（北京）保安服务有限公司','北京市丰台区郭庄子甲一号','卢沟桥乡',305),('北京万盛东置业有限公司','丰台区丰台北路18号恒泰中心A座10层','卢沟桥乡',306),('北京市市政二建设工程有限责任公司','丰台区青塔西里甲2号','卢沟桥',307),('北京市丰台区教育发展服务中心','北京市丰台区小屯村一号','卢沟桥',308),('北京教育学院附属丰台实验学校分校','北京市丰台区西四环中路103号','卢沟桥',309),('北京市丰台区招生考试中心','北京市丰台区望园西里4号','卢沟桥',310),('北京市交通信息中心','北京市丰台区六里桥南里甲9号B座611房间','卢沟桥',311),('北京京东百店商贸有限公司','北京市丰台区西四环南路38号凯逸酒店2468','卢沟桥',312),('北京佳信昌瑞科技发展有限公司','北京市丰台区西四环南路46号国润商务大厦A座908室','卢沟桥',313),('北京恺欣世纪科技发展有限公司','北京市丰台区大井东里1号院1号楼305房间','卢沟桥',314),('新国线集团北京省际客运股份有限公司','北京市丰台区六里桥南里甲19号','卢沟桥',315),('北京首成国际投资管理有限公司','北京市丰台区西四环南路46号国润商务大厦A座501','卢沟桥',316),('北京恒信博大物业管理有限公司','北京市丰台区程庄路11号院3号楼102号','卢沟桥',317),('北京市第二建筑工程有限责任公司','丰台区小屯路16号','卢沟桥',318),('中国电子系统技术有限公司','北京市丰台区小屯路8号','卢沟桥',319),('中国建筑一局(集团)有限公司','北京市丰台区西四环南路52号','卢沟桥',320),('北油电控燃油技术（北京）有限公司','北京市丰台区程庄路3号8号楼3层6-7室','卢沟桥',321),('北京公共交通控股（集团）有限公司','北京市丰台区莲花池西里29号','卢沟桥',322),('中建一局华江建设有限公司','北京市丰台区西四环南路52号中建一局大厦B座1611房间','卢沟桥',323),('北京恒安卫士保安服务有限公司','北京市丰台区小屯西路111号院假日风景G1号楼116室','卢沟桥',324),('北京城建建设工程有限公司','丰台区卢沟桥路西五里店21号院','卢沟桥',325),('北京长峰医院股份有限公司','北京市丰台区大成路6号金隅大成时代2501室','卢沟桥',326),('中建一局集团第三建筑有限公司','北京市丰台区西四环南路52号中建一局大厦1101室','卢沟桥',327),('北京西贝莜面村餐饮有限责任公司','丰台区六里桥10号院商业综合楼','卢沟桥',328),('北京市首都公路发展集团有限公司','北京市丰台区六里桥南里甲九号','卢沟桥',329),('北京禧龙宾馆管理有限公司万丰路店','北京市丰台区万丰路526号南侧3-5号','卢沟桥',330),('北京万隆汇洋家居建材市场有限公司','北京市丰台区丰台路口甲215号','卢沟桥',331),('北京浙澳文仪家具有限公司','北京市丰台区莲花池西里11号联华世纪写字楼6层','卢沟桥',332),('北京京丰星聚商贸中心','北京市丰台区丰台路34号京丰岳各庄农副产品批发市场西院32号','卢沟桥',333),('北京市圣雅诗进出口有限责任公司','北京市丰台区小屯路16号','卢沟桥',334),('北京市丰台区道路养护中心','丰台区五里店285号','卢沟桥',335),('卢沟桥街道办事处民政科（公疗）','西四环南路40号','卢沟桥',336),('北京博雅恒盛商贸有限责任公司','北京市丰台区西四环南路52号','卢沟桥',337),('中铁一局集团有限公司北京办事处','北京市丰台区西四环中路112号阅园一区6号楼1902','卢沟桥',338),('北京市丰房建筑工程有限公司','北京市丰台区大井村260号','卢沟桥',339),('北京诚通新新建设有限公司','北京市丰台区青塔西路3号','卢沟桥',340),('中国法律图书有限公司','北京市丰台区莲花池西里7号309室','卢沟桥',341),('北京教育学院附属丰台实验学校','北京市丰台区大成南里四区24号','卢沟桥',342),('北京金悦丰商贸有限公司','北京市丰台区岳各庄阅园一区3号楼4单元702（万寿路街道社保所）','卢沟桥',343),('北京实佳捷英商贸有限责任公司','北京市丰台区靛厂路52号院1-2-601','卢沟桥',344),('北京名基装饰工程有限公司','北京市丰台区大成路6号金隅大成时代写字楼2201号','卢沟桥',345),('北京峰玉科技有限公司','北京市丰台区六里桥甲一号悦都大酒店后配楼2层','卢沟桥',346),('中盛和平（北京）幕墙门窗有限公司','北京市丰台区大成路6号院1号楼15层1501室','卢沟桥',347),('北京茗盛宏源商贸有限公司','北京市丰台区万隆汇洋灯饰城1905   联系人：赵艳敏  电话 13901329878','卢沟桥',348),('北京圣非凡电子系统技术开发有限公司','北京市丰台区小屯路8号9号楼','卢沟桥',349),('中山市朗斯卫浴有限公司北京分公司','北京市丰台区大成路6号院1号楼21层2108','卢沟桥',350),('尤根牙科医疗科技（北京）有限公司','北京市丰台区小屯西路美域家园南区甲5号','卢沟桥',351),('北京农村商业银行股份有限公司卢沟桥支行','北京市丰台区丰体北路1号','卢沟街',352),('北京市丰台区新发地小学','丰台区天伦锦城12号楼','花乡',353),('北京市丰台区花乡社区卫生服务中心','北京市丰台区花乡四合庄192号','花乡',354),('北京市丰台区花乡正业保洁服务中心','丰台区花乡党校','花乡',355),('北京安征昊消防技术服务有限公司','北京市丰台区新发地京良桥西侧2000米路北6号楼5单元201室','花乡',356),('北京长丰源建设集团有限公司','北京市丰台区黄土岗马家楼119号F座南门','花乡',357),('北京万鑫天地商贸有限公司','北京市丰台区右安门外马家楼甲8号','花乡',358),('北京钜润农产品有限公司','北京市丰台区新发地京良桥西侧2000米路北1号楼8单元301室','花乡',359),('北京玉美家园建材市场有限公司','北京市丰台区南三环西路56号','花乡',360),('北京益康毅红商贸有限公司','丰台区新发地农副产品批发市场调料B厅B区13号','花乡',361),('北京存房房地产经纪有限公司','北京市丰台区郭公庄中街20号院A座','花乡',362),('北京加达大昌汽车服务有限公司','北京市丰台区花乡樊羊路587号北京加达凯迪拉克4s店','花乡',363),('北京腾顺广源商贸有限公司','北京市丰台区京开路新发地桥西侧新发地农副产品批发市场东精品交易区41号','花乡',364),('北京高鑫体育文化发展有限公司','北京市丰台区高立庄402号','花乡',365),('北京地铁科技发展有限公司','北京市丰台区郭公庄南街17号','花乡',366),('北京市旧机动车交易市场有限公司','北京市丰台区南四环西路123号','花乡',367),('北京铭怡园物业管理中心','北京市丰台区白盆窑村中（花乡驾校后50米）6号','花乡',368),('北京白盆窑天兴花卉投资中心','北京市丰台区白盆窑村68号','花乡',369),('北京市汇友出租汽车有限公司','北京市丰台区郭公庄一区20号楼201','花乡',370),('北京中指讯博数据信息技术有限公司','北京市丰台区郭公庄中街20号院A座','花乡',371),('北京拓世寰宇网络技术有限公司','北京市丰台区郭公庄中街20号院A座','花乡',372),('北京草桥实业总公司','北京市丰台区南三环路玉泉营立交桥东南侧118号','花乡',373),('北京花乡花木集团有限公司','北京市丰台区草桥欣园四区22号（奥运花卉配送中心）','花乡',374),('北京市花乡白盆窑花卉中心','北京市丰台区白盆窑村6号','花乡',375),('北京高鑫世纪购物广场有限公司','北京市丰台区高立庄村4','花乡',376),('北京鹏龙大道汽车销售服务有限公司','北京市丰台区南三环西路85号甲-1','花乡',377),('北京白盆窑天兴投资管理公司','北京市丰台区白盆窑村中（花乡驾校后50米）','花乡',378),('北京新发地农副产品批发市场中心','北京新发地市场人力资源部','花乡',379),('北京西南物流中心有限公司','丰台区段庄86号','花乡',380),('北京世界公园','丰台花乡大葆台158号','花乡',381),('北京搜房科技发展有限公司','北京市丰台区郭公庄中街20号院A座','花乡',382),('北京东方中远市政工程有限责任公司','北京市丰台区丰葆路世界公园北六圈南路55号','花乡',383),('北京博仁医院有限公司','北京市丰台区郑王坟南6号ABC座','花乡',384),('北京市新发地农产品股份有限公司','北京市丰台区花乡京开高速路新发地桥西侧','花乡',385),('北京搜房网络技术有限公司','北京市丰台区郭公庄中街20号院A座','花乡',386),('北京榆构有限公司','北京市丰台区人民村63号','花乡',387),('北京北方生物技术研究所有限公司','北京市丰台区潘家庙甲20号','花乡',388),('北京市轨道交通运营管理有限公司','丰台区公益西桥桥西650米（南四环中路北侧）轨道交通大厦','花乡',389),('北京欣子凯顺商贸有限公司','北京市丰台区花乡纪家庙村188号2-F-201','花乡',390),('北京今朝天诚建筑装饰工程有限公司','北京市丰台区花乡高立庄村636号花乡物华麟丰建材市场D座3层388号','花乡',391),('北京光辉聚达旧机动车经纪有限公司','北京丰台区南四环西路123号旧机动车市场GC125','花乡',392),('北京网盛腾达科技有限公司','北京市丰台区纪家庙8号22号楼218房间','花乡',393),('北京市丰台区黄土岗中学','丰台区南四环西路16号','花乡',394),('北京兴鹏宏达物业管理公司','北京市丰台区花乡四合庄四环路南侧500米','花乡',395),('北京市新时特物业管理有限公司','丰台区草桥欣园三区1号楼','花乡',396),('北京奕瑞祥科技有限公司','北京市丰台区纪家庙8号21号楼123室','花乡',397),('北京华豫金诚销售有限公司','北京市丰台区花乡新房子村99号','花乡',398),('北京金裕泰商贸有限公司','北京市丰台区京开路新发地桥西侧新发地农副产品批发市场中心综合交易大楼一层1037号','花乡',399),('北京京源豪联线缆有限公司','北京市丰台区马家楼京开五金批发市场南区B道10号','花乡',400),('北京诚信人清洗服务有限责任公司','北京市丰台区葆台南路2号院','花乡',401),('北京市轨道交通建设管理有限公司','丰台区公益西桥桥西650米（南四环中路北侧）轨道交通大厦','花乡',402),('北京市丰台区和义街道社区服务中心','丰台区南苑北里二区五号楼','和义',403),('北京盈云泽景会计服务有限公司','丰台区和义小区南里5区9号楼','和义',404),('北京凯妮达商贸有限公司','北京市丰台区久敬庄甲24号东南物流2幢','和义',405),('北京市丰台区总工会','北京市丰台区丰台镇东安街三条六号','丰台',406),('北京市丰台区工商业联合会','北京市丰台区正阳北里二号楼三层','丰台',407),('北京航天华阳环境工程有限公司','北京市丰台区丰台镇东安街头条一号院8号楼','丰台',408),('北京仁德祥咨询服务有限公司','北京市丰台区丰台镇东货场路38号11幢608室','丰台',409),('北京和润通达工程管理有限公司','北京市丰台区程庄路20号院2号楼2层207室','丰台',410),('中国铁路北京局集团有限公司北京车务段','北京市丰台区正阳大街8号','丰台',411),('中国航天建设集团有限公司','北京西四环南路83号','丰台',412),('江苏省建工集团有限公司北京分公司','丰台区东大街29号嘉诚广场D座','丰台',413),('北京中友永信企业管理有限公司','北京市丰台区丰北路丰华苑1号楼底商110号','丰台',414),('北京万仕伟业卫生人力资源管理有限公司','北京市丰台区文体路7号院2-9幢','丰台',415),('中国铁路北京局集团有限公司丰台工务段','北京市丰台区正阳大街54号','丰台',416),('北京丰台工程机械修造厂','北京市丰台区游泳场北路九号','丰台',417),('中国农业银行股份有限公司北京丰台支行','北京市丰台区东大街9号','丰台',418),('北京市丰台区水务局','北京市丰台区东安街三条六号','丰台',419),('北京市丰台区审计局','丰台区东安街3条3号','丰台',420),('北京市丰台区人民检察院机关后勤服务中心','北京市丰台区近园路13号','丰台',421),('北京顺天府商贸有限公司第十四分店','北京市丰台区游泳场北路9号院','丰台',422),('北京市丰台区旅游发展委员会','北京市丰台区东安街三条六号','丰台',423),('北京市丰台区职业技术学校','北京市丰台区丰台镇东安街三条一号','丰台',424),('北京春之荣商贸中心','北京市丰台区西四环南路60号','丰台',425),('北京市丰台区卫生和计划生育监督所','北京市丰台区丰台镇七里庄路31号','丰台',426),('北京市丰台区工商业联合会','北京市丰台区正阳北里二号楼三层','丰台',427),('中国中铁股份有限公司东方国际建设分公司','北京市丰台区丰台北路36号','丰台',428),('中国铁路北京局集团有限公司丰台车辆段','北京市丰台区建国街23号','丰台',429),('通号工程局集团有限公司北京分公司','北京市丰台区丰台南路101号4幢2层','丰台',430),('北京致远通信技术有限公司','北京市丰台区万芳园一区6号楼2层201-240号','方庄',431),('北京金三优装饰有限责任公司','北京市丰台区刘家窑邮政科研所二层','方庄',432),('北京云星宇交通科技股份有限公司','北京市丰台区方庄芳星园二区4号高速大厦','方庄',433),('北京家乐福商业有限公司','北京丰台区方庄芳城园二区15号','方庄',434),('中车建设工程有限公司','北京市丰台区芳城园一区15号楼五层501、503','方庄',435),('北京金桥怡潼物业管理有限公司','北京市丰台区方庄芳城园二区6号楼6－103','方庄',436),('北京路明路灯电气安装有限公司','北京市丰台区方庄路2号','方庄',437),('北京红黄蓝儿童教育科技发展有限公司','丰台区芳庄芳古园一区29号楼通润会馆4层','方庄',438),('中国工商银行股份有限公司北京方庄支行','北京市丰台区方庄蒲芳路5号','方庄',439),('北京杰士瑞达劳务服务有限公司','北京市丰台区方庄芳星园三区4号楼103室','方庄',440),('北京方庄物业管理有限责任公司','丰台区方庄小区芳群园二区12号楼','方庄',441),('北京保德威服饰有限公司','北京丰台区方庄芳城园一区17号楼B303','方庄',442),('北京祥龙博瑞汽车服务（集团）有限公司三分公司','丰台区蒲黄榆路48号','方庄',443),('北京市特欣市政公用工程有限公司','北京市丰台区方庄紫芳园一区3号','方庄',444),('北京信德商务咨询有限公司','北京市丰台区方庄蒲方路9号院GOGO新世代7号楼710','方庄',445),('北京华夏盛轩图书有限公司','北京市丰台区方庄群芳园三区三号楼七层','方庄',446),('北京三番基业科技发展有限公司','北京市丰台区马家堡东路121号院1号楼8层921','东铁营',447),('北京银实机电安装工程有限公司','北京市丰台区成寿寺路5号楼10层1009','东铁营',448),('北京乐龄佳苑养老产业投资管理有限公司','北京市丰台区南方庄一号院2号楼802室','东铁营',449),('北京医药职工中等专业学校','北京市丰台区苇子坑148号','东铁营',450),('合肥联拓金融信息服务有限公司北京分公司','北京市丰台区南方庄1号安富大厦1916室','东铁营',451),('内外（北京）装饰咨询有限公司','北京市丰台区宋庄路71号院3号楼1606室','东铁营',452),('北京松雷物业管理有限责任公司','丰台区南三环中路小铁营10号','东铁营',453),('北京泰维峰家政服务有限公司','北京市丰台区刘家窑桥东嘉业大厦1期B座2501','东铁营',454),('北京松德融丰投资管理有限公司','北京市丰台区宋庄路71号院3号楼2007室','东铁营',455),('北京启源博艺地毯有限公司','北京市丰台区东铁匠营横一条31号2号平房106室','东铁营',456),('北京京港伟业人力资源服务有限公司','丰台区铁匠营顺一条8号建丰商务楼A座212室','东铁营',457),('北京金隅大成物业管理有限公司','北京市丰台区东铁营顺三条18号院2号楼3-4层','东铁营',458),('中国新兴建筑工程有限责任公司','北京市东铁匠营顺8条9号','东铁营',459),('北京庄子工贸有限责任公司','北京市丰台区分钟寺倪庄16号（庄子公司）','东铁营',460),('北京兴宇班尼路服装服饰有限公司','北京市丰台区宋庄路73号甲2号楼2A及C211','东铁营',461),('北京今朝装饰设计有限公司','北京市丰台区东铁营顺一条8号南二楼','东铁营',462),('北京地铁车辆装备有限公司','北京市丰台区苇子坑23号','东铁营',463),('北京公联安达停车管理有限公司','丰台区宋庄路宋家庄交通枢纽4层','东铁营',464),('北京共易科技有限公司','北京市丰台区顺三条21号1号楼205','东铁营',465),('北京味千餐饮管理有限公司','北京市丰台区宋家庄路71号院1号楼 扑满山写字楼1705室','东铁营',466),('中国通信建设集团有限公司','丰台区南方庄甲56号','东铁营',467),('北京新兴保信建设工程有限公司','北京市丰台区永定门外宋家庄路22号一层','东铁营',468),('北京方得机电有限公司','北京市丰台区永外东铁营苇子坑2号821','东铁营',469),('颐海（北京）商贸有限责任公司','北京市丰台区南三环中路恒松园小区6号楼116','东铁营',470),('北京市丰台区东铁匠营街道社区服务中心','丰台区定安东里甲11号','东铁营',471),('北京行中天下传媒文化有限公司','北京市丰台区永外东铁匠营五间楼十号B座212室','东铁营',472),('北京子红金九商贸有限公司','北京市丰台区刘家窑南里5号2号1098室','东铁营',473),('北京嘉艺居装饰材料有限公司','北京市丰台区成寿寺世纪风景住宅小区G1公建用地办公商业6层2-608室','东铁营',474),('北京博雅信通会计服务有限公司','北京市丰台区南方庄1号院2号楼安富大厦505室','东铁营',475),('普澳（北京）暖通设备有限公司','北京市丰台区贾家花园15号院7号楼3F-25','东铁营',476),('北京润海兴汇科技有限公司','北京市丰台区方庄南路15号楼11层1座1212','东铁营',477),('北京搏大商贸有限公司','北京市丰台区贾家花园15号院7号楼一层西侧(东铁匠营企业集中办公区)','东铁营',478),('北京同仁堂麦尔海生物技术有限公司','丰台区南三环中路20号','东铁营',479),('北京金隅嘉业房地产开发有限公司','北京市丰台区南三环宋家庄路3号','东铁营',480),('北京中成天坛假日酒店有限公司','北京市丰台区永外定安东里1号','东铁营',481),('北京同仁堂科技发展股份有限公司','北京市南三环中路20号','东铁营',482),('丰台区蒲黄榆社区卫生服务中心','丰台区蒲安西里16号','东铁营',483),('北京市展顺文化发展有限公司','北京市丰台区永外东铁营苇子坑2号10-1幢520室','东铁营',484),('北京育强体育才艺幼儿园','北京市丰台区成寿寺路四方景园二区7号','东铁营',485),('北京本正机电设备有限公司','北京市丰台区南苑四营门(三角地小区47号楼西侧20米)','东高地',486),('航天万源实业有限公司','北京市丰台区东高地万源西里37栋','东高地',487),('北京首航优购商贸连锁有限公司','北京市丰台区东高地南街七号首航四层','东高地',488),('北京首航国力商贸有限公司','北京市丰台区东高地南街7号','东高地',489),('首都航天机械有限公司','北京市丰台区34信箱20分箱','东高地',490),('北京实验工厂有限责任公司','丰台区南大红门路一号第十八研究所9200信箱','东高地',491),('北京长征高科技有限公司','北京市丰台区东高地万源西里19栋','东高地',492),('北京时代民芯科技有限公司','北京市丰台区东高地四营门北路2号','东高地',493),('北京市丰台区东高地第四小学','北京市丰台区万源南路2号','东高地',494),('北京市丰台区东高地街道社区服务中心','北京市丰台区东高地斜街2号','东高地',495),('北京市体育局新闻中心','丰台区光彩北路10号体育局新闻中心','大红门',496),('北京市邮政管理局海慧寺幼儿园','北京市丰台区南顶村邮局宿舍44号楼','大红门',497),('北京幸福家庭网络信息咨询有限公司','北京市丰台区光彩路彩虹城4-6-304','大红门',498),('北京房修一石榴园供热有限公司','北京市丰台区石榴园小区南里15号','大红门',499),('北京鹏芹鸿源食品配送有限公司','丰台区石榴庄西街232号1幢平房3号','大红门',500),('北京二商健力食品科技有限公司','北京市丰台区大红门石榴庄西街234号','大红门',501),('北京祥龙出租客运有限公司','丰台区南四环中路75号','大红门',502),('北京集美家居市场有限公司','北京市丰台区永外大红门西马场甲14号','大红门',503),('北京月盛斋清真食品有限公司','北京市丰台区南顶路6号','大红门',504),('北京晴科欣源建材销售中心','北京市丰台区西马场南里二区四号楼三层309','大红门',505),('北京科悦创田医药科技有限公司','丰台区马家堡路180号7层816','大红门',506),('北京德迈室内设计有限公司','北京市丰台区石榴园北里11#1门401','大红门',507),('北京木樨园美华旅店','北京市丰台区南木樨园甲5号','大红门',508),('北京二商生物科技有限公司','北京市丰台区石榴庄西街234号','大红门',509),('维森特曼五金材料（北京）有限责任公司','北京市丰台区马家堡路蓝光云鼎706','大红门',510),('北京欧芳助友家政服务有限公司','北京市丰台区南木樨园88号','大红门',511),('北京雨彤成才商贸有限公司','北京市丰台区永外大红门西马场甲14号集美家居市场62060','大红门',512),('北京东方金泰餐饮管理有限公司','北京市丰台区西马场南里一区14号楼1门1601','大红门',513),('北京赛斯通科技发展有限公司','北京市丰台区马家堡东路121号院4号楼502室','大红门',514),('浙江银泰百货有限公司北京大红门分公司','北京市丰台区马家堡东路101号院10号楼银泰百货四层人事部','大红门',515),('北京京福帝商贸有限公司','北京市丰台区西局南街甲1号东风宾馆二层2022-2','',516),('北京远程中卫妇科医院管理有限公司','北京市丰台区万丰路316号万开中心A座3层人力资源部','南苑乡',517),('北京京朝出租汽车有限公司（丰台）','丰台区方庄gogo新世代5-707','方庄',518),('中铁六局集团有限公司桥隧分公司','北京市丰台区南四环西路188号十区16号楼','园区',519),('北京国电通网络技术有限公司','北京市丰台区航丰路1号时代财富天地28层','园区',520),('北京华新电工设备有限公司','北京市丰台区海鹰路6号院28号楼','园区',521),('戎威远保安服务（北京）有限公司','丰台区石榴庄南里2号院','大红门',522),('中移铁通有限公司北京分公司','北京市丰台区富丰路8号','园区',523),('中国华电科工集团有限公司','丰台区汽车博物馆东路6号盈坤世纪A座1128','园区',524),('北京天健源达科技有限公司','北京市丰台区星火路1号昌宁大厦19层A','园区',525),('北京第二机床厂有限公司','丰台区芦沟桥南里4号','宛平',526),('中建一局钢结构工程有限公司','北京市丰台区西四环南路52号','卢沟桥',527),('北京居然之家装饰工程有限公司','北京市丰台区西三环南路甲27号居然之家丽泽店7号门6层装饰公司','太平桥',528),('北京中企优派管理咨询有限公司','丰台区丰管路1号院巨擘达写字楼508室','丰台',529),('北京远程视界眼科医院管理有限公司','北京市丰台区万丰路316号万开中心A座3层人力资源部','卢沟桥',530),('北京同仁堂科技发展股份有限公司制药厂','北京南三环中路20号','东铁营',531),('中车北京二七机车有限公司','北京市丰台区杨公庄1号','长辛店',532),('中国建筑一局（集团）有限公司北京施工总承包分公司','北京市丰台区西四环南路52号中建一局大厦B座8层8001','卢沟桥',533),('泛华建设集团有限公司','北京市丰台区南四环西路188号17区6号楼','园区',534),('光大永明人寿保险有限公司北京分公司','北京市丰台区西三环南路14号院首科大厦B座19层','太平桥',535),('怡海达丰物业管理(北京)有限公司','北京市丰台区怡海路4号','新村',536),('北京歌华有线工程管理有限责任公司','丰台区南四环西路188号17区1号楼','园区',537),('北京恒业宏达建筑工程有限责任公司','北京市丰台区王佐镇长青路111号院西200米','王佑',538),('北京北方车辆集团有限公司','北京市丰台区长辛店朱家坟5里5号','长辛店',539),('北京博望华科科技有限公司','北京市丰台区南四环西路188号总部基地17区3号楼（四季青街道）','园区',540),('北京凯恩帝自动化科技有限公司','北京市丰台区南四环西路188号11区3号楼','园区',541),('冶金自动化研究设计院','北京市丰台区西四环南路72号','丰台',542),('北京华望电力工程咨询有限公司','北京市丰台区南四环西路188号十一区41号楼5层507室（园区）','园区',543),('北京国联视讯信息技术股份有限公司','北京市丰台区南四环西路188号总部基地六区3号楼','园区',544),('北京首航艾启威节能技术股份有限公司','北京市丰台区南四环西路188号三区20号楼','园区',545),('华电重工股份有限公司','北京市丰台区汽车博物馆东路6号华电产业园B座11层人力资源部','新村',546),('北京中网华通设计咨询有限公司','北京市丰台区南四环西路188号二区9号楼11层','园区',547),('北京欧美思教育科技发展有限公司','北京市丰台区星火路1号昌宁大厦Q301','园区',548),('北京歌华有线客户服务信息咨询有限公司','北京市丰台区南四环西路188号十七区1号楼8层801室（园区）','园区',549),('北京全路通信信号研究设计院集团有限公司','北京市丰台科技园区汽车博物馆南路1号院','园区',550),('北京值得买科技股份有限公司','北京市丰台区洋桥12号院3层至19层','西罗园街道',551),('北京京电电网维护集团有限公司','北京市丰台区光彩路69号','大红门',552),('北京法雅商贸有限责任公司','北京市丰台区开阳路1号瀚海花园大厦7层','右安门',553),('北京妍侬人力资源顾问有限公司','北京市丰台区大红门方仕国际轻纺城北广场A01二楼','南苑',554),('北京首证投资顾问有限公司','北京市丰台区榴乡路88号石榴中心2号楼18层','大红门',555),('北京天运达人力资源管理顾问有限责任公司','丰台区南四环西路188号总部基地一区26号楼四层','新村',556),('北京铁路局北京高铁工务段','北京市丰台区西道口沙岗村4号','宛平',557),('北京建磊国际装饰工程股份有限公司','北京市丰台区航丰路1号时代财富天地1808室','园区',558),('北京铁路局北京工电大修段','北京市丰台区北大街北里甲6号','丰台',559),('中国中铁股份有限公司工程建设分公司','北京西客站南广场中铁工程大厦A座501','太平桥',560),('北京公共交通控股（集团）有限公司第三客运分公司','北京市丰台区方庄路6号','方庄',561),('北京速通科技有限公司','北京市丰台区六里桥南里甲九号首发大厦C座703','卢沟桥',562),('中国新兴建筑工程总公司','北京市东铁匠营顺8条9号','东铁营',563),('中铁通信信号勘测设计（北京）有限公司','北京市丰台区万寿路南口金家村1号','卢沟桥',564),('中安网脉（北京）技术股份有限公司','北京市丰台区富丰路7号','新村',565),('中铁建工集团有限公司','北京市丰台区南四环西路128号诺德中心1号楼','园区',566),('北京铁路局北京车务段','北京市丰台区正阳大街8号','丰台',567),('中铁物贸集团有限公司','北京市丰台区莲花池南里26号楼5楼','太平桥',568),('中铁科电气化局有限公司','北京市丰台区金家村1号院123号','卢沟桥',569),('首都航天机械公司','北京市丰台区34信箱26分箱','东高地',570),('北京民航安乐出租汽车有限责任公司','丰台区草桥东路','马家堡',571),('四川长虹电器股份有限公司北京销售分公司','北京市丰台区南四环西路188号十八区26栋5层','园区',572),('蒙西华中铁路股份有限公司','北京市丰台区西三环南路甲12号院1号楼首科大厦A座16层','太平桥',573),('北京当升材料科技股份有限公司','北京市丰台区南四环西路188号总部基地18区21号楼','园区',574),('北京铁路局丰台机务段','北京市丰台区长庚胡同18号','丰台',575),('华润雪花啤酒（中国）有限公司北京销售分公司','北京市丰台区纪家庙8号22号楼（天瑞大厦）5层','新村',576),('北京丰供送变电工程有限责任公司','北京市丰台区新发地(变电站院内)','花乡',577),('中储发展股份有限公司北京贸易分公司','北京市丰台区南四环西路188号六区18号楼B座','园区',578),('北京晶澳太阳能光伏科技有限公司','北京市丰台区汽车博物馆东路1号院4号楼南座701室','园区',579),('北京亿潼隆连锁超市有限公司','北京市丰台区丰台路口甲215号','卢沟桥',580),('北京长虹佳华智能系统有限公司','北京市丰台区南四环西路188号东区18区26号楼长虹科技大厦9层','园区',581),('华电（北京）热电有限公司','丰台区西四环中路82号','卢沟桥',582),('中国技术进出口总公司','北京市丰台区西三环中路90号','太平桥',583),('中国邮政集团公司北京市丰台区分公司','北京市丰台区方庄蒲方路22号','方庄',584),('北京海鑫科金高科技股份有限公司','北京市丰台区六里桥北里甲3号208房间','卢沟桥',585),('北京八方达客运有限责任公司保修分公司','北京市丰台区大红门六合庄2号','南苑',586),('天三和(北京)企业管理有限公司','北京市丰台区宋庄路26号院11号楼2302室','东铁营',587),('北京厚德信物业管理中心','北京市丰台区东管头1号','太平桥',588),('北京铁路局丰台车辆段','北京市丰台区建国街23号','丰台',589),('北京远程天下眼科医院管理有限公司','北京市丰台区万丰路316号万开中心A座3层','南苑乡',590),('中国邮政集团公司北京市报刊发行局','北京市丰台区莲花池东路100号','太平桥',591),('中铁置业集团有限公司','北京市丰台区广安路15号亚洲资源大厦九层','太平桥',592),('北京华普联合商业投资有限公司','北京市丰台区石榴庄西街232号联宏海鲜市场四层华普超市','大红门',593),('拉卡拉支付股份有限公司北京分公司','北京市丰台区高楼村 号惠运百业商务楼四层拉卡拉北京分公司','卢沟桥',594),('好孩子(中国)商贸有限公司北京分公司','北京市丰台区右安门外大街99号华商科技大厦407室','右安门',595),('拓天伟业(北京)资产管理集团有限公司','北京市丰台区洋桥路12号综合业务楼8层8001','西罗园',596),('北京长铁车辆有限公司','北京市丰台区张郭庄370号','长辛店',597),('北京铁路局丰台西站','北京市丰台区丰西北里362号','新村',598),('北京京劳咨询服务中心','丰台区马家堡西路36号2号楼1831（东亚三环）','马家堡',599),('北京二七机车工业有限责任公司','北京市丰台区长辛店崔村二里甲1号','长辛店',600),('北京远程金卫肿瘤医院管理有限公司','北京市丰台区万丰路316号万开中心A座3层人力资源部','卢乡',601),('北京华夏聚龙自动化股份公司','丰台区南四环西路188号总部基地十区27楼','园区',602),('内蒙古西贝餐饮连锁有限责任公司丰台分公司','北京市丰台区六里桥甲1号5栋1层101室','卢沟桥',603),('北京印刷集团有限责任公司印刷一厂','北京市丰台区马家堡路69号','马家堡',604),('北京东方乔戈里物业服务有限公司','北京市丰台区榴乡路石榴中心1号写字楼（ 石榴庄小学西侧）','大红门街道',605),('北京铁路局丰台工务段','北京市丰台区正阳大街54号','丰台',606),('北京长城制药厂','北京市西四环路63号院（原丰台路75号院）','丰台',607),('中建市政工程有限公司','北京市丰台区丰台体育馆东门','卢沟桥',608),('北京铁路局北京西车务段','北京市丰台区卢沟桥乡小郭庄西路52号','卢沟桥乡',609),('北京东方华太工程咨询有限公司','北京市丰台区莲花池西里10号路桥大厦619室','卢沟桥',610),('仁和药房网（北京）医药科技有限公司','北京丰台星火路9号2层','园区',611),('北京航天海鹰物业管理有限责任公司','北京市丰台区云岗静欣苑9号楼海鹰物业','园区',612),('北京顺天府商贸有限公司','丰台区东大街31号顺天府14分店3层人事部','丰台',613),('北京合讯桥劳务服务有限责任公司','北京市丰台区马家堡东里六号楼620室','西罗园',614),('北京华远意通热力科技股份有限公司','北京市丰台区南四环西路188号总部基地三区8号楼','园区',615),('北京伏尔特技术有限公司','北京市丰台区长辛店张郭庄9号','长辛店',616),('中建一局集团装饰工程有限公司','北京西四环南路52号','卢沟桥',617),('北京动力源科技股份有限公司','丰台科学城星火路8号','园区',618),('北京二七长铁运输有限责任公司','北京市丰台区长辛店光明里75号','长辛店',619),('北京念奴娇服装服饰有限公司','北京市丰台区南三环东路23号天创盛方中心A-302','东铁营',620),('北京和平幕墙工程有限公司','北京市丰台区丰管路26号（奇瑞汽车院内）','南苑乡',621),('北京铁路局北京供电段','北京市丰台区金家村287号','卢沟桥',622),('北京远程心界医院管理有限公司','北京市丰台区万丰路316号万开中心A座3层人力资源部','卢沟桥',623),('北京铁路局北京工务段','北京市丰台区洋桥西里40号','西罗园',624),('北京国电富通科技发展有限责任公司','北京市丰台区南四环西路188号六区14号楼','园区',625),('中铁十九局集团矿业投资有限公司','北京市丰台区风荷曲苑3号楼01-02商业','卢构桥',626),('北京华德液压工业集团有限责任公司液压泵分公司','北京市丰台区卢沟桥南里3号','宛平',627),('北京市驰跃翔工程监理有限责任公司','北京市丰台区马家堡122号','西罗园',628),('北京国泰永康大药房有限公司','北京市丰台区槐房西路','南苑',629),('中国建筑第二工程局有限公司北京分公司','北京市丰台区汽车博物馆东路6号华电产业园E座11层','园区',630),('北京市健坤餐饮有限责任公司','北京市丰台区程庄路甲1号1号楼','卢构桥',631),('北京铁路局北京西站','北京市丰台区莲花池东路118号','太平桥',632),('围场满族蒙古族自治县合众劳务服务有限公司北京分公司','北京市丰台区芳城园三区19号楼10二层','方庄',633),('北京矿冶研究总院','北京市丰台区南四环西路188号总部基地十八区23号楼','园区',634),('北京远程京卫医院管理有限公司','北京市丰台区万丰路316号万开中心A座3层人力资源部','卢乡',635),('北京马家堡鑫华工贸集团','北京市丰台区马家堡东路71号','西罗园',636),('北京视界联盟眼科医院投资管理股份有限公司','北京市丰台区万丰路316号万开中心A座3层','卢乡',637),('北京铁路局北京车辆段','北京市丰台区岳家楼1号院','卢沟桥',638),('央广新媒体文化传媒(北京)有限公司','北京市丰台区南四环西路188号总部基地18区7号楼','园区',639),('北京三友联恒科技有限责任公司','北京市丰台区大井东里1号院1号楼321房间','卢沟桥',640),('贝壳菁汇(北京)生态创新科技有限公司','北京市丰台区汽车博物馆东路6号3号楼1单元1201(园区)','园区',641),('海鹰航空通用装备有限责任公司','北京市丰台区海鹰路1号院1号楼','园区',642),('北京新世纪时尚创意基地市场有限公司','北京市丰台区南苑路11号','大红门',643),('北京宏达志邦商贸有限公司','北京市丰台区六里桥甲1号悦都大酒店北楼516房','卢沟桥',644),('北京君尚天盛商贸有限公司','北京市丰台区花乡新发地农工商联合公司院内尚购商城B66号','新村',645),('欧伏电气股份有限公司北京分公司','丰台区南四环西路188号五区14号楼','园区',646),('北京和谐时代企业管理有限公司','北京市丰台区广安路保利欣苑3号楼5单元101室','卢沟桥',647),('北京万邦圣达环保工程有限公司','北京市丰台区万泉寺256号院5号楼7单元1101室（所属花园路街道）','太平桥',648),('北京伊和科技有限公司','北京市丰台区科学城11B2号楼618室（园区）','园区',649),('江苏红旗人力资源有限公司北京办事处','北京市丰台区马家堡122号驰跃翔308室','西罗园',650),('北京恒润天隆广告有限公司','北京市丰台区杜家坎南路19号','长辛店镇',651),('承德兴泰劳务有限责任公司（丰台）','北京市丰台区丽泽雅园9号楼105室','太平桥',652),('北京天衡药物研究院有限公司','丰台区小屯路8号紫金园写字楼C座5层C510','卢沟桥',653),('北京真红博贸易有限公司','北京市丰台区花乡羊坊村818号1号温室外挂号','花乡',654),('北京丰庭酒店管理有限公司','北京市丰台区西马场北里甲13号','大红门',655),('北京梦想着陆广告有限公司','北京市丰台区东管头1号','太平桥',656),('北京市印刷物资公司','丰台区马家堡东路35号','西罗园',657),('北京言禾羽服饰有限公司','北京市丰台区木樨园天雅大厦5089','大红门',658),('北京市城乡建筑设计院有限公司','北京市丰台区丰台北路32号院B座二层8278室','卢沟桥',659),('北京龙腾星辉汽车租赁有限公司','北京市丰台区大成路6号院1号楼17层1701室','卢沟桥',660),('北京市佳利华经济开发有限责任公司','北京市丰台区小屯路双林苑18号椿萱茂老年公寓','卢沟桥',661),('北京瑞京糖尿病医院有限责任公司','北京市丰台区石榴园南里15号3幢','大红门',662),('中烟追溯(北京)科技有限公司','丰台区科兴路9号一层120室(园区)','园区',663),('北京中瑞历成工程技术有限公司','北京市丰台区造甲南里11号楼11-4幢2 室','新村',664),('和信美（北京）品牌顾问有限公司','北京市丰台区南四环西路128号诺德中心1期3号楼1101','园区',665),('北京智成联和商贸有限公司','北京市丰台区正阳大街西货场5号院','丰台',666),('北京绿桩信息技术有限责任公司','北京市丰台区南四环西路188号六区4号楼','园区',667),('北京科尔沁塔拉商贸有限公司','丰台区南顶路6号7号楼','大红门',668),('北京荷码科技有限公司','北京市丰台区长辛店赵家坎4号院 号楼2层8292','长辛店镇',669),('中海外建工集团有限公司','北京市丰台区五爱屯东街58乙','南苑',670),('亮克威泽（北京）涂料科技有限公司','北京市丰台区科学城海鹰路5号821房间','园区',671),('北京建友工程造价咨询有限公司','北京市丰台区丰台北路18号院汇众恒泰中心c座710','卢沟桥',672),('北京世博嘉信工程咨询有限公司','北京市丰台区丰台北路18号院恒泰广场C座1501','卢沟桥',673),('北京隆鑫智诚商贸有限公司','北京市丰台区花乡新发地农工商联合公司院内新发地市场樱西区2号','花乡',674),('北京晶川电子技术发展有限责任公司','北京市方庄南三环东路23号院1号楼Ａ座601，602','方庄',675),('北京特希达交通勘察设计院有限公司','北京市丰台区草桥东路角堡110号','马家堡',676),('北京京能恒星能源科技有限公司','北京市丰台区草桥东路29号','花乡',677),('博盛鸿礼（北京）商贸有限公司','北京市丰台区丰桥路7号院甲12号楼1-08室','新村',678),('北京天创智联科技发展有限公司','北京市丰台区南四环西路186号一区1号楼4层4080','园区',679),('北京言鼎商贸有限公司','北京市丰台区南四环西路188号总部基地十五区12号楼3层','园区',680),('中国水产有限公司','北京市丰台区南四环西路188号18区19号楼','园区',681),('北京明耀通达电力工程设计有限公司','北京市丰台区南四环公益西桥乐天玛特超市南侧二层红顶小楼院内','南苑',682),('北京锦上芙蓉时装有限公司','北京市丰台区玉泉营桥西中科万邦大厦A座420#','新村',683),('北京冠华荣信系统工程股份有限公司','丰台区南四环西路188号三区7号楼','园区',684),('北京奕皓行艺商贸有限公司','北京市丰台区和义农场玉龙园配套房一号北京北方世贸综合批发市场叁层105、106、107号','和义',685),('维亚环球国际旅行社(北京)有限公司','北京市丰台区方庄南路15号楼5层2座616内203室','东铁营',686),('北京尚清碧源科技有限责任公司','北京市丰台区丰体南路1号院8号楼511室','卢沟桥',687),('新华文轩出版传媒股份有限公司北京办事处','北京市丰台区方庄芳群园三区3号楼8层808、809、810室','方庄',688),('北京四维益友软件有限公司','北京市丰台区莲花池西里11号院联华世纪写字楼506室','卢沟桥',689),('北京满格医药科技有限公司','北京市丰台区造甲街南里5号4A楼2层','新村',690),('北京中投经合信息技术有限公司','北京市丰台区南四环西路188号六区3号楼2层（园区）','园区',691),('北京泰德市政工程有限公司','北京市丰台区南四环西路188号总部基地三区17号楼','园区',692),('北京咏威教育科技有限公司','北京市丰台区南四环西路188号五区13号楼4层143号','园区',693),('北京正阳基业科技有限公司','北京市丰台区西四环南路72号宏科商务中心5层501','丰台',694),('北京市丰台区源头爱好者环境研究所','北京市丰台区丰管路3号院3号楼1501','丰台',695),('北京市丰台区综合投资公司','北京市丰台区西四环南路55号院7号楼','卢沟桥',696),('中国通信建设集团设计院有限公司','北京市丰台区南方庄甲56号','东铁营',697),('北京世纪韦尔空调设备有限公司','北京市丰台区西四环南路63号院54号楼','丰台',698),('北京天驰易联科技有限公司','北京市丰台区开阳里三区1-2-1002(甘家口街道社保所）','右安门',699),('北京盛禾川管理咨询有限公司','北京市丰台区汽车博物馆东路盈坤世纪G座1301','园区',700),('北京鑫姿时尚模特衣架有限公司','丰台区大瓦窑305号106室','卢沟桥',701),('北京丰缘诚医疗器材有限责任公司','北京市丰台区丰北路鼎恒中心19H','卢沟桥',702),('北京同创丰彩广告制作有限公司','北京市丰台区分钟寺建材南街南32号','南苑',703),('北京铁建工程监理有限公司','丰台区莲花池东路120-1号3510','太平桥',704),('北京汽车研究所有限公司','北京市方庄南路9号院','东铁营',705),('中建一局集团物流有限公司','北京市丰台区西四环南路52号甲8号楼','卢沟桥',706),('北京山河泰隆消防设备有限公司','北京市丰台区京开路临15号','花乡',707),('北京中润达工程咨询有限公司','丰台区宋家庄交通枢纽四层三区','东铁营',708),('北京欣晨汽车维修服务有限公司','北京市丰台区东管头前街76号院','卢沟桥',709),('北京甘怡阁宾馆有限公司','北京市丰台东大街23号','丰台',710),('北京合众号食品科技有限公司','北京市丰台区南四环西路188号十八区15号楼1至3层101（园区）','园区',711),('北京源广智达科技有限公司','北京市丰台区南站路供销弘泰大厦3层305室','丰台',712),('北京永晟百川物流有限公司','北京市丰台区鸿业兴园二区1号楼305','新村',713),('北京航天万源物业管理有限公司','北京市丰台区万源路桃源里21栋','东高地',714),('北京锐智维度网络科技有限公司','北京市丰台区大红门桥东53号J2-133室','大红门',715),('北京云创讯通科技有限公司','北京市丰台区诺德中心二期6号楼802','园区',716),('北京安隆泰医药科技有限公司','北京市丰台区阅园一区7号楼20层2303','卢沟桥',717),('北京碳世纪科技有限公司','北京市丰台区南四环西路188号五区16号楼2层','园区',718),('北京婚纱总动员文化传播有限公司','北京市丰台区方庄南路2号7层2单元710','东铁营',719),('北京恒登鸿运商贸有限公司','北京市丰台区南三环中路68号10层1004','大红门',720),('北京战信同普科技有限责任公司','北京市丰台区科技园富丰路4号4幢03A01','园区',721),('北京慈孝宫餐饮管理有限公司','丰台区南苑北里2区11号','和义',722),('北京四季瑞祥汽车技术服务中心','北京市丰台区梅市口路121号','卢沟桥',723),('北京天行健泰食品商贸有限公司','北京市丰台区新发地168号北京农产品中央批发市场南区51004号','花乡',724),('北京中苑瑞丽超市有限公司','北京市丰台区马家堡角门南路50号内1号','马家堡',725),('北京万龙振华国际物流有限公司','北京市丰台区南三环东路23号1号楼4层405','方庄',726),('北京创意生活经贸有限责任公司','北京市丰台区南方庄1号院安富大厦1501室','东铁营',727),('北京华普泰科技发展有限公司','丰台区丰台北路甲45号鼎恒新星15G','卢沟桥',728),('良一（北京）科技有限公司','北京市丰台区丰葆路168号北京国际花园西门198-1号楼兰底商','花乡',729),('北京市时代美业科技有限责任公司','北京市丰台区三顷地南里24号','卢沟桥',730),('北京美嘉瑞美科技有限公司','北京市丰台区紫芳园四区三号楼一层1-12号','方庄',731),('北京网景伟业科技发展有限公司','丰台区草桥欣园四区四号楼8-7-1室','新村',732),('北京思都普国际商贸有限公司','北京市丰台区马家堡东路108号院。远洋自然5-1-201','大红门',733),('宝获利商用设备（北京）有限公司','北京市丰台区西三环南路14号院首科大厦A座816室','太平桥',734),('北京铁道工程机电技术研究所有限公司','北京市丰台区南四环西路188号一区5号楼（园区）','园区',735),('北京椿萱生物科技有限公司','北京市丰台区方庄芳古园一区28号楼通润商务会馆A段三层','方庄',736),('北京吉芬时装设计股份有限公司','北京市丰台区方庄芳城园一区龙珠公寓工A座1510','方庄',737),('北京长京行汽车销售服务有限公司','北京市丰台区南三环西路35号','新村',738),('北京道丰总部基地物业管理有限公司','北京市丰台区南四环西路188号总部基地5区3号楼','园区',739),('北京顺佳国泰清洗保洁服务有限公司','北京市丰台区丰台镇富丰路2号19号1322室','园区',740),('北京雀科科技有限公司','北京市丰台区南四环中路公益西桥北城南大道2座1213','南苑',741),('北京润怡琳服装服饰有限公司','北京市丰台区宋庄路顺三条21号嘉业大厦二期1号楼509','东铁营',742),('北京市曙晨工程建设监理有限责任公司','丰台区程庄子68号','卢沟桥',743),('北京科华华旭科技有限公司','北京市丰台区万柳桥宝隆大厦2-1005','新村',744),('北京雨华波腾贸易有限公司','北京市丰台区芳群园四区22号楼二层201内05','方庄',745),('北京青鸟装饰有限公司','北京市丰台区花乡银地家园4幢1单元601号','新村',746),('汉力控股有限公司','北京市丰台区总部基地十区12号汉力大厦','园区',747),('北京天亿鑫服装厂','北京市丰台区南苑红房子五爱屯东街18号','南苑',748),('北京市出水芙蓉服装服饰厂','北京市丰台区丽泽雅园5号楼302室','太平桥',749),('北京擎宇物业管理有限责任公司','北京市丰台区宋庄路71号院扑满山1号楼703室','东铁营',750),('北京广佳建筑装饰股份有限公司','北京市丰台区丰桥路七号院8号楼301','新村',751),('北京华源亿泊停车管理有限公司','丰台区丰台北路甲73号','卢沟桥',752),('北京普路同精密设备有限公司','北京市丰台区科学城星火路10号1号楼4层C35室（园区）','园区',753),('北京中鼎恒业科技股份有限公司','北京市丰台区海鹰路1号院1号楼9层903','园区',754),('江河机电装备工程有限公司','北京市丰台区海鹰路1号院7号楼10层1001室（园区）','园区',755),('北京鼎兴泰科网络科技有限公司','北京市丰台区南三环中路小铁营10号302室','东铁营',756),('北京城乡建设集团有限责任公司基础设施工程总承包部','北京市丰台区永外苇子坑183号','太平桥',757),('北京智恒通达商贸有限公司','丰台区南四环西路188号总部基地12区48楼3层','园区',758),('北京金泰房地产开发有限责任公司','北京市丰台区丽泽路5号金泰地产大厦十层','太平桥',759),('北京时代华语国际传媒股份有限公司','丰台区富丰路4号工商联科技大厦B座3层','园区',760),('北京天地腾祥商贸有限公司','北京市丰台区西四环中路136号京丰岳各庄农副产品批发市场中心商业街4号','卢沟桥',761),('北京开兴义物业管理有限责任公司','丰台区南苑新华里二号院','南苑',762),('北京锦织名尚纺织有限公司','北京市丰台区南四环西路186号一区1号楼1层1290（园区）','园区',763),('北京中科农业发展有限公司','北京市丰台区马家堡东路106号远洋自然大厦1018室','大红门',764),('北京宏达医疗设备有限公司','北京市丰台区广安路9号院5号楼412-415号','太平桥',765),('北京英翊视觉文化创意有限公司','北京市丰台区南窑村3号9号楼A0278','东铁营',766),('北京信德佳业医疗器械有限公司','北京市丰台区丰台北路甲45号鼎恒中心16G','卢沟桥',767),('京蓝能科技术有限公司','北京市丰台区广安路9号国投财富广场5号楼12层1211室','太平桥',768),('北京鑫利白云桶装水销售中心','北京市丰台区西局西街','卢沟桥',769),('北京莱博菲尔科技有限公司','北京市丰台区西四环南路56号望园大厦711房间','卢沟桥',770),('北京万方明达线缆有限公司','北京市丰台区大井东里9号楼一层','卢沟桥',771),('北京云联意网络科技有限公司','北京市丰台区总部基地一区一号楼ABP大厦A座8层','园区',772),('北京聚利和餐饮管理有限公司','北京市丰台区万丰路316号万开中心B座三层','卢沟桥',773),('北京意中意教育装备有限公司','北京市丰台区西四环南路46号国润商务大厦A703','卢沟桥',774),('北京奥龙建筑安装工程有限公司','北京市丰台区南四环西路59号','花乡',775),('北京天宫盛兴针织品厂','北京市丰台区紫芳园六区六号楼三层人事部','方庄',776),('北京东罗园投资管理公司','北京市丰台区永外东罗园54号','大红门',777),('北京卓玛缘泉商贸有限公司','北京市丰台区花乡纪家庙村188号2-D-235','花乡',778),('北京晨旭伟业技术有限公司','北京市丰台区百强大道10号楼13层2单元1301','园区',779),('北京德兴建筑安装有限公司','北京市丰台区贾家花园15号院7号楼2A15','东铁营',780),('富贵鸟(福建)鞋服有限公司北京营销管理分公司','北京市丰台区宋家庄路苇子坑1 号北厂8幢8538室','东铁营',781),('北京瀚元伟业商贸有限公司','北京市丰台区大成路6号院1号楼2613室','卢沟桥',782),('国营北京市卢沟桥农场','北京市丰台区小屯路103号','卢沟桥',783),('北京万博达建筑劳务有限公司','北京市丰台区和光里4号楼1单元604室','卢沟桥',784),('北京华坛中西医结合医院','北京市丰台区育菲园东里4号','新村',785),('北京铁路局物资供应段','北京市丰台区造甲街5号','新村',786),('北京丰泽信和房地产经纪有限责任公司','北京市丰台区西三环南路14号院1号楼9层925','太平桥',787),('北京远卓科技有限责任公司','北京市丰台区西客站南广场亚视大厦1402','太平桥',788),('北京英瀚环保设备有限公司','北京市南三环东路27号丰台区方群公寓C-504室','方庄',789),('北京国瑞印刷有限公司','北京市丰台区马家堡122号','西罗园',790),('北京音韵之家文化艺术中心有限责任公司','北京市丰台区帝京路1号院36号楼1至3层','园区',791),('北京艾鲜乳品销售有限责任公司','北京市丰台区大红门南顶路6号月盛斋院内（现代牧业）','大红门',792),('北京冠京饭店有限责任公司','丰台区丰北路甲79号','卢沟桥',793),('际华集团股份有限公司','北京市丰台区南四环西路188号15区6号楼','园区',794),('北京浩诚优品科技有限公司','北京市丰台区大成路25号3层3028室','卢沟桥',795),('北京山发进出口有限公司','北京市丰台区太平桥路15号6层6018','太平桥',796),('北京华科葆台体育俱乐部有限公司','北京市丰台区葆台北路3号高尔夫球场','花乡',797),('北京东华盛康暖通设备有限公司','北京市丰台区丰桥路8号院甲15号1层25','新村',798),('山东中安科技股份有限公司北京分公司','北京市丰台区富丰路4号18层18B03号','园区',799),('北京建贸物业管理有限公司','丰台区西四环中路75号','卢沟桥',800),('北京金果伟业国际贸易有限公司','北京丰台区方庄住宅区芳群园4区22号1幢二层218室','方庄',801),('北京天创伟业投资公司','丰台区六里桥南里甲5号','方庄',802),('东鹏瀚马（北京）投资有限公司','北京市丰台区太平桥小区8号楼甲1号2幢302','太平桥',803),('智善医联（北京）医疗管理咨询有限公司','北京市丰台区南四环西路128号院4号楼12层1515-1516（园区）','园区',804),('北京闽荣春建材有限公司','北京市丰台区五里店59号','卢沟桥',805),('北京江申寰宇科贸有限公司','北京市丰台区丰台南路116号1幢02号','新村',806),('北京燃烽医药有限责任公司','北京市丰台区六里桥8号院4号楼三层','卢沟桥',807),('北京中电太石电气工程有限公司','北京市丰台区张仪村甲73号北院','卢沟桥',808),('北京市丰台区水务局（公疗）','北京市丰台区丰台镇东安街三条6号','丰台',809),('北京市丰台区花乡农业服务中心','北京市丰台区花乡育菲园东里13号院','新村',810),('北京中医药大学东方医院','北京市丰台区方庄芳星园一区六号','方庄',811),('北京市丰台区循环经济产业园管理中心(公疗)','北京市丰台区北天堂村420号','宛平',812),('北京师范大学第四附属中学（公疗）','北京市丰台区右外大街翠林小区22号','右安门',813),('北京丰台医院（公疗）','北京市丰台区丰台镇西安街1号','丰台',814),('北京市丰台区发展和改革委员会（公疗）','丰台文体路2号','丰台',815),('首都师范大学附属云岗中学（公疗）','北京市丰台区云岗北区东里一号','云岗',816),('中国肉类食品综合研究中心','丰台区永外洋桥70号','西罗园',817),('北京市曲剧团','北京市丰台区海户西里30号综合楼','西罗园',818),('北京市丰台区职业教育中心学校（公疗）','北京市丰台区方庄芳古园二区9号','方庄',819),('北京市丰台区新村社区卫生服务中心（公疗）','北京市丰台区首经贸北路8号4号楼','新村',820),('北京市丰台区中小企业服务中心（公疗）','北京市丰台区文体路2号','丰台',821),('北京市丰台区环境卫生服务中心云岗环卫所','北京市丰台区王佐镇佃起云岗路212号','云岗',822),('北京市水产科学研究所（公疗）','丰台区洋桥角门路18号','马家堡',823),('北京丽泽金融商务区开发建设指挥部办公室（公疗）','北京市丰台区东管头前街207号','卢沟桥',824),('北京市丰台区房屋经营管理中心南苑分中心','丰台区南苑西宏苑小区15号楼','南苑',825),('北京市丰台体育中心管理处','北京市丰台区西四环南路55号','卢沟桥',826),('北京市吉望律师事务所','北京市丰台区城南嘉园益城园16号楼12层2-1207','马家堡',827),('北京市右安门外国语学校（公疗）','北京市丰台区右安门外西三条4号','右安门',828),('北京市规划委员会丰台分局（公疗）','丰台区七里庄路十八号','丰台',829),('北京市丰台区红十字会（公疗）','北京市丰台区东安街3条6号','丰台',830),('北京市丰台区国土资源执法监察队（公疗）','北京市丰台区丰台北路127号','卢沟桥',831),('北京市丰台区花城幼儿园','丰台区万年花城玫瑰园12号楼','新村',832),('北京市法学会（公疗）','北京市丰台区成寿寺四方景园一区六号','东铁营',833),('北京市丰台区军队离退休干部综合服务管理所（公疗）','北京市丰台区丰体南路1号院9号楼','卢沟桥',834),('中国航天科工飞航技术研究院动力供应站','北京市丰台区云岗西路7号','云岗',835),('北京市丰台区南苑医院','北京市丰台区南苑公所胡同5号','南苑',836),('北京市丰台区西罗园幼儿园','北京市丰台区洋桥北里32号','西罗园',837),('中国航天科工飞航技术研究院','北京市丰台区云岗北区西里一号院','云岗',838),('北京市丰台区方庄第六幼儿园（公疗）','北京市丰台区方庄芳星园三区28号楼','方庄',839),('北京市京开律师事务所','北京市丰台区南三环东路6号嘉业大厦B座1906','东铁营',840),('北京市残疾人联合会财务结算中心(公疗)','丰台区右安门外玉林里62号','右安门',841),('北京市建设工程安全质量监督总站（公疗）','丰台区西三环南路甲17号','卢沟桥',842),('北京市丰台区图书馆','北京丰台区西四环南路64号','丰台',843),('北京市东城区军队离退休干部方庄休养所','北京市丰台区芳星园二区甲3号院2楼106','方庄',844),('北京市丰台区长辛店镇农业服务中心','丰台区长辛店大街南关东里109号','长辛店镇',845),('北京市红十字会宣传信息中心','北京市丰台区六里桥南里甲九号首发大厦C座','卢沟桥',846),('北京市丰台区机构编制委员会办公室（公疗）','北京市丰台区文体路2号','丰台',847),('北京市金韬律师事务所','北京丰台区方庄时代紫芳园3区1号楼2单元1401室','方庄',848),('北京市丰台区王佐镇农业服务中心（公疗）','丰台区王佐镇长青路99号','王佐',849),('北京市丰台区东铁匠营第二中学（公疗）','丰台区石榴园北里四号','大红门',850),('北京市久敬庄接济服务中心（公疗）','北京市丰台区永外久敬庄窑窝村41号','和义',851),('中国航天标准化研究所','北京市丰台区小屯路89号人力资源部','卢沟桥',852),('北京市丰台区旅游发展委员会（公疗）','北京市丰台区东安街三条六号','丰台',853),('北京市丰台区卢沟桥乡人民政府','丰台区丰北路77号','卢沟桥',854),('北京市丰台区人民检察院','北京市丰台区丰台近园路13号','丰台',855),('北京市国防动员委员会交通战备办公室','北京市丰台区六里桥南里甲9号C座11层','卢沟桥',856),('中国戏曲学院','丰台区万泉寺400号','太平桥',857),('北京市丰台区芳群园第一小学（公疗）','北京市丰台区方庄芳群园一区14#楼','方庄',858),('北京市丰台区土地利用事务中心（公疗）','北京市丰台区丰台北路127号','卢沟桥',859),('北京市丰台区丰台第二中学（公疗）','北京市丰台区丰台镇东安街头条3号','丰台',860),('中共北京市丰台区委北京市丰台区人民政府信访办公室（公疗）','北京市丰台区丰台文体路2号','丰台',861),('北京市丰台区南苑中学（公疗）','北京市丰台区南苑西路一号','南苑',862),('北京市丰台区人防工程管理所（公疗）','丰台区西四环南路64-2号','丰台',863),('北京市丰台区人民政府军队离休退休干部安置办公室（公疗）','北京市丰台区丰体南路1号院9号楼306','卢沟桥',864),('北京市丰台区文化馆（公疗）','北京市丰台区西四环南路64号','丰台',865),('北京市丰台区花城幼儿园（公疗）','北京市丰台区芳菲路88号院12号楼','新村',866),('北京市丰台区宛平幼儿园','丰台区晓月苑垂虹街三号','宛平',867),('北京市丰台区房屋经营管理中心','北京市丰台区文体路13号','丰台',868),('首都医科大学附属卫生学校','北京市丰台区花乡张家路口107号','新村',869),('北京市丰台区师范学校附属小学','北京市丰台区文体路30号','丰台',870),('北京市丰台区看丹小学（公疗）','丰台区建新路36号','花乡',871),('北京市丰台区环境卫生服务中心（公疗）','北京市丰台区丰台镇第一胡同1号','丰台',872),('北京丰台医院','北京丰台西安街1号','丰台',873),('北京市丰台区长辛店镇社区卫生服务中心（公疗）','北京市丰台区长辛店镇射击场路23号','长辛店镇',874),('北京世嘉衡信科技有限公司','北京市丰台区南三环西路91号院1号楼10层1单元1115室','新村',875),('北京市丰台区劳动人事争议仲裁院（公疗）','北京市丰台区万柳桥甲3号院','新村',876),('河北省人民政府驻北京办事处','北京市丰台区莲花池南路1号世纪莲花酒店','太平桥',877),('北京市丰台区扶轮小学','北京市丰台区长辛店崔村一里7号','长辛店',878),('北京市京安机动车检测有限责任公司','北京市丰台区赵辛店83号','长辛店',879),('北京隆轩橡塑有限公司','北京市丰台区张郭庄3号','长辛店',880),('北京市丰台区卢沟桥乡人民政府（公疗）','北京市丰台区丰北路77号','卢沟桥乡',881),('北京市丰台区如果幼儿园','丰台方庄芳星园二区11-1号院','方庄',882),('北京市残疾人康复服务指导中心（北京市聋儿康复中心）（公疗）','北京市丰台区丰台南路91号院1号楼','新村',883),('中国电子系统技术有限公司','北京市丰台区小屯路8号','卢沟桥',884),('北京老京华建筑公司','北京市丰台区永外高庄138号','南苑乡',885),('北京优泊科技有限公司','北京市丰台区方庄南路15号楼6层2座719','东铁营',886),('北京鸿运融侨商贸有限公司','北京市丰台区南三环西路91号院1号楼5层2单元608','新村',887),('北京中都泰和科技企业孵化器有限公司','北京市丰台区西四环南路35号','卢沟桥乡',888),('众缘盛通(北京)商贸有限公司','北京市丰台区西南郊肉类水产品市场二层175号','新村',889),('中国通信建设集团设计院有限公司','北京市丰台区南方庄甲56号','东铁营',890),('北京市丰台区水政监察大队','丰台区卢沟桥南里12号','丰台',891),('北京市西城区城市管理综合行政执法监察局北京西站地区分局','丰台区莲花池东路120-2号北恒大厦12层','外区',892),('北京市丰台区环境保护局','北京市丰台区七里庄路二十八号','丰台',893),('北京市丰台区南苑乡人民政府','北京市丰台区大红门南里11号楼','南苑乡',894),('北京市丰台区人民政府太平桥街道办事处（公疗）','北京市丰台区西客站南路41号','太平桥',895),('北京市丰台区科学技术协会（公疗）','北京市丰台区东安街三条六号','丰台',896),('北京强度环境研究所','北京市丰台区南大红门路1号','东高地',897),('中国食品报社','北京市丰台区太平桥东里5号楼中国食品报社','太平桥',898),('北京市体育局新闻中心','丰台区光彩北路10号体育局新闻中心','大红门',899),('北京市红十字会宣传信息中心','北京市丰台区六里桥南里甲九号首发大厦C座','卢沟桥',900),('北京市垃圾渣土管理处','北京市丰台区花乡马家楼204号','新村',901),('北京市东城区永定门外社区卫生服务中心','北京市丰台区蒲黄榆二里二号院','东铁营',902),('北京市佟麟阁中学','丰台区永外南顶村31号','大红门',903),('北京市丰台区实验幼儿园','丰台区方庄芳群园二区10号楼','方庄',904),('北京市丰台区蒲黄榆第二幼儿园','丰台区蒲黄榆蒲安里8号楼','东铁营',905),('北京市丰台区蒲黄榆第一幼儿园','丰台区蒲黄榆三里甲三号','东铁营',906),('北京市丰台区东铁匠营第一中学','丰台区永外蒲黄榆十二巷3号','东铁营',907),('北京市芳星园中学','北京市丰台区方庄小区芳城园三区10号','方庄',908),('北京市丰台区方庄社区卫生服务中心','丰台区方庄芳群园三区一号','方庄',909),('北京市第十二中学体育分校','丰台区丰台镇文体路32号','丰台',910),('北京市丰台区广播电视中心','丰台区西四环南路64号','丰台',911),('北京市丰台棒垒球运动学校','北京市丰台区西四环南路55号','卢沟桥',912),('北京市丰台区王佐镇水利管理服务站','丰台区王佐镇西王佐村北182号','王佐',913),('北京市丰台第八中学','丰台镇北大地西区一里16号楼','丰台',914),('北京市纺织服装职业技能培训学校','北京市丰台区黄土岗新发地潘家庙56号','花乡',915),('北京市海淀区实验小学丰台分校','北京市丰台区莲花池南里15号','太平桥',916),('北京市丰台区建设工程发包承包交易中心','北京市丰台区靛厂路12号','卢沟桥乡',917),('北京市丰台区卢沟桥社区卫生服务中心（公疗）','北京市丰台区晓月苑清音街1号','宛平',918),('北京市丰台区王佐镇社区卫生服务中心（公疗）','北京市丰台区王佐镇西王佐356号','王佐',919),('北京市丰台区培智中心学校（公疗）','丰台区南三环宋家庄路4号','东铁营',920),('北京市丰台中西医结合医院（公疗）','北京市丰台区长辛店东山坡三里甲60号','长辛店',921),('北京市丰台区青塔第二幼儿园（公疗）','青塔小区蔚园15号','卢沟桥',922),('北京市丰台区大红门第一小学（公疗）','北京市丰台区大红门西前街24号','大红门',923),('北京市丰台区西罗园第五小学（公疗）','北京市丰台区西罗园三区16号','西罗园',924),('北京市丰台区芳星园小学（公疗）','北京市丰台区方庄小区芳星园二区9号楼','方庄',925),('北京市丰台区和义学校（公疗）','北京市丰台区南苑北里三区12号','和义',926),('北京市水产科学研究所（公疗）','丰台区洋桥角门路18号','马家堡',927),('北京市丰台区特种设备检测所（公疗）','北京市丰台区周庄子212号','卢沟桥',928),('北京市丰台区育百德培训学校','丰台区西罗园二区甲七号院','西罗园',929),('北京市丰台区太阳花幼儿园','北京市丰台区马家堡东路168号院1号楼','大红门',930),('北京市丰台区环境卫生服务中心新村环卫所','北京市丰台区王佐镇刘太庄145号','王佐',931),('北京市丰台区防雷装置安全检测站','北京市丰台区小屯路170号','卢沟桥',932),('北京小学丰台万年花城分校（公疗）','北京市丰台区万年花城万芳园二区','新村',933),('北京市体育局信息中心（公疗）','北京市丰台区光彩北路10号','大红门',934),('中国煤炭地质总局建设工程培训中心','北京市丰台区西局南街甲15号','卢沟桥乡',935),('公安部户政管理研究中心','北京市丰台区南四环西路188号总部基地十区40-41号','园区',936),('北京临近空间飞行器系统工程研究所','北京市丰台区南大红门路1号','东高地',937),('北京市丰台区房屋经营管理中心','北京市丰台区丰台镇文体路13号','丰台',938),('北京市丰台区右安门翠林敬老院','北京市丰台区右安门外翠林二里9号楼','右安门',939),('北京市丰台区归国华侨联合会（公疗）','北京市丰台区丰北路75号','卢沟桥乡',940),('北京市丰台区土地利用事务中心（公疗）','北京市丰台区丰台北路127号','卢沟桥',941),('北京市应用法学研究中心（公疗）','北京市丰台区成寿寺四方景园1区6号','东铁营',942),('中国重型机械有限公司','北京市丰台区南四环西路186号汉威国际二区8号楼','园区',943),('中国技术进出口集团有限公司','北京市丰台区西三环中路90号','太平桥',944),('中国通信建设集团有限公司','丰台区南方庄甲56号','东铁营',945),('中国联合航空有限公司','北京市丰台区警备东路6号西区一号院','南苑',946),('中国建筑土木建设有限公司','北京市丰台区南四环西路188号总部基地16区12号楼','园区',947),('中国华电科工集团有限公司','丰台区汽车博物馆东路6号盈坤世纪A座1128','园区',948),('人民邮电出版社','北京市丰台区成寿寺路11号','东铁营',949),('中国建筑第二工程局有限公司','北京市丰台区汽车博物馆东路6号院E座','园区',950),('中国水产有限公司','北京市丰台区南四环西路188号18区19号楼','园区',951),('中铁六局集团丰桥桥梁有限公司','北京市丰台区葛家村西里1号','新村',952),('北京北方车辆集团有限公司','北京市丰台区长辛店朱家坟5里5号','长辛店',953),('北京城乡建设集团有限责任公司','北京市丰台区草桥东路8号院7号楼','马家堡',954),('北京公共交通控股（集团）有限公司','北京市丰台区莲花池西里29号','卢沟桥',955),('中国建筑一局(集团)有限公司','北京市丰台区西四环南路52号','卢沟桥',956),('中铁华铁工程设计集团有限公司','北京市丰台区丰台北路36号2层','丰台',957),('北京地铁车辆装备有限公司','北京市丰台区苇子坑23号','东铁营',958),('北京市第二建筑工程有限责任公司','丰台区小屯路16号','卢沟桥',959),('北京市市政二建设工程有限责任公司','丰台区青塔西里甲2号','卢沟桥',960),('中国新兴建筑工程有限责任公司','北京市东铁匠营顺8条9号','东铁营',961),('北京北国建筑工程有限责任公司','北京市丰台区临泓路37号院14号楼12层','马家堡',962),('北京天客隆集团有限责任公司','丰台区右安门外大街2号迦南大厦四层','右安门',963),('中国人民银行印制科学技术研究所','北京市丰台区丰台科学城中核路5号2号楼','园区',964),('北京动力源科技股份有限公司','丰台科学城星火路8号','园区',965),('北京万泉寺出租汽车有限公司','北京市丰台区万泉寺南里甲1号','卢沟桥乡',966),('北京花乡花木集团有限公司','北京市丰台区草桥欣园四区22号（奥运花卉配送中心）','花乡',967),('通号通信信息集团有限公司','北京市丰台区丰台路口139号318室','园区',968),('北京银建实业股份有限公司','北京市丰台区丰台镇西洪太庄路98号','新村',969),('中铁电气化局集团北京建筑工程有限公司','北京市丰台区靛厂路甲121号','卢沟桥',970),('北京全路通信信号研究设计院集团有限公司','北京市丰台科技园区汽车博物馆南路1号院','园区',971),('北京三兴汽车有限公司','北京市丰台区新村一里15号','新村',972),('北京东方新星石化工程股份有限公司','北京市丰台区南四环西路188号七区28号楼','园区',973),('北京矿冶科技集团有限公司','北京市丰台区南四环西路188号总部基地十八区23号楼','园区',974),('中铁十九局集团矿业投资有限公司','北京市丰台区风荷曲苑3号楼01-02商业','卢沟桥',975),('北京京铁商业服务有限公司','北京市丰台区广莲路13号北京京铁天佑酒店管理有限公司京铁饭店分公司7层','外区',976),('北京榆构有限公司','北京市丰台区人民村63号','花乡',977),('中建二局第三建筑工程有限公司','北京市丰台区海鹰路60号院30号楼','园区',978),('北京云星宇交通科技股份有限公司','北京市丰台区方庄芳星园二区4号高速大厦','方庄',979),('中车北京二七车辆有限公司','丰台区张郭庄甲一号','长辛店',980),('中车北京二七机车有限公司','北京市丰台区杨公庄1号','长辛店',981),('中国中铁股份有限公司工程建设分公司','北京市丰台区汽车博物馆南路3号院北京中铁大厦中铁投资711','园区',982),('北京市新发地农产品股份有限公司','北京市丰台区花乡京开高速路新发地桥西侧','花乡',983),('北京本浮旧机动车经纪有限公司','北京市丰台区南四环西路123号北京市旧机动车交易市场G区808号','花乡',984),('北京环丰世纪绿色能源科技有限公司','北京市丰台区老庄子乡北天堂村北','宛平',985),('北京家乐福商业有限公司马家堡店','北京市丰台区南三环西路16号1号楼地下一层地上一层','马家堡',986),('北京家乐福商业有限公司','北京丰台区方庄芳城园二区15号','方庄',987),('北京科园信海医药经营有限公司','北京市丰台区南四环西路186号四区汉威国际广场1号楼8-9层','园区',988),('北京金自天正智能控制股份有限公司','北京市丰台区科学城富丰路6号','园区',989),('中国通用技术（集团）控股有限责任公司','北京丰台区西三环中路90号通用技术大厦2504房间','太平桥',990),('中牧实业股份有限公司','丰台区南四环西路188号八区16－19号楼','园区',991),('中成进出口股份有限公司','北京市丰台区南四环西路188号二区8号楼','园区',992),('建研地基基础工程有限责任公司','北京市丰台区西四环南路88号211室','新村',993),('中色镍业有限公司','北京市丰台区西站南广场驻京办1号楼','太平桥',994),('中华书局有限公司','北京市丰台区太平桥西里38号','太平桥',995),('泛华建设集团有限公司','北京市丰台区南四环西路188号17区6号楼','园区',996),('北京市旧机动车交易市场有限公司','北京市丰台区南四环西路123号','花乡',997),('北京祥龙出租客运有限公司','丰台区南四环中路75号','大红门',998),('北京大方饭店有限责任公司','丰台区西客站南广场东侧大方饭店人事部','太平桥',999),('北京国泰建设集团有限公司','北京市丰台区双林东路1号院1号楼','卢沟桥乡',1000),('北京东方中远市政工程有限责任公司','北京市丰台区丰葆路世界公园北六圈南路55号','花乡',1001),('北京京丰制药集团有限公司','北京市丰台区科学城航丰路8号(园区)','园区',1002),('北京市轨道交通建设管理有限公司','丰台区公益西桥桥西650米（南四环中路北侧）轨道交通大厦','马家堡',1003),('北京美克家居用品有限公司','北京市丰台区西三环南路57号','卢沟桥乡',1004),('中铁工程设计咨询集团有限公司','北京市丰台区海鹰路总部国际19号楼东','园区',1005),('北京天健源达科技股份有限公司','北京市丰台区星火路1号昌宁大厦19层A','园区',1006),('北京时代民芯科技有限公司','北京市丰台区东高地四营门北路2号科研楼','东高地',1007),('北京金唐天润置业发展有限公司','北京市丰台区丰台北路18号院1号楼22层2201内2209室','卢沟桥乡',1008),('农信银资金清算中心有限责任公司','北京市丰台区海鹰路9号2号楼121室','园区',1009),('中国铁路北京局集团有限公司北京西站','北京市丰台区莲花池东路118号','太平桥',1010),('华电（北京）热电有限公司','丰台区西四环中路82号','卢沟桥',1011),('北京市保安服务总公司丰台分公司','北京市丰台区角门西里22楼','马家堡',1012),('北京首航艾启威节能技术股份有限公司','北京市丰台区南四环西路188号三区20号楼','园区',1013),('北京固废物流有限公司','丰台区草桥赵村店420号','新村',1014),('北京城市机扫服务有限公司','北京市丰台区南四环中路265号','新村',1015),('北京市轨道交通运营管理有限公司','北京市丰台区南四环西路188号7区3号楼','园区',1016),('北京云谷新城科技产业股份有限公司','北京市丰台区南方庄89号2号楼五层5004','东铁营',1017),('北京庄子工贸有限责任公司','北京市丰台区分钟寺倪庄16号（庄子公司）','东铁营',1018),('中建一局集团第三建筑有限公司','北京市丰台区西四环南路52号中建一局大厦1101室','卢沟桥',1019),('好孩子（中国）商贸有限公司北京分公司','北京市丰台区右安门外大街99号华商科技大厦407室','右安门',1020),('北京天超仓储超市有限责任公司','丰台区右安门外大街2号迦南大厦四层','右安门',1021),('北京诚利达人力资源管理有限公司','北京市丰台区东木樨园9号双城公寓B座1907G','东铁营',1022),('中建一局华江建设有限公司','北京市丰台区西四环南路52号中建一局大厦B座1611房间','卢沟桥',1023),('中国铁路北京局集团有限公司北京工务段','北京市丰台区洋桥西里40号','西罗园',1024),('北京城乡欣瑞建设有限公司','北京市丰台区右外大街幸福路4号院','右安门',1025),('北京实验工厂有限责任公司','丰台区南大红门路一号第十八研究所9200信箱','东高地',1026),('北京赛瑞斯国际工程咨询有限公司','北京市丰台区海鹰路六号院5号楼','园区',1027),('中鼎建（北京）建筑工程有限公司','北京市丰台区丰台镇游泳场北路9号71幢5层521室','丰台',1028),('北京中水物业管理有限公司','丰台区广外莲花池南里甲5号','太平桥',1029),('央广新媒体文化传媒（北京）有限公司','北京市丰台区南四环西路188号总部基地18区7号楼','园区',1030),('北京中劳鸿业人力资源管理有限公司','北京市丰台区右外开阳里四区6-5-103','右安门',1031),('北京奇妙佳儿童用品有限责任公司','北京市丰台区菜户营东街甲88号鹏润家园静苑B座102室','太平桥',1032),('北京华商远大电力建设有限公司','北京市丰台区科兴路3号','新村',1033),('北京美特斯邦威服饰有限公司','北京市丰台区南四环西路186号汉威国际广场一区一号楼东塔4-12室','园区',1034),('北京开诚工程技术有限责任公司','北京市丰台区造甲村南里5号2号楼','新村',1035),('四川长虹电器股份有限公司北京销售分公司','北京市丰台区南四环西路188号十八区26栋5层','园区',1036),('北京翡翠京华餐饮管理有限公司','北京市丰台区宋家庄路71号院1号楼1701室','东铁营',1037),('上海旗计智能科技有限公司北京分公司','北京市丰台区南三环西路16号3号楼1703、1705','方庄',1038),('北京京朝出租汽车有限公司（丰台）','丰台区方庄gogo新世代5-707','方庄',1039),('北京国信融通科技有限公司','北京市丰台区榴乡路88号院10号楼11层1101-09','南苑乡',1040),('北京首证投资顾问有限公司','北京市丰台区榴乡路88号院10号楼15层、16层','南苑乡',1041),('北京市特欣市政公用工程有限公司','北京市丰台区方庄紫芳园一区3号','方庄',1042),('北京味千餐饮管理有限公司','北京市丰台区宋家庄路71号院1号楼扑满山写字楼1705室','东铁营',1043),('中国铁路北京局集团有限公司北京车辆段','北京市丰台区岳家楼1号院','卢沟桥',1044),('北京公联安达停车管理有限公司','丰台区宋庄路宋家庄交通枢纽4层','东铁营',1045),('北京艾迪尔文创科技有限公司','北京市丰台区广安路9号院3号楼11层1106','太平桥',1046),('平安普惠投资咨询有限公司北京三元桥分公司','北京市丰台区丰台北路18号恒泰中心D座15层','卢沟桥乡',1047),('北京诚橙惠利人力资源管理有限公司','北京市丰台区方庄芳城园一区13号13-2幢二层金桥怡佳宾馆306室','方庄',1048),('北京鹏龙大道汽车销售服务有限公司','北京市丰台区南三环西路85号甲-1','花乡',1049),('北京东方财智投资咨询有限公司','北京市丰台区成寿寺路1号楼16层1601','东铁营',1050),('北京富盛视联图像系统运营服务有限公司','北京市丰台区南四环西路188号十区6号楼（园区）','园区',1051),('特变电工股份有限公司北京办事处','北京市丰台区南四环西路188号18区27号楼','园区',1052),('优品派客（北京）科技有限公司','北京市丰台区南三环西路16号2号楼8层905','马家堡',1053),('北京欧美思教育科技发展有限公司','北京市丰台区星火路1号1号楼3层Q301(园区)','园区',1054),('通号工程局集团有限公司北京分公司','北京市丰台区丰台南路101号4幢2层','丰台',1055),('北京金晨舒鑫投资管理有限公司','北京市丰台区西站南路丽泽雅园9号楼107','太平桥',1056),('中国铁路北京局集团有限公司北京高铁工务段','北京市丰台区西道口沙岗村4号','宛平',1057),('城市传奇篮球俱乐部（北京）有限公司','北京市丰台区贾家花园15号院7号楼F3-09','东铁营',1058),('东方英迪（北京）人力资源有限公司','北京市丰台区马家堡东路121号院6号楼10层1105','大红门',1059),('蓝月亮（中国）有限公司北京销售分公司','北京市丰台区南四环西路188号十六区18号楼14层1401-1','园区',1060),('中国铁路北京局集团有限公司丰台货运中心','北京市丰台区丰西北里362号','新村',1061),('北京盛和行人力资源管理有限公司','北京市丰台区菜户营58号13层1315','太平桥',1062),('北京中曌鸿诚建设工程有限公司','北京市丰台区纪家庙8号21号楼A112室','花乡',1063),('北京隧盾市政建设有限公司','北京市丰台区五里店北里一区4号楼708-1室','卢沟桥乡',1064),('中国铁路北京局集团有限公司北京货运中心','北京市丰台区南四环中路130号','马家堡',1065),('中铁建工集团路桥工程有限公司','北京市丰台区南四环西路188号十区11号楼(园区)','园区',1066),('中国铁路北京局集团有限公司北京西电务段','北京市丰台区建国街7号','丰台',1067),('海丰通航科技有限公司','北京市丰台区科学城星火路4号B座','园区',1068),('拓天伟业（北京）资产管理集团有限公司','北京市丰台区洋桥路12号综合业务楼8层8001','西罗园',1069),('北京习鼎阁资产管理有限公司','北京市丰台区南四环西路186号一区1号楼6层01-04单元(园区)','园区',1070),('东方美高美（北京）国际酒店有限公司','北京市丰台区山湖路9号','王佐',1071),('北京福祥云集投资管理有限公司','北京市丰台区五里店656号','卢沟桥',1072),('北京晶澳太阳能光伏科技有限公司','北京市丰台区汽车博物馆东路1号院4号楼南座701室','园区',1073),('北京普惠职道科技发展有限责任公司','北京市丰台区南四环西路188号六区二号楼二层','园区',1074),('中国法律图书有限公司','北京市丰台区莲花池西里7号309室','卢沟桥',1075),('北京电力工程有限公司','北京市丰台区南四环西路188号八区14号楼','园区',1076),('北京丰供送变电工程有限责任公司','北京市丰台区新发地(变电站院内)','新村',1077),('北京商务会馆有限公司','北京市丰台区右安门外玉林里1号','右安门',1078),('北京北方生物技术研究所有限公司','北京市丰台区潘家庙甲20号','花乡',1079),('北京丰台工程机械修造厂','北京市丰台区游泳场北路九号','丰台',1080),('北京丰瑞龙翔医药有限公司','北京市丰台区马连道乙40号','卢沟桥乡',1081),('北京市汇友出租汽车有限公司','北京市丰台区郭公庄一区20号楼201','花乡',1082),('北京金隅大成物业管理有限公司','北京市丰台区青塔西路1号南侧','东铁营',1083),('北京鑫泉科贸有限公司','北京市丰台区丰台科技园区3A地块工商联科技大厦A座1006室','园区',1084),('中国铁路北京局集团有限公司北京工电大修段','北京市丰台区北大街北里甲六号','丰台',1085),('中建一局集团装饰工程有限公司','北京市丰台区西四环南路52号','卢沟桥',1086),('北京榆构砂石有限公司','北京市丰台区榆树庄(铁路氧气厂南20米)','花乡',1087),('北京长征高科技有限公司','北京市丰台区科兴路7号210室','东高地',1088),('北京国电芳城能源工程有限公司','北京市丰台区石榴园北里42号楼2层1单元226','大红门',1089),('北京市四合庄兴鹏投资管理中心','北京市丰台区花乡纪家庙188号','新村',1090),('北京新宫昕源益达投资管理公司','北京市丰台区南苑西路68号','南苑乡',1091),('北京市丰房建筑工程有限公司','北京市丰台区大井村260号','卢沟桥',1092),('北京中阳盛锋投资管理公司','北京市丰台区万泉寺小区9号楼','卢沟桥乡',1093),('北京市卢沟桥农场有限公司','北京市丰台区小屯路103号','卢沟桥',1094),('北京东铁营工贸集团','北京市丰台区永外宋家庄路14号','南苑乡',1095),('北京盛世源达投资管理公司','北京市丰台区槐房村北','南苑乡',1096),('北京马家堡鑫华工贸集团','北京市丰台区马家堡东路71号','西罗园',1097),('北京鑫福海工贸集团','北京永外高庄138号','南苑乡',1098),('北京市侨园饭店','北京市丰台区开阳路6号','右安门',1099),('北京市嘉祥工贸公司','丰台区马家堡西路南甲1号','马家堡',1100),('北京东管头投资管理公司','北京市丰台区东管头村(益泽公园北侧50米)','卢沟桥乡',1101),('中国农业银行股份有限公司北京丰台支行','北京市丰台区东大街9号','丰台',1102),('中航天建设工程有限公司','北京市丰台区看丹路4号院甲6号','新村',1103),('北京草桥实业总公司','北京市丰台区南三环路玉泉营立交桥东南侧118号','花乡',1104),('首都航天机械有限公司','北京市丰台区34信箱20分箱','东高地',1105),('北京世界公园','丰台花乡大葆台158号','花乡',1106),('北京市万柳商城有限责任公司','北京市丰台区万柳园小区34号楼','新村',1107),('北京方庄物业管理有限责任公司','丰台区方庄小区芳群园二区12号楼','方庄',1108),('北京路明路灯电气安装有限公司','北京市丰台区方庄路2号','方庄',1109),('北京和平幕墙工程有限公司','北京市丰台区丰管路26号（奇瑞汽车院内）','丰台',1110),('北京市新港永豪水务工程有限公司','北京市丰台区长辛店镇园博园南路渡业大厦7层716B室','长辛店镇',1111),('北京中宏润禾种业有限公司','北京市丰台区张仪村路99号','卢沟桥乡',1112),('北京长城制药有限公司','北京市丰台区西四环南路63号院','丰台',1113),('北京市美业电器经营中心','北京市丰台区丰管路5号院盛鑫家园1号楼106','丰台',1114),('航天万源实业有限公司','北京市丰台区东高地万源西里36栋','东高地',1115),('北京星航机电装备有限公司','北京市丰台区云岗东王佐北路9号','云岗',1116),('北京农村商业银行股份有限公司卢沟桥支行','北京市丰台区丰体北路1号','卢沟桥',1117),('中铁通信信号勘测设计院有限公司','北京市丰台区科兴路7号610室','新村',1118),('北京市花乡白盆窑花卉中心','北京市丰台区白盆窑村6号','花乡',1119),('北京红黄蓝儿童教育科技发展有限公司','丰台区芳庄芳古园一区29号楼通润会馆4层','方庄',1120),('北京锦悦天城商贸有限公司','北京市丰台区槐房新村二期商业配套33号楼109室','南苑乡',1121),('内蒙古西贝餐饮集团有限公司丰台分公司','北京市丰台区六里桥北里10号商业综合楼','卢沟桥',1122),('北京连辉企业管理有限公司','北京市丰台区程庄路71号7幢306室','卢沟桥',1123),('北京鹏皓商贸有限公司','北京市丰台区玉泉营111号西边7幢509室','新村',1124),('润在百邦（北京）投资咨询有限公司','北京市丰台区南四环西路128号院4号楼12层1511-007','园区',1125),('北京东兴联永同昌投资管理有限公司西国贸大酒店','北京市丰台区丰管路16号8号楼','丰台',1126),('北京柏朗教育科技有限公司','北京市丰台区大成里秀园13号楼东侧楼三层(卢沟桥企业集中办公区)','卢沟桥',1127),('北京腾龙云海贸易有限公司','北京市丰台区京开路新发地桥西侧新发地农副产品批发市场综合大厅276号','花乡',1128),('北京金色葵花财务咨询有限公司','北京市丰台区广安路9号院1号楼4层417','太平桥',1129),('北京宁创鑫业信息咨询有限公司','北京市丰台区小屯路9号综合商业楼2号楼B8523室','卢沟桥乡',1130),('北京雨竹文轩文化传播有限公司','北京市丰台区丰台北路32号7幢313室','丰台',1131),('北京广源永盛人力资源管理咨询有限公司丰台分公司','丰台区西三环南路55号顺和国际财富中心三层B区322室','卢沟桥乡',1132),('北京博仁医院有限公司','北京市丰台区郑王坟南6号A、B、C座','花乡',1133),('普蕊斯(上海)医药科技开发股份有限公司北京分公司','北京市丰台区南四环西路188号一区2号楼16层1601-3','园区',1134),('北京义诚鸿达商务管理有限公司','北京市丰台区西四环南路88号赛欧科园A182室','丰台',1135),('天津港首农食品进出口贸易有限公司北京分公司','北京市丰台区草桥东路2号1幢','新村',1136),('北京一路捞互联网科技有限公司','北京市丰台区航丰路航丰路1号院2号楼2019室（园区）','园区',1137),('北京集美家居市场有限公司','北京市丰台区永外大红门西马场甲14号','大红门',1138),('国信优易数据有限公司','北京市丰台区丰台科技园一区ABP写字楼B座9层','园区',1139),('北京天创伟业投资管理有限公司丰台分公司','丰台区万丰路68号院银座和谐广场南楼8层','卢沟桥乡',1140),('北京和润通达工程管理有限公司','北京市丰台区程庄路20号院2号楼2层207室','丰台',1141),('北京中祥盛世商贸有限公司','北京市丰台区大成里秀园13号楼东侧楼三层(卢沟桥企业集中办公区)','卢沟桥',1142),('北京去买车旧机动车经纪有限公司','北京市丰台区南四环西路123号北京市旧机动车交易市场G220号','花乡',1143),('北京汇众恒泰商业管理有限公司','北京市丰台区丰北路18号院恒泰广场C栋二层','卢沟桥乡',1144),('深圳市建装业集团股份有限公司北京分公司','北京市丰台区南四环西路188号一区27号楼4层','园区',1145),('北京雅致日日升商贸有限公司','北京市丰台区南四环西路66-2号院08号','花乡',1146),('北京美得你装饰设计有限公司','北京市丰台区莲花池南里27号楼2层2100室','太平桥',1147),('北京美晨金科咨询有限公司','北京市丰台区造甲街110号15幢1067室','新村',1148),('北京郭公庄福盛泰恒商贸有限公司','北京市丰台区郭公庄1186号','花乡',1149),('北京郭公庄福瑞冠博咨询有限公司','北京市丰台区郭公庄1186号','花乡',1150),('北京鑫龙国珍文化艺术发展有限公司','北京市丰台区汽车博物馆东路1号院3号楼508室','园区',1151),('北京郭公庄福康恒泰信息服务有限公司','北京市丰台区郭公庄1186号','花乡',1152),('中国建筑第五工程局有限公司北京分公司','北京市丰台区科技园区汉威国际广场4区2号楼8m','园区',1153),('北京腾远迅达商贸有限公司','北京市丰台区南三环西路91号院1号楼109-40号','新村',1154),('菩明堂（北京）美容美体服务有限公司','北京市丰台区镇国寺北街8号院1号楼配套公建02-203','马家堡',1155),('北油电控燃油技术（北京）有限公司','北京市丰台区程庄路3号8号楼3层6-7室','卢沟桥',1156),('北京昌达思源科技发展有限公司','北京市丰台区南四环西路128号诺德中心1期3号楼2102室','园区',1157),('北京高鑫世纪购物广场有限公司','北京市丰台区高立庄村4','花乡',1158),('北京白盆窑天兴花卉投资中心','北京市丰台区白盆窑村68号','花乡',1159),('通号城市轨道交通技术有限公司','北京市丰台区汽车博物馆南路1号院D座11层','园区',1160),('北京华艺永成文化发展有限公司','北京市丰台区造甲街110号2号平房（新村企业集中办公区）','新村',1161),('国家金融信息中心有限责任公司','北京市丰台区西站南路168号1013室','太平桥',1162),('杭州丰来企业管理咨询有限公司北京分公司','北京市丰台区正阳大街127号5号楼5层B536室','丰台',1163),('北京杰士瑞达劳务服务有限公司','北京市丰台区方庄芳星园三区4号楼103室','方庄',1164),('华信中安（北京）保安服务有限公司','北京市丰台区郭庄子甲一号','卢沟桥乡',1165),('依文服饰股份有限公司','北京市丰台区总部基地三区1号','园区',1166),('北京北排建设有限公司','北京市丰台区梅市口路59号1幢101室','卢沟桥',1167),('北京万通大成技术有限公司','北京市丰台区樊羊路69号院2号楼3层334','新村',1168),('北京新兴保信建设工程有限公司','北京市丰台区永定门外宋家庄路22号一层','东铁营',1169),('北京腾博人力资源管理咨询有限公司','北京市丰台区新发地银地家园34-4-1501','新村',1170),('北京周黑鸭商贸有限公司','北京市丰台区马家堡西路15号2-307','马家堡',1171),('南储仓储管理集团有限公司北京分公司','北京市丰台区角门18号(枫竹苑一区)7-08','马家堡',1172),('北京易捷远通人力资源管理咨询有限公司','北京市丰台区菜户营58号1102室(太平桥企业集中办公区)','太平桥',1173),('北京值得买科技股份有限公司','北京市丰台区洋桥12号院3层至19层','西罗园',1174),('北京炫裴歌服饰有限公司','北京市丰台区宋庄路71号院3号楼14层1702','东铁营',1175),('北京奥图思为信息技术有限公司','北京市丰台区南四环西路188号总部基地六区16号楼11层','园区',1176),('诺伯乐服饰（北京）有限公司','北京市丰台区贾家花园15号院7号楼一层西侧(东铁匠营企业集中办公区)','东铁营',1177),('中车建设工程有限公司','北京市丰台区芳城园一区15号楼五层501、503','方庄',1178),('北京禧龙宾馆管理有限公司万丰路店','北京市丰台区万丰路526号南侧3-5号','卢沟桥乡',1179),('北京市渠道网络技术开发有限公司','北京市丰台区南四环西路188号十二区32号楼5层501室','园区',1180),('中证金牛（北京）投资咨询有限公司','北京市丰台区东管头1号2号楼2-45室','卢沟桥乡',1181),('北京星瀚辰泽商贸有限公司','北京市丰台区南四环西路128号院4号楼12层1511-021','园区',1182),('北京中电飞讯网络科技有限公司','北京市丰台区南四环西路128号院2号楼1515室(园区)','园区',1183),('北京中江建筑工程有限公司','北京市丰台区南苑新华路甲1号5幢011室','南苑',1184),('富盛科技股份有限公司','北京市丰台区南四环西路188号十区6号楼','园区',1185),('怡海达丰物业管理（北京）有限公司','北京市丰台区怡海路4号','新村',1186),('北京诚通新新建设有限公司','北京市丰台区青塔西路3号','卢沟桥',1187),('北京市古桥物业管理中心','北京市丰台区晓月苑垂虹街7号','宛平',1188),('北京星箭宇航技术研究所','北京市丰台区南苑东长街12号','南苑',1189),('北京雷音电子技术开发有限公司','北京市丰台区科学城海鹰路3号','园区',1190),('北京中润发汽车销售有限公司','北京市丰台区丽泽路99号','卢沟桥乡',1191),('北京首航国力商贸有限公司','北京市丰台区东高地南街7号','东高地',1192),('北京一商美洁商业有限公司','北京市丰台区右外东滨河路10号','右安门',1193),('北京市开元长泰建筑工程有限责任公司','北京市丰台区长辛店镇太子峪村长兴路1号','长辛店镇',1194),('北京北方华德尼奥普兰客车股份有限公司','丰台区朱家坟五里五号','长辛店',1195),('北京人天书店有限公司','北京市丰台区晓月中路15号院1号楼','宛平',1196),('北京金利祥商贸有限公司','北京市丰台区贾家花园15号院7号楼一层西侧(东铁匠营企业集中办公区)','东铁营',1197),('北京市菜户营科工贸集团','北京市丰台区菜户营363号','卢沟桥乡',1198),('北京普驰电气有限公司','北京市丰台区三营门(303所西门)','南苑乡',1199),('北京景新电气技术开发有限责任公司','北京市丰台区科学城星火路11号2幢01层B-101','园区',1200),('北京市新时特物业管理有限公司','丰台区草桥欣园三区1号楼','花乡',1201),('北京中消伟业安全技术工程有限公司','北京市丰台区南三环东路23号安泰小区1号楼4层04西段办公02','方庄',1202),('北京多维艾斯特国际工程技术有限公司','北京市丰台区南四环西路188号十六区14号楼202室(园区)','园区',1203),('北京圣文灵智文化有限公司','北京市丰台区芳群园三区11号楼626室','方庄',1204),('北京博瑞欣达企业管理咨询有限公司','北京市丰台区晓月苑四里6-2','宛平',1205),('北京铭怡园物业管理中心','北京市丰台区白盆窑村中（花乡驾校后50米）6号','花乡',1206),('中铁一局集团有限公司北京办事处','北京市丰台区西四环中路112号阅园一区6号楼1902','卢沟桥',1207),('北京华源信工程咨询有限公司','北京市丰台区马家堡路180号1006室','大红门',1208),('戎威远保安服务（北京）有限公司','北京市丰台区顶秀欣园东院3号','大红门',1209),('北京红黄蓝科技发展有限公司','北京市丰台区科学城航丰路8号1号楼268室','园区',1210),('北京创智锐捷科技有限公司','北京市丰台区太平桥路17号五层5075号','太平桥',1211),('北京万仕伟业卫生人力资源管理有限公司','北京市丰台区文体路7号院2-9幢','丰台',1212),('北京洛诗雅服装有限公司','北京市丰台区久敬佳园一区9号楼1层2单元102','和义',1213),('北京中天税通会计服务有限公司','北京市丰台区花乡樊家村甲2号1号楼1层2单元','新村',1214),('北京天成嘉易商贸中心','北京市丰台区蒲黄榆路46号通钢丽苑宾馆1105室','方庄',1215),('北京国泰瑞安消防工程有限公司','北京市丰台区丰台路口东里60号17号平房','卢沟桥',1216),('中信建投证券股份有限公司北京南大红门路证券营业部','北京市丰台区南大红门路15号梅源市场南段','东高地',1217),('知我天成科技（北京）股份有限公司','北京市丰台区顺三条21号1号楼301','东铁营',1218),('北京福瑞兴旺汽车销售有限公司','北京市丰台区丰管路16号1号楼1013室','卢沟桥乡',1219),('汉喜普泰（北京）医院投资管理有限公司','北京市丰台区南四环西路186号四区3号楼5层01、10、11、12单元(园区)','园区',1220),('北京腾宇瞬装饰工程有限公司','北京市丰台区首经贸中街6号2层201号金旺康康乐酒店204室','新村',1221),('北京兴成文缘电力设计有限公司','北京市丰台区新村一里15号53幢4层401号','新村',1222),('北京徽创劳务服务有限公司','北京市丰台区大瓦窑305号232室T-2室','卢沟桥乡',1223),('北京翔达投资管理有限公司翔达晋阳马西路饭庄分公司','北京市丰台区城南嘉园益嘉园5号楼','马家堡',1224),('北京宝泽行汽车销售服务有限公司','丰台区西三环南路59号','卢沟桥乡',1225),('交控科技股份有限公司','北京市丰台区科技园海鹰路6号院北京总部国际2、3号楼(园区)','园区',1226),('北京长峰医院股份有限公司','北京市丰台区大成路6号金隅大成时代2501室','卢沟桥',1227),('叁陆伍（北京）健康科技有限公司','北京市丰台区南四环西路188号二区9号楼4层409室','园区',1228),('北京长丰昌泰商贸有限责任公司','北京市丰台区丽泽雅园6号楼1504','太平桥',1229),('北京斯玳德工程技术有限公司','北京市丰台区郭公庄中街20号院3号楼12层1210','花乡',1230),('北京四环科宝制药有限公司','北京市丰台区科技园区海鹰路11号','园区',1231),('北京瑞祥佳艺建筑装饰工程有限公司','北京市丰台区宋家庄路苇子坑149北厂9幢二层2069','东铁营',1232),('北京圣非凡电子系统技术开发有限公司','北京市丰台区小屯路8号9号楼','卢沟桥',1233),('北京中海物业管理有限公司','北京市丰台区南四环西路128号诺德中心四号楼12层','园区',1234),('北京金奔腾汽车科技有限公司','北京市丰台区南四环西路188号总部基地11区32号楼','园区',1235),('北京华建恒工程建设监理有限公司','北京市丰台区科学城海鹰路9号综合楼9-132号5层501（园区）','园区',1236),('航天科工惯性技术有限公司','北京市丰台区云岗北里1号院航天三院103楼','云岗',1237),('北京金贝德国际教育投资管理有限公司','北京市丰台区和义东里一区一号院','和义',1238),('北京航天万源物业管理有限公司','北京市丰台区万源路桃源里21栋','东高地',1239),('北京市天兴文伟劳务派遣有限公司','北京市丰台区西局南街甲1号综合楼2005','卢沟桥乡',1240),('北京公联洁达公路养护工程有限公司','北京市丰台区科技园区外环西路26号院67号楼东单元','园区',1241),('北京鑫伯龙商贸有限公司','北京市丰台区西局西街298号','卢沟桥乡',1242),('北京辰森世纪科技股份有限公司','北京市丰台区科学城星火路10号A-130(园区)','园区',1243),('北京玉笔商贸有限公司','北京市丰台区草桥欣园三区2号楼一层101号','花乡',1244),('北京博奇电力科技有限公司','北京市丰台区西四环南路101号创新大厦3层3033号','新村',1245),('北京西南物流中心有限公司','丰台区段庄86号','花乡',1246),('北京博医康实验仪器有限公司','北京市丰台区张仪村甲11号','卢沟桥乡',1247),('北京新发地农副产品批发市场中心','北京市丰台区新发地','花乡',1248),('北京京丰物业管理有限责任公司','北京市丰台区文体路13号','丰台',1249),('北京美力马消防设备有限公司','北京市丰台区南四环西路188号5区18号楼(园区)','园区',1250),('中铁建工集团北京机械制造有限公司','北京市丰台区科学城恒富中街2号院1号楼5068室','新村',1251),('北京凯普林光电科技股份有限公司','北京市丰台区丰台科技园航丰路甲4号5层','园区',1252),('北京中认环宇技术开发有限公司','北京市丰台区南四环西路188号9区5号楼6层','园区',1253),('北京昌旭诚商贸有限公司','北京市丰台区新发地168号北京农产品中央批发市场北区93017号','新村',1254),('北京京百超不锈钢加工有限公司','北京市丰台区跃进村甲1号','东铁营',1255),('北京诚信桥劳动保障咨询服务有限责任公司','北京市丰台区丽泽雅园9号楼103室','太平桥',1256),('北京月盛斋清真食品有限公司','北京市丰台区南顶路6号','大红门',1257),('华润雪花啤酒（中国）有限公司北京销售分公司','北京市丰台区丰台北路18号院1号楼15层1503-1511室','新村',1258),('北京京港伟业人力资源服务有限公司','丰台区铁匠营顺一条8号建丰商务楼A座212室','东铁营',1259),('北京保德威服饰有限公司','北京丰台区方庄芳城园一区17号楼B303','方庄',1260),('北京汇京柯曼汽车贸易发展有限公司','北京市丰台区丰管路46号','丰台',1261),('北京山水君盟电子科技发展有限公司','北京市丰台区方庄芳群园三区甲9号楼3门502室','方庄',1262),('北京谊安医疗系统股份有限公司','北京市丰台区科学城航丰路4号三层','园区',1263),('北京公共交通控股（集团）有限公司第二保修分公司','北京市丰台区大红门六合庄2号','大红门',1264),('北京欧尚超市有限公司丰台店','北京市丰台区邻枫路1号','新村',1265),('北京太和八方文化发展有限公司','北京市丰台区成寿寺路75号','东铁营',1266),('北京科彩印业有限公司','北京市丰台区三路居100号','太平桥',1267),('北京金万众科技发展有限公司','北京市丰台区科学城航丰路8号科研楼306室(园区)','园区',1268),('北京石榴物业服务有限公司','北京市丰台区榴乡路88号院18号楼8层801-42','南苑乡',1269),('北京麦庆达斯营销策划有限公司','北京市丰台区方庄南路2号8层2单元805','东铁营',1270),('北京京卫卫生人力资源管理有限公司','丰台区华源一里甲1号A318','太平桥',1271),('北京亿潼隆连锁超市有限公司','北京市丰台区丰台路口甲215号','卢沟桥',1272),('北京石砚砚珠宝有限公司','北京市丰台区菜户营58号1102室(太平桥企业集中办公区)','太平桥',1273),('北京三全食品销售有限公司','北京市丰台区南四环西路186号汉威国际一区东塔1号楼4层407-408','园区',1274),('北京卓宏润酒店管理有限公司','北京市丰台区汽车博物馆东路6号院2号楼1层001-002、2层001-002、5-13层(园区)','园区',1275),('北京世纪君联科贸有限公司','北京市丰台区北京南站高架层东侧8-9风柱商铺','西罗园',1276),('北京天运达人力资源管理顾问有限责任公司','丰台区海鹰路9号金汤大厦二层3号','新村',1277),('北京燃烽医药有限责任公司','北京市丰台区六里桥8号院4号楼三层','卢沟桥',1278),('北京启丰汽车修理有限责任公司','北京市丰台区新发地潘家庙北街200号','花乡',1279),('北京好特热国际酒店管理有限公司','北京市丰台区方庄芳星园二区12号','方庄',1280),('美丽华企业（南京）有限公司北京分公司','北京市丰台区菜户营58号财富西环25A04','太平桥',1281),('北京同仁堂科技发展股份有限公司制药厂','北京南三环中路20号','东铁营',1282),('北京首带宝利工贸有限责任公司','北京市丰台区永外大红门西马场甲14号','大红门',1283),('中国铁路北京局集团有限公司北京南站','北京市丰台区北京南站北进口东侧F2办公楼3023','右安门',1284),('中国铁路北京局集团有限公司丰台西站','北京市丰台区丰西北里362号','新村',1285),('中国铁路北京局集团有限公司北京车务段','北京市丰台区正阳大街8号','丰台',1286),('中国铁路北京局集团有限公司北京西车务段','北京市丰台区卢沟桥乡小郭庄西路52号','宛平',1287),('中国铁路北京局集团有限公司丰台机务段','北京市丰台区长庚胡同18号','丰台',1288),('中国铁路北京局集团有限公司丰台车辆段','北京市丰台区建国街23号','丰台',1289),('中国铁路北京局集团有限公司丰台工务段','北京市丰台区正阳大街54号','丰台',1290),('中国铁路北京局集团有限公司物资供应段','北京市丰台区造甲街5号','新村',1291),('中国铁路北京局集团有限公司北京供电段','北京市丰台区金家村287号','卢沟桥',1292),('新兴际华（北京）应急救援科技有限公司','北京市丰台区大灰厂路88号','长辛店镇',1293),('北京西国贸大物业管理有限公司','北京市丰台区莲花河东侧路1号院2号楼','太平桥',1294),('北京金桥怡潼物业管理有限公司','北京市丰台区方庄芳城园二区6号楼6－103','方庄',1295),('中国工商银行股份有限公司北京丰台支行','北京市丰台区丰台镇文体路19号','丰台',1296),('北京祥龙博瑞汽车服务（集团）有限公司三分公司','丰台区蒲黄榆路48号','方庄',1297),('北京公共交通控股（集团）有限公司燃料供应分公司','丰台区马家堡甲66号','马家堡',1298),('中国工商银行股份有限公司北京方庄支行','北京市丰台区芳城园三区18号楼','方庄',1299),('北京名人视觉文化发展有限公司','北京市丰台区科技园富丰路4号6层06A05(园区)','园区',1300),('北京铁物机车配件厂','北京市丰台区西道口丰西变电所3号院','卢沟桥',1301),('北京金通千运不锈钢加工厂','北京市丰台区右外北甲地村村东(嘉园小区西50米)','马家堡',1302),('北京明辉伟业科贸有限公司','丰台区南苑镇槐房村559号（外贸仓库）','南苑乡',1303),('仁和药房网（北京）医药科技有限公司','北京丰台星火路9号2层','园区',1304),('北京玉英房屋拆迁服务有限责任公司','北京市丰台区靛厂村738号','卢沟桥乡',1305),('北京西贝莜面村餐饮有限责任公司','丰台六里桥10号院商业综合楼','卢沟桥',1306),('北京农村商业银行股份有限公司丰台支行','北京市丰台区西局南街101号','卢沟桥乡',1307),('北京京环绿丰环境管理有限公司','北京市丰台区北天堂村420号','宛平',1308),('北京智盟国际信息咨询有限公司','北京市丰台区马家堡西路36号院5号楼7层808','马家堡',1309),('东方航空技术有限公司南苑分公司','北京市丰台区警备东路6号H2-201(南苑机场航站区内)','南苑',1310),('北京共易科技有限公司','北京市丰台区顺三条21号1号楼205','东铁营',1311),('中移铁通有限公司北京分公司','北京市丰台区富丰路8号','园区',1312),('北京高鑫康泰大药房有限公司','北京市丰台区高立庄南路9号院18号楼','花乡',1313),('平安普惠投资咨询有限公司北京马连道分公司','北京市丰台区广安路9号院3号楼3层318室','太平桥',1314),('中核新能科技集团有限公司','北京市丰台区广安路9号院6号楼6层613','太平桥',1315),('北京方庄鸿顺商贸有限公司','北京市丰台区方庄南路9号院门面房外3号2门','东铁营',1316),('北京骐骥龙翔劳务服务中心','北京市丰台区造甲村113号0101','新村',1317),('北京嘉男服饰有限公司','北京市丰台区莲花池西里26号院9号楼1层1132','卢沟桥',1318),('北京国金金业文化发展有限责任公司','北京市丰台区马家堡西路36号院5号楼5层605','马家堡',1319),('北京万晨舒馨信息咨询有限公司','北京市丰台区长辛店乡赵辛店村333号','长辛店镇',1320),('北京精勉天酬科技有限公司','北京市丰台区纪家庙8号22号楼119房间','花乡',1321),('北京联合荣邦新能源科技有限公司','北京市丰台区广安路9号院5号楼9层901','太平桥',1322),('国圆企业管理（北京）有限公司','北京市丰台区南三环西路91号院1号楼8层1单元919','新村',1323),('北京同力华盛智能水务股份有限公司','北京市丰台区科学城富丰路6号3号楼1层141室','园区',1324),('北京君美科创企业管理有限公司','北京市丰台区万芳园二区3号楼1层101-074号','方庄',1325),('北京宏宇胜达物业管理中心','北京市丰台区西局玉园北区北侧50米','卢沟桥乡',1326),('北京德贤天伦食品有限公司','北京市丰台区长辛店杜家坎南路甲17号','长辛店镇',1327),('北京聚焦时光鲜牛肉火锅有限责任公司','北京市丰台区汽车博物馆东路6号院2号楼I单元1层002','园区',1328),('北京华望电力工程咨询有限公司','北京市丰台区南四环西路188号十一区41号楼5层507室(园区)','园区',1329),('北京金屋商务咨询有限公司','北京市丰台区丰科路6号院3号楼11层1101','园区',1330),('北京慧博亿丰人力资源服务有限公司','北京市丰台区丰台东路58号9层905','新村',1331),('北京看丹口腔医院有限公司','北京市丰台区西四环南路103号院5号楼1层101','新村',1332),('舟山市海丰通用航空服务有限公司北京分公司','北京市丰台区石榴园北里42号楼6层1单元611','大红门',1333),('湖南中车时代通信信号有限公司北京分公司','北京市丰台区南四环西路188号六区1号楼2层202','园区',1334),('北京航天华盛科贸发展有限公司丰台物业管理分公司','北京市丰台区海鹰路1号院1号楼305','园区',1335),('美城鸿业（北京）文化发展有限公司','北京市丰台区丰葆路23号一层101内01号','新村',1336),('中山市朗斯卫浴有限公司北京分公司','北京市丰台区大成路6号院1号楼21层2108','卢沟桥',1337),('北京聚师网教育科技有限公司','北京市丰台区南四环西路186号四区8号楼9层20室','园区',1338),('长兴绿泰生物科技有限公司北京分公司','北京市丰台区南四环西路186号三区4号楼5层06室','园区',1339),('北京大旺食品有限公司丰台分公司','北京市丰台区丰台镇富丰路2号星火科技大厦10层1005室','园区',1340),('北京伏尔特技术有限公司','北京市丰台区长辛店张郭庄9号','长辛店',1341),('北京众和人力企业管理顾问有限公司','北京市丰台区晓月苑五里六号楼四层435','宛平',1342),('北京华居天下网络技术有限公司','北京市丰台区郭公庄中街20号院A座','花乡',1343),('尤根牙科医疗科技（北京）有限公司','北京市丰台区小屯西路美域家园南区甲5号','卢沟桥',1344),('北京金隅混凝土有限公司','北京市丰台区卢沟桥城北路8号（金隅党校院内）','宛平',1345),('北京城建建设工程有限公司','丰台区卢沟桥路西五里店21号院','卢沟桥',1346),('北京新致君阳信息技术有限公司','北京市丰台区丰台北路18号院恒泰中心A座807','卢沟桥乡',1347),('北京中指讯博数据信息技术有限公司','北京市丰台区郭公庄中街20号院A座','花乡',1348),('北京中电飞华通信股份有限公司','北京市丰台区航丰路1号时代财富天地28层','园区',1349),('北京国电通网络技术有限公司','北京市丰台区航丰路1号时代财富天地28层','园区',1350),('北京城建九建设工程有限公司','北京市丰台区靛厂村水衙沟路121号','卢沟桥乡',1351),('北京中天银工程造价咨询事务所有限责任公司','北京市丰台区莲花池西里18号楼7层707B','卢沟桥',1352),('北京博望华科科技有限公司','北京市丰台区南四环西路188号总部基地17区3号楼（四季青街道）','园区',1353),('北京恒安卫士保安服务有限公司','北京市丰台区小屯西路111号院假日风景G1号楼116室','卢沟桥',1354),('北京搜房网络技术有限公司','北京市丰台区郭公庄中街20号院A座','花乡',1355),('北京搜房科技发展有限公司','北京市丰台区郭公庄中街20号院A座','花乡',1356),('北京同仁堂麦尔海生物技术有限公司','丰台区南三环中路20号','东铁营',1357),('北京歌华有线工程管理有限责任公司','丰台区南四环西路188号17区1号楼','园区',1358),('中国中铁股份有限公司东方国际建设分公司','北京市丰台区丰台北路36号','丰台',1359),('北京兴宇班尼路服装服饰有限公司','北京市丰台区宋庄路73号甲2号楼2A及C211','东铁营',1360),('北京华新电工设备有限公司','北京市丰台区海鹰路6号院28号楼','园区',1361),('北京顺天府商贸有限公司','丰台区东大街31号顺天府14分店3层人事部','丰台',1362),('北京市正一味快餐管理有限公司','北京市丰台区恒泰中心写字楼A座18层','卢沟桥乡',1363),('中建二局装饰工程有限公司','北京市丰台区总部国际海鹰路6号院31号楼8层','园区',1364),('北京银建新能源出租车有限公司','北京市丰台区西洪泰庄98号','新村',1365),('北京伯尔明建筑工程设计有限公司','北京市丰台区六里桥1号奈伦大厦15层','卢沟桥',1366),('北京地铁科技发展有限公司','北京市丰台区郭公庄南街17号','花乡',1367),('北京璞畅健康管理有限公司','北京市丰台区造甲街南里11号楼一层1138号','新村',1368),('北京首航优购商贸连锁有限公司','北京市丰台区东高地南街七号首航四层','东高地',1369),('北京新悦广发电力工程有限公司','北京市丰台区南苑西路237号（加油站往西100米，爱玛电动车对面）','南苑',1370),('中标集团总包建设有限公司','北京市丰台区西南三环万柳桥甲3号中标集团','新村',1371),('江苏省建工集团有限公司北京分公司','丰台区东大街29号嘉诚广场D座','丰台',1372),('北京国金管理咨询有限公司','北京市丰台区万丰路316号万开中心B座6层','卢沟桥乡',1373),('北京首创森美汽车贸易有限公司','北京市丰台区南四环中路142号','南苑乡',1374),('北京念奴娇服装服饰有限公司','北京市丰台区南三环东路23号天创盛方中心A-302','东铁营',1375),('北京今朝装饰设计有限公司','北京市丰台区东铁营顺一条8号南二楼','东铁营',1376),('锐飞健身器材（北京）有限公司','北京市北京经济技术开发区荣华中路5号院2号楼8层807','外区',1377),('北京凯恩帝自动化科技有限公司','北京市北京经济技术开发区科创十一街8号院1号楼1至4层101','外区',1378),('北京浪漫新时代服饰营销中心','北京市丰台区玉泉营111＃号中科万邦大厦A座420','新村',1379),('北京市丰台区房屋经营管理中心南苑分中心','丰台区南苑西宏苑小区15号楼','南苑',1380),('北京市丰台区房屋经营管理中心右安门外分中心','北京市丰台区右外大街6号右外大厦五层','右安门',1381),('北京教育科学研究院丰台第二实验小学','北京市丰台区石榴庄村','大红门',1382),('北京市丰台区丰台第六幼儿园','丰台区正阳小区7号楼','丰台',1383),('北京市丰台区师范学校附属小学','丰台区文体路30号','丰台',1384),('北京市丰台区阳春小学','北京市丰台区羊坊村111号','重复',1385),('北京市丰台第八中学附属小学（公疗）','北京市丰台区富锦嘉园小区内','新村',1386),('北京市丰台区建筑行业管理处（公疗）','北京市丰台区靛厂路12号','卢沟桥乡',1387),('首都医科大学附属小学','北京市丰台区右安门外东二条51号','右安门',1388),('北京市丰台区阳春小学（公疗）','北京市丰台区羊坊村111号','花乡',1389),('北京市规划委员会丰台分局（公疗）','丰台区七里庄路十八号','卢沟桥',1390),('北京市丰台区人民政府西罗园街道办事处（公疗）','丰台区洋桥北里小区9号楼','西罗园',1391),('北京市丰台区城乡居民最低生活保障事务中心（公疗）','北京市丰台区西站南路168号703室','太平桥',1392),('北京市丰台区长辛店第七小学（公疗）','北京市丰台区长辛店陈庄大街4号','长辛店',1393),('北京市丰台区职工大学（公疗）','北京市丰台区望园东里23号','卢沟桥',1394),('北京市丰台区环境卫生服务中心太平桥环卫所(公疗)','丰台区五里店284号','卢沟桥',1395),('北京市丰台区旅游服务中心（公疗）','北京市丰台区东安街3号','丰台',1396),('北京市丰台区精神病防治院（公疗）','北京市丰台区南苑公所胡同5号','南苑',1397),('北京市丰台区宛平城地区办事处社会保障事务所（公疗）','丰台区卢沟桥垂虹街7号','宛平',1398),('北京市丰台区土地储备所（公疗）','北京市丰台区周庄子212号','卢沟桥',1399),('北京市丰台区南苑街道办事处社会保障事务所（公疗）','丰台区南苑北马路18号','南苑',1400),('北京市丰台区体育科研所（公疗）','北京市丰台区西四环南路55号','卢沟桥',1401),('北京市丰台区人民政府东铁匠营街道办事处民政科（公疗）','丰台区定安东里甲11号','东铁营',1402),('北京市丰台区人民政府马家堡街道办事处民政科（公疗）','北京市丰台区嘉园三里17号楼','马家堡',1403),('北京市丰台区政务服务管理办公室（公疗）','北京市丰台区东管头1号院3号楼','卢沟桥',1404),('北京市食品药品监督管理局政务服务中心(公疗)','北京市丰台区西三环南路1号市政务服务中心','卢沟桥',1405),('北京易顺通汽车租赁有限公司','北京市丰台区南苑路106号5幢6号','和义',1406),('极蛇（北京）科技有限公司','北京市丰台区造甲街110号48幢2096室','新村',1407),('国科华创高技术产业服务中心（北京）有限公司','北京市丰台区广安路9号院1号楼14层1419','太平桥',1408),('浙富控股集团股份有限公司北京销售分公司','北京市丰台区广安路9号院2号楼16层1606','太平桥',1409),('北京华银科技集团有限公司','北京市丰台区杜家坎南路10号A座1-4层','长辛店镇',1410),('北京市丰台区四合庄小学','丰台区四合庄284号','花乡',1411),('北京市丰台区黄土岗中学（公疗）','北京市丰台区南四环西路16号','花乡',1412),('北京旌健广源生物科技有限公司','北京市丰台区花乡大葆台158号北京世界公园国际街H2-6','花乡',1413),('北京探索空间科技有限公司','','卢沟桥',1414),('北京市丰台区丰台第二幼儿园葆台园','北京市丰台区葆台中街欣葆家园','花乡',1415),('北京市丰台区环境卫生服务中心长辛店环卫所（公疗）','北京市丰台区长辛店合成公口8号','长辛店',1416),('北京市丰台区人民政府长辛店街道办事处民政科（公疗）','北京市丰台区长辛店公路街甲12号','长辛店',1417),('成都中科大旗软件有限公司北京分公司','北京市丰台区西三环南路201号院1号楼8层809','新村',1418),('北京市丰台区花乡农业服务中心','北京市丰台区育菲园东里13号','新村',1419),('北京七彩蓝天科技有限公司','北京市丰台区马家堡东路106号2号楼6层620','大红门',1420),('北京市丰台区东高地第一小学（公疗）','丰台区东高地斜街一号','东高地',1421),('北京市丰台区金融服务办公室（公疗）','北京市丰台区西站南路168号','太平桥',1422),('北京市丰台区劳动保障监察队（公疗）','北京西站南路168号','太平桥',1423),('北京隆兴达汽车配件有限公司','北京市丰台区丰管路16号1号楼2008','丰台',1424),('北京顺天府商贸有限公司第十四分店','北京市丰台区游泳场北路9号院','丰台',1425),('北京方庄购物中心股份有限公司','北京市丰台区蒲芳路24号','方庄',1426),('北京优力优国际展览有限公司','北京市丰台区顺三条21号嘉业大厦二期1号楼1103室','东铁营',1427),('北京小圆文化传播有限公司','北京市丰台区方庄南路2号24层2单元2716','东铁营',1428),('平安普惠信息服务有限公司北京丰台北路分公司','北京市丰台区丰台北路18号院1号楼4层408','卢沟桥乡',1429),('北京中宏润禾农业科技开发有限公司','北京市大兴区庞各庄镇东南次村村委会东100米','卢沟桥乡',1430),('北京博雅祥瑞建材服务中心','北京市丰台区西局西街300号北楼665','卢沟桥乡',1431),('北京丹信贸易有限公司','北京市丰台区西三环南路6号北京银都酒店805房间','卢沟桥乡',1432),('北京成寿寺金源商贸服务有限公司','北京市丰台区左安门外于家坟158号楼','南苑乡',1433),('北京新宫清洁有限公司','北京市丰台区南苑新宫村南苑西路68号','南苑乡',1434),('北京思亲园园艺有限公司','北京市丰台区郭公庄526号','花乡',1435),('北京市丰台区北宫国家森林公园管理处（公疗）','北京市丰台区长辛店镇大灰厂村北北宫','长辛店镇',1436),('北京诚通物流有限公司','北京市丰台区宋家庄路苇子坑149号北厂11幢1125','东铁营',1437),('北京鼎盛佳兴商贸有限公司','北京市丰台区蒲黄榆二里14号楼14-3幢1022室','东铁营',1438),('北京瑞杰辉企业管理有限公司','北京市丰台区马家堡路55号北京海捷写字楼327室','马家堡',1439),('北京市丰台区东铁营工人文化宫','丰台区永外东铁营横七条12号','东铁营',1440),('北京市怀乡出租汽车公司','北京市丰台区分钟寺清风园28号','东铁营',1441),('北京市蓝光出租汽车公司','北京市丰台区宋家庄政馨家园一区1楼一层6号','东铁营',1442),('北京市南厢物资经营公司','北京市丰台区东铁营顺六条9号','东铁营',1443),('北京市农业机械试验鉴定推广站（公疗）','北京市丰台区南方庄甲60号','东铁营',1444),('北京拓天陛图体育文化传媒有限公司','北京市丰台区南三环中路小铁营10号10幢四层04房间','东铁营',1445),('北京一鸣永盛商贸有限公司','北京市丰台区成寿寺路1号楼11层1119','东铁营',1446),('国网冀北招标有限公司','北京市丰台区安乐林路15号','东铁营',1447),('劳动午报社','北京市丰台区东铁营横七条12号','东铁营',1448),('北京从兴信息技术有限公司','北京市丰台区南四环西路188号二区9号楼9层A0903(园区)','园区',1449),('北京中认环宇信息安全技术有限公司','北京市丰台区南四环西路188号9区8号楼4层','园区',1450),('北京银地物业管理有限公司','北京市丰台区花乡银地家园8号楼1号','新村',1451),('北京万隆汇洋家居建材市场有限公司','北京市丰台区丰台路口甲215号','卢沟桥',1452),('北京市丰台区长辛店镇社区卫生服务中心','北京市丰台区射击场路23号','长辛店镇',1453),('北京方元恒安康复医学技术有限公司','北京市丰台区正阳大街67号1号楼二层205、206、207、208室','新村',1454),('北京嘉和顶新科贸有限公司丰台分公司','北京市丰台区造甲街南里5号院6号楼','新村',1455),('北京实茂花园酒店有限公司','北京市丰台区外环西路26号院1号楼地上6层、地下1层','新村',1456),('北京乡味餐饮管理有限责任公司','北京市丰台区樊阳路15号院','新村',1457),('北京市丰台区新村社区卫生服务中心（公疗）','北京市丰台区首经贸北路8号4号楼','新村',1458),('中关村科技园区丰台园科技创业服务中心（公疗）','丰台区丰台科兴路9号','新村',1459),('北京善佳口腔门诊部','北京丰台区马家堡嘉园三里明日商厦9号楼物业转底商127号北京善佳口腔门诊部','马家堡',1460),('北京时珍堂中西医结合医院','北京市丰台区花乡丰葆路花乡公园内','花乡',1461),('北京中进道达汽车有限公司','北京市丰台区南四环西路123号北京市旧机动车交易市场G区106号','花乡',1462),('北京三月雨文化传播有限责任公司','北京市丰台区园博大道园博园2号门欧洲馆1号楼','长辛店镇',1463),('北京中科汇仪环保科技有限公司','北京市丰台区角门18号枫竹苑二区1号楼14层1412','马家堡',1464),('北京东方朝盛空调制冷工程有限公司','北京市丰台区长兴路12号中体奥园3区8号楼105室','长辛店镇',1465),('北京市人民检察院第二分院（公疗）','丰台区紫芳路18号','方庄',1466),('北京龙河之源园林绿化有限责任公司','北京市丰台区南苑乡槐房村槐房北路德鑫嘉园办公楼1层2门','南苑乡',1467),('北京世纪天禄物业管理有限公司','北京市丰台区大井村大井桥南202号西侧一层','卢沟桥乡',1468),('北京市丰台区卢沟桥乡文化服务中心','北京市丰台区西四环南路31号','卢沟桥乡',1469),('北京玉泉兴业投资管理公司','北京市丰台区吴家村路9号玉泉兴业投资管理公司劳资办公室','卢沟桥乡',1470),('北京盛世达物业管理有限公司','北京市丰台区丰管路甲3号210号','卢沟桥乡',1471),('北京华顺电气安装工程有限责任公司','北京市丰台区西局西街282号','卢沟桥乡',1472),('北京玉泉物业管理中心','北京市丰台区吴家村路（兆丰园三区）','卢沟桥乡',1473),('北京金时名奕餐饮服务有限公司','北京市丰台区卢沟桥乡小井村1936号','卢沟桥乡',1474),('北京正成市政工程有限责任公司','丰台区西三环南路57号4层405室','卢沟桥乡',1475),('北京梦想着陆广告有限公司','北京市丰台区东管头1号','卢沟桥乡',1476),('国际商报（北京）文化传媒有限公司','丰台区方庄芳星园三区14号楼','方庄',1477),('北京印刷集团有限责任公司印刷一厂','北京市丰台区马家堡路69号','马家堡',1478),('北京华兴安捷机电工程有限公司','北京市丰台区纪家庙8号21号楼626号','花乡',1479),('北京戴纳实验科技有限公司','北京市丰台区南四环西路188号院十区28号楼4层','园区',1480),('北京健之路电子商务有限公司','北京是丰台区南方庄1号院2号楼1608室','东铁营',1481),('北京和福食品有限公司','北京市丰台区方庄南路2号2门2010','东铁营',1482),('北京宏达广源劳动服务有限公司','丰台区南三环东路嘉业大厦B座2406室','东铁营',1483),('北京华祺科技有限公司','北京市丰台区成寿寺路1号楼16层1609','东铁营',1484),('北京市第十八中学左安门分校（公疗）','丰台区四方景园5区9号楼','东铁营',1485),('北京市丰台区蒲黄榆社区卫生服务中心','北京市丰台区蒲安西里16号','东铁营',1486),('北京新菱恒信机电设备有限公司','北京市丰台区南三环东路6号嘉业大厦B座504','东铁营',1487),('北京医药集团职工大学（公疗）','北京市丰台区苇子坑148号','东铁营',1488),('北京中润达工程咨询有限公司','丰台区宋家庄交通枢纽四层三区','东铁营',1489),('北京中御祥餐饮管理有限公司','北京市丰台区刘家窑小区蒲安里程4号109','东铁营',1490),('北京存房房地产经纪有限公司','北京市丰台区郭公庄中街20号院A座','花乡',1491),('北京丽满万家网络技术有限公司','北京市丰台区郭公庄中街20号院A座','花乡',1492),('北京资和信百货商场有限公司','北京市丰台区西四环南路1号','新村',1493),('北京市丰台区花乡人民政府（社员干部）','北京市丰台区黄土岗甲1号','花乡',1494),('北京华融经纬装饰工程有限公司','北京市丰台区槐房西路新宫8号（中福丽宫品牌基地4号楼101号）','南苑乡',1495),('杭州护童科技有限公司北京分公司','北京市丰台区新宫体育健身休闲园8号中福5号楼309室','南苑乡',1496),('北京一致性医药科技有限公司','北京市丰台区科学城海鹰路9号综合楼9-17幢7层2号','园区',1497),('北京三和晨光物业管理有限公司第二分公司','北京市丰台区科技园富丰路4号5层05B03','园区',1498),('通号智慧城市研究设计院有限公司','北京市丰台区汽车博物馆南路1号院中国通号大厦D座6层606室（园区）','园区',1499),('北京济全生物科技有限公司','北京市丰台区海鹰路8号院3层306室（园区）','园区',1500),('北京市丰台区地震局（公疗）','丰台区桥南科兴路1号','园区',1501),('中广核风电有限公司','北京市丰台区南四环西路188号12区2号楼','园区',1502),('北京龙图通信息技术有限公司','北京市丰台区南四环西路128号1号楼5层539室','园区',1503),('北京日树宏源日用品有限公司','北京市丰台区右安路213号京诚天地市场A124号','花乡',1504),('北京正宏监理咨询有限公司','北京丰台区科学城航丰路9号1001室','园区',1505),('中融国远招标代理（北京）有限公司','北京市丰台区南四环西路188号七区四号楼7层','园区',1506),('家家乐购（北京）科技有限公司','北京市丰台区南四环西路188号二区8号楼家家乐购二层','园区',1507),('北京导航者智能科技有限公司','北京市丰台区南四环西路188号2区9号楼7层(园区)','园区',1508),('北京欣卓越技术开发有限责任公司','北京市丰台区总部基地6区8号楼','园区',1509),('北京思源时代科技有限公司','北京市丰台区南四环路188号12区5号楼2层','园区',1510),('中世运（北京）国际物流有限公司','丰台区汽车博物馆东路1号院诺德中心二期5号楼12层','园区',1511),('北京联合执信医疗科技有限公司','北京市丰台区南四环西路188号六区16号楼10层（园区）','园区',1512),('北京北方科诚信息技术股份有限公司','丰台区丰台科技园汉威国际3区2号楼5M12单元','园区',1513),('北京聚光世达科技有限公司','北京市丰台区南四环西路188号十二区25、26号楼(园区)','园区',1514),('北京欣欣相照健康科技有限公司','北京市丰台区南三环西路16号搜宝商务中心3号楼 901','马家堡',1515),('北京市丰台区嘉园第一幼儿园（公疗）','北京市丰台区嘉园二里25号','马家堡',1516),('北京稻香村嘉园鸿诚食品有限责任公司','北京市丰台区马家堡西路11号一层','马家堡',1517),('北京五洲恒通认证有限公司','北京市丰台区角门18号名流未来大厦303室','马家堡',1518),('北京天辰达泰食品有限责任公司','北京市丰台区角门18号名流未来大厦721A室','马家堡',1519),('','','',1520);
/*!40000 ALTER TABLE `vp_company` ENABLE KEYS */;
UNLOCK TABLES;

--
-- Table structure for table `vp_department`
--

DROP TABLE IF EXISTS `vp_department`;
/*!40101 SET @saved_cs_client     = @@character_set_client */;
/*!40101 SET character_set_client = utf8 */;
CREATE TABLE `vp_department` (
  `department_id` int(32) NOT NULL AUTO_INCREMENT,
  `dep_name` varchar(32) DEFAULT NULL,
  PRIMARY KEY (`department_id`)
) ENGINE=InnoDB AUTO_INCREMENT=12 DEFAULT CHARSET=utf8;
/*!40101 SET character_set_client = @saved_cs_client */;

--
-- Dumping data for table `vp_department`
--

LOCK TABLES `vp_department` WRITE;
/*!40000 ALTER TABLE `vp_department` DISABLE KEYS */;
INSERT INTO `vp_department` VALUES (1,'档案二科'),(2,'档案一科'),(3,'办公室'),(4,'人才服务科'),(5,'就业服务科'),(6,'综合管理服务科'),(7,'党建办'),(8,'阅档室'),(9,'财务'),(10,'市场监测科'),(11,'档案一科\n');
/*!40000 ALTER TABLE `vp_department` ENABLE KEYS */;
UNLOCK TABLES;

--
-- Table structure for table `vp_group`
--

DROP TABLE IF EXISTS `vp_group`;
/*!40101 SET @saved_cs_client     = @@character_set_client */;
/*!40101 SET character_set_client = utf8 */;
CREATE TABLE `vp_group` (
  `group_id` int(32) NOT NULL AUTO_INCREMENT,
  `group_name` varchar(32) DEFAULT NULL,
  PRIMARY KEY (`group_id`)
) ENGINE=InnoDB AUTO_INCREMENT=4 DEFAULT CHARSET=utf8;
/*!40101 SET character_set_client = @saved_cs_client */;

--
-- Dumping data for table `vp_group`
--

LOCK TABLES `vp_group` WRITE;
/*!40000 ALTER TABLE `vp_group` DISABLE KEYS */;
INSERT INTO `vp_group` VALUES (1,'超级管理员'),(2,'管理员'),(3,'用户');
/*!40000 ALTER TABLE `vp_group` ENABLE KEYS */;
UNLOCK TABLES;

--
-- Table structure for table `vp_group_category`
--

DROP TABLE IF EXISTS `vp_group_category`;
/*!40101 SET @saved_cs_client     = @@character_set_client */;
/*!40101 SET character_set_client = utf8 */;
CREATE TABLE `vp_group_category` (
  `group_category_id` int(32) NOT NULL AUTO_INCREMENT,
  `group_id` int(32) DEFAULT NULL,
  `category_id` int(32) DEFAULT NULL,
  PRIMARY KEY (`group_category_id`)
) ENGINE=InnoDB AUTO_INCREMENT=86 DEFAULT CHARSET=utf8;
/*!40101 SET character_set_client = @saved_cs_client */;

--
-- Dumping data for table `vp_group_category`
--

LOCK TABLES `vp_group_category` WRITE;
/*!40000 ALTER TABLE `vp_group_category` DISABLE KEYS */;
INSERT INTO `vp_group_category` VALUES (69,1,18),(70,1,20),(71,1,22),(72,1,23),(73,1,24),(74,1,25),(75,1,27),(76,1,3),(77,1,4),(78,1,6),(79,1,7),(80,1,15),(81,1,16),(82,1,17),(83,1,10),(84,1,12),(85,1,13);
/*!40000 ALTER TABLE `vp_group_category` ENABLE KEYS */;
UNLOCK TABLES;

--
-- Table structure for table `vp_group_pri`
--

DROP TABLE IF EXISTS `vp_group_pri`;
/*!40101 SET @saved_cs_client     = @@character_set_client */;
/*!40101 SET character_set_client = utf8 */;
CREATE TABLE `vp_group_pri` (
  `group_pri_id` int(32) NOT NULL AUTO_INCREMENT,
  `group_id` int(32) DEFAULT NULL,
  `pri_id` int(32) DEFAULT NULL,
  PRIMARY KEY (`group_pri_id`)
) ENGINE=InnoDB DEFAULT CHARSET=utf8;
/*!40101 SET character_set_client = @saved_cs_client */;

--
-- Dumping data for table `vp_group_pri`
--

LOCK TABLES `vp_group_pri` WRITE;
/*!40000 ALTER TABLE `vp_group_pri` DISABLE KEYS */;
/*!40000 ALTER TABLE `vp_group_pri` ENABLE KEYS */;
UNLOCK TABLES;

--
-- Table structure for table `vp_item`
--

DROP TABLE IF EXISTS `vp_item`;
/*!40101 SET @saved_cs_client     = @@character_set_client */;
/*!40101 SET character_set_client = utf8 */;
CREATE TABLE `vp_item` (
  `item_id` int(32) NOT NULL AUTO_INCREMENT,
  `item_no` varchar(32) DEFAULT NULL,
  `account_time` varchar(32) DEFAULT NULL,
  `account_no` varchar(32) DEFAULT NULL,
  `method` varchar(32) DEFAULT NULL,
  `get_time` varchar(32) DEFAULT NULL,
  `forward` varchar(32) DEFAULT NULL,
  `mark_time` varchar(32) DEFAULT NULL,
  `status` varchar(32) DEFAULT NULL,
  `user_id` int(32) DEFAULT NULL,
  `purpose` varchar(32) DEFAULT NULL,
  `comments` varchar(32) DEFAULT NULL,
  `create_time` varchar(32) DEFAULT NULL,
  `model_id` int(32) DEFAULT NULL,
  PRIMARY KEY (`item_id`)
) ENGINE=InnoDB AUTO_INCREMENT=21 DEFAULT CHARSET=utf8;
/*!40101 SET character_set_client = @saved_cs_client */;

--
-- Dumping data for table `vp_item`
--

LOCK TABLES `vp_item` WRITE;
/*!40000 ALTER TABLE `vp_item` DISABLE KEYS */;
INSERT INTO `vp_item` VALUES (1,'TY2016000002','2016-11-14','JZ-11-0011','购置','2016-11-14','自用','2016-11-01','在用',68,'日常办公','丰体','1558921560',1),(2,'TY2016000003','2016-11-14','JZ-11-0011','购置','2016-11-14','自用','2016-11-01','在用',68,'日常办公','丰体','1558921560',2),(3,'TY2016000004','2016-11-14','JZ-11-0011','购置','2016-11-14','自用','2016-11-01','在用',68,'日常办公','丰体','1558921560',3),(4,'TY2016000005','2016-11-14','JZ-11-0011','购置','2016-11-14','自用','2016-11-01','在用',68,'日常办公','丰体','1558921560',4),(5,'TY2013000001','2014-05-21','第0085号','购置','2014-05-21','自用','2013-11-07','在用',68,'日常办公','丰体 305。','1558921560',5),(6,'TY2013000002','2014-05-21','第0085号','购置','2014-05-21','自用','2013-11-07','在用',68,'日常办公','丰体 305。','1558921560',6),(7,'TY2013000003','2014-05-21','第0085号','购置','2014-05-21','自用','2013-11-07','在用',68,'日常办公','丰体 305。','1558921560',6),(8,'TY2013000004','2014-05-21','第0085号','购置','2014-05-21','自用','2013-11-07','在用',68,'日常办公','丰体 305。','1558921560',7),(9,'TY2013000005','2014-05-21','第0085号','购置','2014-05-21','自用','2013-11-07','在用',68,'日常办公','丰体 305。','1558921560',7),(10,'TY2013000006','2014-05-21','第0085号','购置','2014-05-21','自用','2013-11-07','在用',1,'日常办公','丰体 305。','1558921560',8),(11,'TY2013000007','2014-05-21','第0085号','购置','2014-05-21','自用','2013-11-07','在用',68,'日常办公','丰体 305。','1558921560',9),(12,'TY2013000008','2014-05-21','第0084号','购置','2014-05-21','自用','2013-11-12','在用',68,'日常办公','丰体 305。','1558921560',10),(13,'TY2013000009','2014-05-21','第0084号','购置','2014-05-21','自用','2013-11-12','在用',68,'日常办公','丰体 305。','1558921560',11),(14,'TY2013000010','2014-05-21','第0084号','购置','2014-05-21','自用','2013-12-03','在用',68,'日常办公','南院。','1558921560',12),(15,'TY2013000013','2014-05-21','第0082号','购置','2014-05-21','自用','2013-11-07','在用',68,'日常办公','丰体 305。','1558921560',13),(16,'TY2013000014','2014-05-21','第0082号','购置','2014-05-21','自用','2013-11-07','在用',68,'日常办公','丰体 305。','1558921560',13),(17,'TY2013000015','2014-05-21','第0082号','购置','2014-05-21','自用','2013-11-07','在用',68,'日常办公','丰体 305。','1558921560',13),(18,'TY2013000016','2014-05-21','第0082号','购置','2014-05-21','自用','2013-11-07','在用',68,'日常办公','丰体 305。','1558921560',13),(19,'TY2013000017','2014-05-21','第0082号','购置','2014-05-21','自用','2013-11-07','在用',68,'日常办公','丰体 305。','1558921560',13),(20,'TY2013000018','2014-05-21','第0082号','购置','2014-05-21','自用','2013-11-07','在用',68,'日常办公','丰体 305。','1558921560',13);
/*!40000 ALTER TABLE `vp_item` ENABLE KEYS */;
UNLOCK TABLES;

--
-- Table structure for table `vp_level`
--

DROP TABLE IF EXISTS `vp_level`;
/*!40101 SET @saved_cs_client     = @@character_set_client */;
/*!40101 SET character_set_client = utf8 */;
CREATE TABLE `vp_level` (
  `level_id` int(32) NOT NULL AUTO_INCREMENT,
  `level_name` varchar(32) DEFAULT NULL,
  `level` int(32) DEFAULT '0',
  PRIMARY KEY (`level_id`)
) ENGINE=InnoDB AUTO_INCREMENT=6 DEFAULT CHARSET=utf8;
/*!40101 SET character_set_client = @saved_cs_client */;

--
-- Dumping data for table `vp_level`
--

LOCK TABLES `vp_level` WRITE;
/*!40000 ALTER TABLE `vp_level` DISABLE KEYS */;
INSERT INTO `vp_level` VALUES (1,'科员',1),(2,'副科长',2),(3,'科长',3),(4,'副主任',4),(5,'主任',5);
/*!40000 ALTER TABLE `vp_level` ENABLE KEYS */;
UNLOCK TABLES;

--
-- Table structure for table `vp_message`
--

DROP TABLE IF EXISTS `vp_message`;
/*!40101 SET @saved_cs_client     = @@character_set_client */;
/*!40101 SET character_set_client = utf8 */;
CREATE TABLE `vp_message` (
  `message_id` int(32) NOT NULL AUTO_INCREMENT,
  `type` int(32) DEFAULT NULL,
  `create_time` varchar(32) DEFAULT NULL,
  `content` varchar(255) DEFAULT NULL,
  `title` varchar(32) DEFAULT NULL,
  `url` varchar(255) DEFAULT NULL,
  PRIMARY KEY (`message_id`)
) ENGINE=InnoDB AUTO_INCREMENT=14 DEFAULT CHARSET=utf8;
/*!40101 SET character_set_client = @saved_cs_client */;

--
-- Dumping data for table `vp_message`
--

LOCK TABLES `vp_message` WRITE;
/*!40000 ALTER TABLE `vp_message` DISABLE KEYS */;
INSERT INTO `vp_message` VALUES (1,1,'1559788248','申请人:马腾飞 申请资产:主机日志审计系统','固定资产流转','/index/assets/verify'),(2,1,'1559788252','申请人:马腾飞 申请资产:安全堡垒主机','固定资产流转','/index/assets/verify'),(3,1,'1559788254','申请人:马腾飞 申请资产:浪潮海量存储系统软件','固定资产流转','/index/assets/verify'),(4,1,'1560388458','申请人:马腾飞 申请资产:入侵检测防御','固定资产流转','/index/assets/verify'),(5,1,'1560391339','申请人:马腾飞 申请资产:浪潮服务器存储设备','固定资产流转','/index/assets/verify'),(6,1,'1560391355','申请人:马腾飞 申请资产:浪潮海量存储系统软件','固定资产流转','/index/assets/verify'),(7,1,'1560391510','申请人:马腾飞 申请资产:浪潮海量存储系统软件','固定资产流转','/index/assets/verify'),(8,1,'1560391518','申请人:马腾飞 申请资产:浪潮海量存储系统软件','固定资产流转','/index/assets/verify'),(9,1,'1560391533','申请人:马腾飞 申请资产:浪潮海量存储系统软件','固定资产流转','/index/assets/verify'),(10,1,'1560391545','申请人:马腾飞 申请资产:浪潮海量存储系统软件','固定资产流转','/index/assets/verify'),(11,1,'1560391564','申请人:马腾飞 申请资产:浪潮海量存储系统软件','固定资产流转','/index/assets/verify'),(12,1,'1560391575','申请人:马腾飞 申请资产:浪潮海量存储系统软件','固定资产流转','/index/assets/verify'),(13,1,'1560391641','申请人:马腾飞 申请资产:浪潮海量存储系统软件','固定资产流转','/index/assets/verify');
/*!40000 ALTER TABLE `vp_message` ENABLE KEYS */;
UNLOCK TABLES;

--
-- Table structure for table `vp_model`
--

DROP TABLE IF EXISTS `vp_model`;
/*!40101 SET @saved_cs_client     = @@character_set_client */;
/*!40101 SET character_set_client = utf8 */;
CREATE TABLE `vp_model` (
  `model_id` int(32) NOT NULL AUTO_INCREMENT,
  `model_name` varchar(32) DEFAULT NULL,
  `price` varchar(32) DEFAULT NULL,
  `category` varchar(32) DEFAULT NULL,
  `model_no` varchar(32) DEFAULT NULL,
  `num` int(32) DEFAULT '0',
  `account_id` varchar(32) DEFAULT NULL,
  PRIMARY KEY (`model_id`)
) ENGINE=InnoDB AUTO_INCREMENT=14 DEFAULT CHARSET=utf8;
/*!40101 SET character_set_client = @saved_cs_client */;

--
-- Dumping data for table `vp_model`
--

LOCK TABLES `vp_model` WRITE;
/*!40000 ALTER TABLE `vp_model` DISABLE KEYS */;
INSERT INTO `vp_model` VALUES (1,'密码机','80000.00','通用设备','SJY62',1,'JZ-11-0011'),(2,'主机日志审计系统','180000.00','通用设备','网络卫士日志收集与分析系统',1,'JZ-11-0011'),(3,'安全堡垒主机','240000.00','通用设备','智恒网安运维安全审计系统V2.0',1,'JZ-11-0011'),(4,'入侵检测防御','180000.00','通用设备','深信服AF-1520-I',1,'JZ-11-0011'),(5,'浪潮服务器存储设备','5000.00','通用设备','BCP软件安装服务',1,'第0085号'),(6,'浪潮海量存储系统软件','5500.00','通用设备','V1.2-AS500E/AS500 G多路径管理',1,'第0085号'),(7,'浪潮海量存储系统软件','5500.00','通用设备','V1.2-AS500E/AS500主机管理软件',1,'第0085号'),(8,'浪潮服务器存储设备','18000.00','通用设备','海量存储系统软件V1.2BCP主模块',1,'第0085号'),(9,'服务器存储设备','1800.00','通用设备','浪潮清洗磁带',1,'第0085号'),(10,'交换机','12000.00','通用设备','H3C LS-5500-20TP-SI-H3',1,'第0084号'),(11,'交换机','3740.00','通用设备','H3C LS-E126B',1,'第0084号'),(12,'天融信防火墙','40000.00','通用设备','TG-21109',1,'第0084号'),(13,'存储设备','1000.00','通用设备','磁带TL-L5-3T',1,'第0082号');
/*!40000 ALTER TABLE `vp_model` ENABLE KEYS */;
UNLOCK TABLES;

--
-- Table structure for table `vp_position`
--

DROP TABLE IF EXISTS `vp_position`;
/*!40101 SET @saved_cs_client     = @@character_set_client */;
/*!40101 SET character_set_client = utf8 */;
CREATE TABLE `vp_position` (
  `position_id` int(32) NOT NULL AUTO_INCREMENT,
  `position_name` varchar(32) DEFAULT NULL,
  `level` int(32) DEFAULT '0',
  PRIMARY KEY (`position_id`)
) ENGINE=InnoDB AUTO_INCREMENT=6 DEFAULT CHARSET=utf8;
/*!40101 SET character_set_client = @saved_cs_client */;

--
-- Dumping data for table `vp_position`
--

LOCK TABLES `vp_position` WRITE;
/*!40000 ALTER TABLE `vp_position` DISABLE KEYS */;
INSERT INTO `vp_position` VALUES (1,'科员',1),(2,'科长',3),(3,'主任',5),(4,'副主任',4),(5,'副科长',2);
/*!40000 ALTER TABLE `vp_position` ENABLE KEYS */;
UNLOCK TABLES;

--
-- Table structure for table `vp_pri`
--

DROP TABLE IF EXISTS `vp_pri`;
/*!40101 SET @saved_cs_client     = @@character_set_client */;
/*!40101 SET character_set_client = utf8 */;
CREATE TABLE `vp_pri` (
  `pri_id` int(32) NOT NULL AUTO_INCREMENT,
  `pri_name` varchar(32) DEFAULT NULL,
  `module_name` varchar(32) DEFAULT NULL,
  `controller_name` varchar(32) DEFAULT NULL,
  `method` varchar(32) DEFAULT NULL,
  PRIMARY KEY (`pri_id`)
) ENGINE=InnoDB DEFAULT CHARSET=utf8;
/*!40101 SET character_set_client = @saved_cs_client */;

--
-- Dumping data for table `vp_pri`
--

LOCK TABLES `vp_pri` WRITE;
/*!40000 ALTER TABLE `vp_pri` DISABLE KEYS */;
/*!40000 ALTER TABLE `vp_pri` ENABLE KEYS */;
UNLOCK TABLES;

--
-- Table structure for table `vp_roam`
--

DROP TABLE IF EXISTS `vp_roam`;
/*!40101 SET @saved_cs_client     = @@character_set_client */;
/*!40101 SET character_set_client = utf8 */;
CREATE TABLE `vp_roam` (
  `roam_id` int(32) NOT NULL AUTO_INCREMENT,
  `item_id` int(32) DEFAULT NULL,
  `status` int(32) DEFAULT '0',
  `create_time` varchar(32) DEFAULT NULL,
  `apply_user_id` int(32) DEFAULT NULL,
  `use_user_id` int(32) DEFAULT NULL,
  `apply_approval_user_id` int(32) DEFAULT NULL,
  `use_approval_user_id` int(32) DEFAULT NULL,
  `office_approval_user_id` int(32) DEFAULT NULL,
  `type` int(32) DEFAULT '1',
  PRIMARY KEY (`roam_id`)
) ENGINE=InnoDB AUTO_INCREMENT=7 DEFAULT CHARSET=utf8;
/*!40101 SET character_set_client = @saved_cs_client */;

--
-- Dumping data for table `vp_roam`
--

LOCK TABLES `vp_roam` WRITE;
/*!40000 ALTER TABLE `vp_roam` DISABLE KEYS */;
INSERT INTO `vp_roam` VALUES (1,2,1,'1559788197',1,68,68,68,8,1),(2,2,3,'1559788203',1,68,68,68,8,1),(3,3,4,'1559788251',1,68,68,68,8,1),(4,6,3,'1559788254',1,68,68,68,8,1),(5,5,1,'1560391339',1,68,68,68,8,1),(6,6,2,'1560391354',1,68,68,68,8,1);
/*!40000 ALTER TABLE `vp_roam` ENABLE KEYS */;
UNLOCK TABLES;

--
-- Table structure for table `vp_roam_end_log`
--

DROP TABLE IF EXISTS `vp_roam_end_log`;
/*!40101 SET @saved_cs_client     = @@character_set_client */;
/*!40101 SET character_set_client = utf8 */;
CREATE TABLE `vp_roam_end_log` (
  `roam_end_log_id` int(32) NOT NULL AUTO_INCREMENT,
  `user_id` int(32) DEFAULT NULL,
  `to_user_id` int(32) DEFAULT NULL,
  `create_time` varchar(32) DEFAULT NULL,
  `item_id` int(32) DEFAULT NULL,
  PRIMARY KEY (`roam_end_log_id`)
) ENGINE=InnoDB AUTO_INCREMENT=2 DEFAULT CHARSET=utf8;
/*!40101 SET character_set_client = @saved_cs_client */;

--
-- Dumping data for table `vp_roam_end_log`
--

LOCK TABLES `vp_roam_end_log` WRITE;
/*!40000 ALTER TABLE `vp_roam_end_log` DISABLE KEYS */;
INSERT INTO `vp_roam_end_log` VALUES (1,68,1,'1559723585',10);
/*!40000 ALTER TABLE `vp_roam_end_log` ENABLE KEYS */;
UNLOCK TABLES;

--
-- Table structure for table `vp_roam_log`
--

DROP TABLE IF EXISTS `vp_roam_log`;
/*!40101 SET @saved_cs_client     = @@character_set_client */;
/*!40101 SET character_set_client = utf8 */;
CREATE TABLE `vp_roam_log` (
  `roam_log_id` int(32) NOT NULL AUTO_INCREMENT,
  `user_id` int(32) DEFAULT NULL,
  `type` int(32) DEFAULT NULL,
  `create_time` varchar(32) DEFAULT NULL,
  `item_id` int(32) DEFAULT NULL,
  PRIMARY KEY (`roam_log_id`)
) ENGINE=InnoDB AUTO_INCREMENT=11 DEFAULT CHARSET=utf8;
/*!40101 SET character_set_client = @saved_cs_client */;

--
-- Dumping data for table `vp_roam_log`
--

LOCK TABLES `vp_roam_log` WRITE;
/*!40000 ALTER TABLE `vp_roam_log` DISABLE KEYS */;
INSERT INTO `vp_roam_log` VALUES (1,68,1,'1559723585',10),(2,68,1,'1559783868',7),(3,68,1,'1559783873',7),(4,68,1,'1559783883',3),(5,68,1,'1559789058',2),(6,68,0,'1559789164',3),(7,68,1,'1560130947',6),(8,68,1,'1560130951',6),(9,68,1,'1560130962',2),(10,68,1,'1560395614',6);
/*!40000 ALTER TABLE `vp_roam_log` ENABLE KEYS */;
UNLOCK TABLES;

--
-- Table structure for table `vp_upload`
--

DROP TABLE IF EXISTS `vp_upload`;
/*!40101 SET @saved_cs_client     = @@character_set_client */;
/*!40101 SET character_set_client = utf8 */;
CREATE TABLE `vp_upload` (
  `id` int(32) NOT NULL AUTO_INCREMENT,
  `time` varchar(32) DEFAULT NULL,
  `qrcode` varchar(32) DEFAULT NULL,
  `thumb` varchar(255) DEFAULT NULL,
  PRIMARY KEY (`id`)
) ENGINE=InnoDB DEFAULT CHARSET=utf8;
/*!40101 SET character_set_client = @saved_cs_client */;

--
-- Dumping data for table `vp_upload`
--

LOCK TABLES `vp_upload` WRITE;
/*!40000 ALTER TABLE `vp_upload` DISABLE KEYS */;
/*!40000 ALTER TABLE `vp_upload` ENABLE KEYS */;
UNLOCK TABLES;

--
-- Table structure for table `vp_user`
--

DROP TABLE IF EXISTS `vp_user`;
/*!40101 SET @saved_cs_client     = @@character_set_client */;
/*!40101 SET character_set_client = utf8 */;
CREATE TABLE `vp_user` (
  `user_id` int(32) NOT NULL AUTO_INCREMENT,
  `pwd` varchar(32) DEFAULT NULL,
  `uname` varchar(32) DEFAULT NULL,
  `nickname` varchar(255) DEFAULT NULL,
  `last_time` varchar(32) DEFAULT NULL,
  `level_id` int(32) DEFAULT NULL,
  PRIMARY KEY (`user_id`)
) ENGINE=InnoDB AUTO_INCREMENT=99 DEFAULT CHARSET=utf8;
/*!40101 SET character_set_client = @saved_cs_client */;

--
-- Dumping data for table `vp_user`
--

LOCK TABLES `vp_user` WRITE;
/*!40000 ALTER TABLE `vp_user` DISABLE KEYS */;
INSERT INTO `vp_user` VALUES (1,'e10adc3949ba59abbe56e057f20f883e','马腾飞',NULL,NULL,1),(2,'e10adc3949ba59abbe56e057f20f883e','杨文袆',NULL,'1549943952',1),(6,'e10adc3949ba59abbe56e057f20f883e','丁爽',NULL,'1558686774',NULL),(7,'e10adc3949ba59abbe56e057f20f883e','李珂',NULL,'1558686848',NULL),(8,'e10adc3949ba59abbe56e057f20f883e','白雪',NULL,'1558686848',NULL),(9,'e10adc3949ba59abbe56e057f20f883e','陈默',NULL,'1558686848',NULL),(10,'e10adc3949ba59abbe56e057f20f883e','王佳',NULL,'1558686848',NULL),(11,'e10adc3949ba59abbe56e057f20f883e','王磊',NULL,'1558686848',NULL),(12,'e10adc3949ba59abbe56e057f20f883e','王丹',NULL,'1558686848',NULL),(13,'e10adc3949ba59abbe56e057f20f883e','吴玉浩',NULL,'1558686848',NULL),(14,'e10adc3949ba59abbe56e057f20f883e','黄艳',NULL,'1558686848',NULL),(15,'e10adc3949ba59abbe56e057f20f883e','马博颖',NULL,'1558686848',NULL),(16,'e10adc3949ba59abbe56e057f20f883e','张婷',NULL,'1558686848',NULL),(17,'e10adc3949ba59abbe56e057f20f883e','冯昌军',NULL,'1558686848',NULL),(18,'e10adc3949ba59abbe56e057f20f883e','李陆莎',NULL,'1558686848',NULL),(19,'e10adc3949ba59abbe56e057f20f883e','刘宇然',NULL,'1558686848',NULL),(20,'e10adc3949ba59abbe56e057f20f883e','王佳琦',NULL,'1558686849',NULL),(21,'e10adc3949ba59abbe56e057f20f883e','霍艳丽',NULL,'1558686849',NULL),(22,'e10adc3949ba59abbe56e057f20f883e','聂魏巍',NULL,'1558686849',NULL),(23,'e10adc3949ba59abbe56e057f20f883e','段建佳',NULL,'1558686849',NULL),(24,'e10adc3949ba59abbe56e057f20f883e','韩雪',NULL,'1558686849',NULL),(25,'e10adc3949ba59abbe56e057f20f883e','杨亚萍',NULL,'1558686849',NULL),(26,'e10adc3949ba59abbe56e057f20f883e','江涛',NULL,'1558686849',NULL),(27,'e10adc3949ba59abbe56e057f20f883e','林洁',NULL,'1558686849',NULL),(28,'e10adc3949ba59abbe56e057f20f883e','武雪',NULL,'1558686849',NULL),(29,'e10adc3949ba59abbe56e057f20f883e','曹溢',NULL,'1558686849',NULL),(30,'e10adc3949ba59abbe56e057f20f883e','杨志强',NULL,'1558686849',NULL),(31,'e10adc3949ba59abbe56e057f20f883e','李晓龙',NULL,'1558686850',NULL),(32,'e10adc3949ba59abbe56e057f20f883e','李沝羲',NULL,'1558686850',NULL),(33,'e10adc3949ba59abbe56e057f20f883e','孟令玉',NULL,'1558686850',NULL),(34,'e10adc3949ba59abbe56e057f20f883e','张颂',NULL,'1558686850',NULL),(35,'e10adc3949ba59abbe56e057f20f883e','赵鹏',NULL,'1558686850',NULL),(36,'e10adc3949ba59abbe56e057f20f883e','王晶',NULL,'1558686850',NULL),(37,'e10adc3949ba59abbe56e057f20f883e','孙庆东',NULL,'1558686850',NULL),(38,'e10adc3949ba59abbe56e057f20f883e','隋春光',NULL,'1558686850',NULL),(39,'e10adc3949ba59abbe56e057f20f883e','刘晓青',NULL,'1558686850',NULL),(40,'e10adc3949ba59abbe56e057f20f883e','李琳',NULL,'1558686850',NULL),(41,'e10adc3949ba59abbe56e057f20f883e','张佳',NULL,'1558686850',NULL),(42,'e10adc3949ba59abbe56e057f20f883e','郭方璇',NULL,'1558686850',NULL),(43,'e10adc3949ba59abbe56e057f20f883e','连金忠',NULL,'1558686851',NULL),(44,'e10adc3949ba59abbe56e057f20f883e','杨俊玲',NULL,'1558686851',NULL),(45,'e10adc3949ba59abbe56e057f20f883e','韩民才',NULL,'1558686851',NULL),(46,'e10adc3949ba59abbe56e057f20f883e','赵凤臣',NULL,'1558686851',NULL),(47,'e10adc3949ba59abbe56e057f20f883e','甘子熙',NULL,'1558686851',NULL),(48,'e10adc3949ba59abbe56e057f20f883e','赵洪娟',NULL,'1558686851',NULL),(49,'e10adc3949ba59abbe56e057f20f883e','宋乔',NULL,'1558686851',NULL),(50,'e10adc3949ba59abbe56e057f20f883e','王鹏',NULL,'1558686851',NULL),(51,'e10adc3949ba59abbe56e057f20f883e','高东杰',NULL,'1558686851',NULL),(52,'e10adc3949ba59abbe56e057f20f883e','苗涛',NULL,'1558686851',NULL),(53,'e10adc3949ba59abbe56e057f20f883e','杨靖',NULL,'1558686851',NULL),(54,'e10adc3949ba59abbe56e057f20f883e','肖雨晨',NULL,'1558686851',NULL),(55,'e10adc3949ba59abbe56e057f20f883e','田宇',NULL,'1558686851',NULL),(56,'e10adc3949ba59abbe56e057f20f883e','李英超',NULL,'1558686851',NULL),(57,'e10adc3949ba59abbe56e057f20f883e','张洁',NULL,'1558686851',NULL),(58,'e10adc3949ba59abbe56e057f20f883e','王悦',NULL,'1558686852',NULL),(59,'e10adc3949ba59abbe56e057f20f883e','王梓怡',NULL,'1558686852',NULL),(60,'e10adc3949ba59abbe56e057f20f883e','周静',NULL,'1558686852',NULL),(61,'e10adc3949ba59abbe56e057f20f883e','赵壮',NULL,'1558686852',NULL),(62,'e10adc3949ba59abbe56e057f20f883e','孙墨菊',NULL,'1558686852',NULL),(63,'e10adc3949ba59abbe56e057f20f883e','袁晟龙',NULL,'1558686852',NULL),(64,'e10adc3949ba59abbe56e057f20f883e','刘曼',NULL,'1558686852',NULL),(65,'e10adc3949ba59abbe56e057f20f883e','马然',NULL,'1558686852',NULL),(66,'e10adc3949ba59abbe56e057f20f883e','张扬',NULL,'1558686852',NULL),(67,'e10adc3949ba59abbe56e057f20f883e','张唯',NULL,'1558686852',NULL),(68,'e10adc3949ba59abbe56e057f20f883e','李昊 ',NULL,'1558686852',NULL),(70,'e10adc3949ba59abbe56e057f20f883e','董忠斌',NULL,'1558686852',NULL),(71,'e10adc3949ba59abbe56e057f20f883e','张笑男',NULL,'1558686853',NULL),(72,'e10adc3949ba59abbe56e057f20f883e','缸玮',NULL,'1558686853',NULL),(73,'e10adc3949ba59abbe56e057f20f883e','李少华',NULL,'1558686853',NULL),(74,'e10adc3949ba59abbe56e057f20f883e','赵璐宁',NULL,'1558686853',NULL),(75,'e10adc3949ba59abbe56e057f20f883e','秦磊',NULL,'1558686853',NULL),(76,'e10adc3949ba59abbe56e057f20f883e','王立江',NULL,'1558686853',NULL),(77,'e10adc3949ba59abbe56e057f20f883e','张基红',NULL,'1558686853',NULL),(78,'e10adc3949ba59abbe56e057f20f883e','刘浩',NULL,'1558686853',NULL),(79,'e10adc3949ba59abbe56e057f20f883e','赵兰青',NULL,'1558686853',NULL),(80,'e10adc3949ba59abbe56e057f20f883e','吴琼',NULL,'1558686853',NULL),(81,'e10adc3949ba59abbe56e057f20f883e','陈曦',NULL,'1558686853',NULL),(82,'e10adc3949ba59abbe56e057f20f883e','杨薇',NULL,'1558686853',NULL),(83,'e10adc3949ba59abbe56e057f20f883e','耿洋',NULL,'1558686853',NULL),(84,'e10adc3949ba59abbe56e057f20f883e','黄威',NULL,'1558686854',NULL),(85,'e10adc3949ba59abbe56e057f20f883e','庄岩',NULL,'1558686854',NULL),(86,'e10adc3949ba59abbe56e057f20f883e','张征敏',NULL,'1558686854',NULL),(87,'e10adc3949ba59abbe56e057f20f883e','岳佳欣',NULL,'1558686854',NULL),(88,'e10adc3949ba59abbe56e057f20f883e','郝芸',NULL,'1558686854',NULL),(89,'e10adc3949ba59abbe56e057f20f883e','郝文昌',NULL,'1558686854',NULL),(90,'e10adc3949ba59abbe56e057f20f883e','王欣',NULL,'1558686854',NULL),(91,'e10adc3949ba59abbe56e057f20f883e','王辉',NULL,'1558686854',NULL),(92,'e10adc3949ba59abbe56e057f20f883e','刘义霞',NULL,'1558686854',NULL),(93,'e10adc3949ba59abbe56e057f20f883e','李颜',NULL,'1558686854',NULL),(94,'e10adc3949ba59abbe56e057f20f883e','高峰 ',NULL,'1558686854',NULL),(95,'e10adc3949ba59abbe56e057f20f883e','李茜',NULL,'1558686854',NULL),(96,'e10adc3949ba59abbe56e057f20f883e','张莹莹',NULL,'1558686854',NULL),(97,'e10adc3949ba59abbe56e057f20f883e','李帅',NULL,'1558686854',NULL),(98,'e10adc3949ba59abbe56e057f20f883e','刘春雷',NULL,'1558686855',NULL);
/*!40000 ALTER TABLE `vp_user` ENABLE KEYS */;
UNLOCK TABLES;

--
-- Table structure for table `vp_user_department`
--

DROP TABLE IF EXISTS `vp_user_department`;
/*!40101 SET @saved_cs_client     = @@character_set_client */;
/*!40101 SET character_set_client = utf8 */;
CREATE TABLE `vp_user_department` (
  `user_id` int(32) DEFAULT NULL,
  `department_id` int(32) DEFAULT NULL,
  `position_id` int(32) DEFAULT NULL,
  `user_department_id` int(32) NOT NULL AUTO_INCREMENT,
  PRIMARY KEY (`user_department_id`)
) ENGINE=InnoDB AUTO_INCREMENT=97 DEFAULT CHARSET=utf8;
/*!40101 SET character_set_client = @saved_cs_client */;

--
-- Dumping data for table `vp_user_department`
--

LOCK TABLES `vp_user_department` WRITE;
/*!40000 ALTER TABLE `vp_user_department` DISABLE KEYS */;
INSERT INTO `vp_user_department` VALUES (7,2,2,1),(8,3,3,2),(9,4,2,3),(10,3,4,4),(11,5,5,5),(12,4,5,6),(13,6,5,7),(14,7,5,8),(15,2,5,9),(16,2,5,10),(17,1,5,11),(18,2,1,12),(19,2,1,13),(20,2,1,14),(21,2,1,15),(22,2,1,16),(23,2,1,17),(24,2,1,18),(25,2,1,19),(26,2,1,20),(27,2,1,21),(28,2,1,22),(29,2,1,23),(30,8,1,24),(31,8,1,25),(32,2,1,26),(33,2,1,27),(34,2,1,28),(35,2,1,29),(36,2,1,30),(37,3,1,31),(38,3,1,32),(39,3,1,33),(40,3,1,34),(41,9,1,35),(42,9,1,36),(43,9,1,37),(44,9,1,38),(45,7,1,39),(46,7,1,40),(47,7,1,41),(48,7,1,42),(49,7,1,43),(50,7,1,44),(51,4,1,45),(52,4,1,46),(53,4,1,47),(54,2,1,48),(55,2,1,49),(56,2,1,50),(57,2,1,52),(58,2,1,53),(59,2,1,54),(60,2,1,55),(61,2,1,56),(62,2,1,57),(63,2,1,58),(64,2,1,59),(65,2,1,60),(66,2,1,61),(67,2,1,62),(68,10,2,63),(70,5,1,66),(71,5,1,67),(72,5,1,68),(73,5,1,69),(74,5,1,70),(75,5,1,71),(76,6,1,72),(77,6,1,73),(78,6,1,74),(79,11,1,75),(80,11,1,76),(81,11,1,77),(82,11,1,78),(83,11,1,79),(84,11,1,80),(85,2,1,81),(86,2,1,82),(87,11,1,83),(88,1,1,84),(89,1,1,85),(90,1,1,86),(91,1,1,87),(92,1,1,88),(93,1,1,89),(94,1,1,90),(95,1,1,91),(96,1,1,92),(97,1,1,93),(98,1,1,94),(1,10,1,96);
/*!40000 ALTER TABLE `vp_user_department` ENABLE KEYS */;
UNLOCK TABLES;

--
-- Table structure for table `vp_user_group`
--

DROP TABLE IF EXISTS `vp_user_group`;
/*!40101 SET @saved_cs_client     = @@character_set_client */;
/*!40101 SET character_set_client = utf8 */;
CREATE TABLE `vp_user_group` (
  `user_group_id` int(32) NOT NULL AUTO_INCREMENT,
  `user_id` int(32) DEFAULT NULL,
  `group_id` int(32) DEFAULT NULL,
  PRIMARY KEY (`user_group_id`)
) ENGINE=InnoDB AUTO_INCREMENT=6 DEFAULT CHARSET=utf8;
/*!40101 SET character_set_client = @saved_cs_client */;

--
-- Dumping data for table `vp_user_group`
--

LOCK TABLES `vp_user_group` WRITE;
/*!40000 ALTER TABLE `vp_user_group` DISABLE KEYS */;
INSERT INTO `vp_user_group` VALUES (4,2,2),(5,1,1);
/*!40000 ALTER TABLE `vp_user_group` ENABLE KEYS */;
UNLOCK TABLES;

--
-- Table structure for table `vp_user_message`
--

DROP TABLE IF EXISTS `vp_user_message`;
/*!40101 SET @saved_cs_client     = @@character_set_client */;
/*!40101 SET character_set_client = utf8 */;
CREATE TABLE `vp_user_message` (
  `user_message_id` int(32) NOT NULL AUTO_INCREMENT,
  `user_id` int(32) DEFAULT NULL,
  `message_id` int(32) DEFAULT NULL,
  `status` int(32) DEFAULT '0',
  `create_time` varchar(32) DEFAULT NULL,
  PRIMARY KEY (`user_message_id`)
) ENGINE=InnoDB AUTO_INCREMENT=40 DEFAULT CHARSET=utf8;
/*!40101 SET character_set_client = @saved_cs_client */;

--
-- Dumping data for table `vp_user_message`
--

LOCK TABLES `vp_user_message` WRITE;
/*!40000 ALTER TABLE `vp_user_message` DISABLE KEYS */;
INSERT INTO `vp_user_message` VALUES (1,1,1,1,NULL),(2,68,1,1,NULL),(3,8,1,1,NULL),(4,1,2,1,NULL),(5,68,2,1,NULL),(6,8,2,1,NULL),(7,1,3,1,NULL),(8,68,3,1,NULL),(9,8,3,1,NULL),(10,1,4,1,NULL),(11,68,4,1,NULL),(12,8,4,1,NULL),(13,1,5,1,NULL),(14,68,5,1,NULL),(15,8,5,1,NULL),(16,1,6,1,NULL),(17,68,6,1,NULL),(18,8,6,1,NULL),(19,1,7,1,NULL),(20,68,7,1,NULL),(21,8,7,1,NULL),(22,1,8,1,NULL),(23,68,8,1,NULL),(24,8,8,1,NULL),(25,1,9,1,NULL),(26,68,9,1,NULL),(27,8,9,1,NULL),(28,1,10,1,NULL),(29,68,10,1,NULL),(30,8,10,1,NULL),(31,1,11,1,NULL),(32,68,11,1,NULL),(33,8,11,1,NULL),(34,1,12,1,NULL),(35,68,12,1,NULL),(36,8,12,1,NULL),(37,1,13,1,NULL),(38,68,13,1,NULL),(39,8,13,1,NULL);
/*!40000 ALTER TABLE `vp_user_message` ENABLE KEYS */;
UNLOCK TABLES;

--
-- Table structure for table `vp_user_roam`
--

DROP TABLE IF EXISTS `vp_user_roam`;
/*!40101 SET @saved_cs_client     = @@character_set_client */;
/*!40101 SET character_set_client = utf8 */;
CREATE TABLE `vp_user_roam` (
  `user_roam_id` int(32) NOT NULL AUTO_INCREMENT,
  `user_id` int(32) DEFAULT NULL,
  `roam_id` int(32) DEFAULT NULL,
  `create_time` varchar(32) DEFAULT NULL,
  PRIMARY KEY (`user_roam_id`)
) ENGINE=InnoDB AUTO_INCREMENT=19 DEFAULT CHARSET=utf8;
/*!40101 SET character_set_client = @saved_cs_client */;

--
-- Dumping data for table `vp_user_roam`
--

LOCK TABLES `vp_user_roam` WRITE;
/*!40000 ALTER TABLE `vp_user_roam` DISABLE KEYS */;
INSERT INTO `vp_user_roam` VALUES (1,1,1,'1559788197'),(2,68,1,'1559788197'),(3,8,1,'1559788197'),(4,1,2,'1559788203'),(5,68,2,'1559788203'),(6,8,2,'1559788203'),(7,1,3,'1559788252'),(8,68,3,'1559788252'),(9,8,3,'1559788252'),(10,1,4,'1559788254'),(11,68,4,'1559788254'),(12,8,4,'1559788254'),(13,1,5,'1560391339'),(14,68,5,'1560391339'),(15,8,5,'1560391339'),(16,1,6,'1560391354'),(17,68,6,'1560391354'),(18,8,6,'1560391354');
/*!40000 ALTER TABLE `vp_user_roam` ENABLE KEYS */;
UNLOCK TABLES;

--
-- Table structure for table `vp_zj_company`
--

DROP TABLE IF EXISTS `vp_zj_company`;
/*!40101 SET @saved_cs_client     = @@character_set_client */;
/*!40101 SET character_set_client = utf8 */;
CREATE TABLE `vp_zj_company` (
  `zj_company_id` int(32) NOT NULL AUTO_INCREMENT,
  `company_id` varchar(255) DEFAULT NULL,
  `company_name` varchar(255) DEFAULT NULL,
  `release_date` varchar(32) DEFAULT NULL,
  `due_date` varchar(32) DEFAULT NULL,
  `address` varchar(255) DEFAULT NULL,
  `user_name` varchar(32) DEFAULT NULL,
  `user_tel` varchar(32) DEFAULT NULL,
  `status` int(32) DEFAULT '1',
  `comments` varchar(255) DEFAULT NULL,
  `is_show` int(32) DEFAULT '1',
  `origin` int(32) DEFAULT NULL,
  `qid` int(32) DEFAULT NULL,
  PRIMARY KEY (`zj_company_id`)
) ENGINE=InnoDB AUTO_INCREMENT=171 DEFAULT CHARSET=utf8;
/*!40101 SET character_set_client = @saved_cs_client */;

--
-- Dumping data for table `vp_zj_company`
--

LOCK TABLES `vp_zj_company` WRITE;
/*!40000 ALTER TABLE `vp_zj_company` DISABLE KEYS */;
INSERT INTO `vp_zj_company` VALUES (1,'91110105MA00441G7N','北京正圆劳务服务有限公司','1519716422','1610380800','北京市西城区牛街11号415-5室','赵岳','13301130174',1,NULL,1,NULL,5583),(2,'91110107599642797F','北京松岩嘉业商贸有限公司','1521518487','1560355200','北京市丰台区海鹰路6号院31号楼中建二局商务大厦1-1','许颖','80320458',1,NULL,1,NULL,5599),(3,'91110106102165092N','北京外运陆运有限公司','1522034940','1559145600','北京市丰台区丰台五里店259号','冯树森','18500811636',1,NULL,1,NULL,5608),(4,'91110106MA00C5GN6J','易店铺（北京）网络科技有限公司','1522811829','1561651200','北京市丰台区南三环西路16号2号楼19层2218','赵婵','57223333，18810405130',1,NULL,1,NULL,5615),(5,'91110108778613780K','北京智星伟业科技有限公司','1522814977','1551283200','北京市海淀区定慧福里62号院1号楼242','王芳','68605567 18610073320',1,NULL,1,NULL,5616),(6,'91110228599608556U','北京丝路彩虹汽车租赁有限公司','1523409208','1553616000','北京市丰台区富丰路4号工商联大厦A座1302','谭主管','18310145077',1,NULL,1,NULL,5623),(7,'91110107057342204B','北京市地铁运营有限公司机电分公司','1523843662','1552320000','石景山古城北路地铁机电分公司','王同','88935658',1,NULL,1,NULL,5626),(8,'91110102562093472H','北京杨老黑餐饮管理有限公司','1523846480','1552320000','西城区马连道9号茶院','王磊','18612340805',1,NULL,1,NULL,5627),(9,'91110000692300070G','北京环丰世纪绿色能源科技有限公司','1523847495','1552320000','北京市丰台区老庄子乡北天堂村420号','白晶','63775566-2061',1,NULL,1,NULL,5628),(10,'91110229MA0030R05H','北京同喜众筹投资管理有限公司','1523861143','1552320000','北京市朝阳区东三环中路39号院17号楼18层2105','田女士','59003155',1,NULL,1,NULL,5630),(11,'91110228330324956J','北京利佳科技有限责任公司','1524032623','1552492800','北京市丰台区公益西桥城南大道1218号','史佳','18810660765,13071171616',1,NULL,1,NULL,5631),(12,'9111010506125934XA','北京瑞德重信商贸有限公司','1524470886','1552924800','北京市丰台区北大街5号','周利峰','18046561866',1,NULL,1,NULL,5632),(13,'91110106593825269X','北京首资新能源科技有限公司','1524554647','1553011200','北京市丰台区大红门西马场甲14号','张晓蕾','13683392787',1,NULL,1,NULL,5633),(14,'91110113101202680X','金建汽车租赁有限公司','1524643785','1553097600','北京市丰台区西洪泰庄路98号','方女士','87611250, 13370189793',1,NULL,1,NULL,5636),(15,'911101063067121075','北京连辉企业管理有限公司','1524730890','1553184000','北京市丰台区程庄路71号7-306','陈永辉','13911176990,57233396',1,NULL,1,NULL,5638),(16,'91110000MA003JHX3J','北京固废物流有限公司','1524801679','1553270400','北京市丰台区草桥赵村店420号','高先生','87528075,15001179070',1,NULL,1,NULL,5639),(17,'91110106746102708Q','北京凯普林光电科技股份有限公司','1524878722','1553356800','北京市丰台区中关村科技园区丰台园航丰路甲４号5层','张经理','13811826620',1,NULL,1,NULL,5642),(18,'91110106MA018RXK9N','北京锦丰大酒店有限公司','1525240067','1553702400','北京市丰台区锦丰路1号楼-3至5层101','人事部','63733588',1,NULL,1,NULL,5643),(19,'91110106769921255U','北京主导时代科技有限公司','1525241274','1553702400','北京市丰台区南四环西路188号十区32号楼（园区）','王鹏慧','13701234777',1,NULL,1,NULL,5645),(20,'911101027177035556','北京佳诚物业管理有限公司','1525245428','1553702400','北京市宣武区白纸坊西街18-1-2层','刘雪敬','15311800913',1,NULL,1,NULL,5646),(21,'91110106MA0197XT31','北京百思特人力资源服务有限公司','1525741994','1580140800','北京市丰台区郭公庄中街20号院3号楼6层601-1','王龙','86393288 18518976287',1,NULL,1,NULL,5648),(22,'911100007975515972','北京伟利讯信息技术股份有限公司','1525743176','1554220800','北京市朝阳区酒仙桥路乙21号国宾大厦F3-1室','米雪娜','18910396191',1,NULL,1,NULL,5649),(23,'911101056774042261','和佰佳居（北京）贸易有限公司','1525744107','1554220800','北京市丰台区南四环西路76号花乡奥莱','蔡艳宇','13810706372',1,NULL,1,NULL,5650),(24,'91110106102173586P','北京世界公园','1525744346','1554220800','丰台区花乡大葆台158号世界公园办公区','沈经理','83613682',1,NULL,1,NULL,5651),(25,'91110106MA01A5EF89','爱优禧（北京）医学科技有限公司','1525936880','1554393600','北京市丰台区玉林里1号楼1栋11层81101室','宋莹莹','13651088108,13501224318',1,NULL,1,NULL,5652),(26,'91110302330334230D','北京蓝领管家科技有限公司','1526007865','1554480000','北京市经济技术开发区科创十三街18号院6号楼2层216室','栗薇','53345698',1,NULL,1,NULL,5653),(27,'911101068011499996','北京加达汽车服务有限公司','1526269907','1554739200','北京市丰台区樊羊路587号','人事部','83793366',1,NULL,1,NULL,5654),(28,'911101067533082457','北京酒总酒店设备有限公司','1526354272','1554825600','北京市丰台区右安门外开阳里一街1号','赵女士','83559988',1,NULL,1,NULL,5655),(29,'9111010869234054XB','北京市地铁运营有限公司运营三分公司','1526436825','1554912000','北京市海淀区德胜门西大街5号','魏思曼','62292558,15001171295',1,NULL,1,NULL,5656),(30,'91110106713601084R','中科华圣（北京）岩土工程有限公司','1526448417','1554912000','北京市丰台区新村一里15号49号楼二层202、206、210、212号房间','邱迪莹','83890430、18010125809',1,NULL,1,NULL,5657),(31,'91110105MA001WJQ39','集慧资产管理（北京）有限公司','1526449683','1554912000','北京丰台区丰体时代大厦C座3层','顾女士','15011565961',1,NULL,1,NULL,5658),(32,'911101067433215857','北京新发地汽车交易市场有限公司','1526525549','1554998400','北京市丰台区南四环中路260号','于女士','87503625',1,NULL,1,NULL,5659),(33,'91110106MA017Q1M38','北京物美京丰科技发展有限公司','1526615881','1581004800','北京市丰台区西四环南路101号6层6035A号','王先生','15830268238',1,NULL,1,NULL,5662),(34,'91110106599611085K','北京坤圆九州农业科技发展有限公司','1526633196','1581004800','北京市丰台区宋家庄路苇子坑149号北厂8403室','闫明','18515395456,57414576',1,NULL,1,NULL,5664),(35,'911101150535999429','北京凯蓝盛世品牌管理有限公司','1526885775','1581264000','北京市大兴区西红门镇宏业路9号院2号楼6层602室','李丹丹','13718343818',1,NULL,1,NULL,5665),(36,'91110102101554096E','北京市鑫雅华荣商贸有限责任公司','1527130927','1555603200','北京市丰台区葆台路186号','刘顺娟','53029308',1,NULL,1,NULL,5668),(37,'9111010670038878X3','北京中恒实信贸易有限公司','1527144078','1555603200','北京市丰台区南三环西路11号（草桥站下车）','张莲波','13683312520',1,NULL,1,NULL,5669),(38,'911101086843631861','和创（北京）科技股份有限公司','1527213267','1555689600','海淀区上地信息路1号B栋7层714室','余莹','13810370406',1,NULL,1,NULL,5670),(39,'91110113MA001QNF29','乐图投资管理咨询（上海）有限公司北京顺义分公司','1527220890','1555689600','北京市顺义区后沙峪镇安平街3号3幢','高朝辉','18600494669',1,NULL,1,NULL,5671),(40,'911101087488440519','北京澳韵杰摄影技术开发有限公司','1527231384','1555689600','北京市丰台区花乡隆盛华顿文化产业园内1号','梁洁','68158152',1,NULL,1,NULL,5672),(41,'9111010658766434XQ','北京恒源永兴仓储有限公司','1527494631','1555948800','北京市丰台区大灰厂东路甲22号','张艳琴','83860027，18101057719',1,NULL,1,NULL,5673),(42,'91110105MA01BDGU0B','北京广积德中医诊所有限公司','1527496097','1555948800','朝阳区尚家楼路2号院10号楼1层10-2-4','王德宏','58415556，18811428698',1,NULL,1,NULL,5674),(43,'91110106MA0181HM2H','中山市朗斯卫浴有限公司北京分公司','1527650750','1556121600','北京市丰台区大成路6号院1号楼21层2108','梁黎霞','14747545557 18010079757',1,NULL,1,NULL,5675),(44,'91110106MA001J8K94','北京影格电影城有限公司','1527754896','1556208000','丰台区万丰路68号院5-501','唐美容','15901282724',1,NULL,1,NULL,5676),(45,'91110106062754414W','汉德隆源（北京）工程设备有限公司','1527755210','1556208000','北京市丰台区新村一里15号49号楼二层209室','刘方','18510529740',1,NULL,1,NULL,5677),(46,'91110105339853627N','北京宏伟展业汽车销售有限公司','1527821931','1556294400','北京市丰台区花乡桥东五百米神天龙园艺西侧上汽大众','何俊霞','13661096028',1,NULL,1,NULL,5678),(47,'91110108802076007M','北京歌华有线工程管理有限责任公司','1528097024','1587744000','北京市丰台区总部基地17区1号楼','吕雪莹','13126132910',1,NULL,1,NULL,5679),(48,'91110105780973646P','北京经贸崇诚物业管理有限公司','1528349877','1634572800','北京市丰台区花乡张家路口121号','柯老师','65977913,65976017',1,NULL,1,NULL,5681),(49,'91110106633776378U','北京恒丰顺达物业管理有限责任公司','1528355684','1562083200','北京市丰台区正阳大街正阳小区4号楼302室','赵萌','63861926',1,NULL,1,NULL,5682),(50,'9111010563309203XR','北京山水文园物业管理有限服务公司','1528421929','1582819200','北京市朝阳区小武基村甲８号５号院（平房）','纪璇','13821943436',1,NULL,1,NULL,5683),(51,'12100000400841490P','消费日报社','1528784820','1567785600','北京市丰台区定安东里20号楼','关先生，崔女士','67604644,13261178781',1,NULL,1,NULL,5685),(52,'91110112571298189U','北京炳明科技发展有限公司','1528859961','1562601600','北京市丰台区高立庄618号院9号楼1门','成先生','87955976,13911658920',1,NULL,1,NULL,5686),(53,'91110106554829929C','科海思（北京）科技有限公司','1528878606','1557331200','北京市丰台区航丰路1号时代财务天地A座1002室','张月','18001021342、15801584307',1,NULL,1,NULL,5687),(54,'9111010608967385XA','北京永乐颐康投资管理有限公司','1528944915','1557417600','北京市丰台区造甲街110号2号平房','晋忻忻','65576666，15811460236',1,NULL,1,NULL,5688),(55,'911101075568583950','北京力川国际商务酒店有限公司','1528958886','1562688000','北京市石景山区鲁谷东街甲26号','温先生，赵女士','68686666,17696089466',1,NULL,1,NULL,5689),(56,'91110000600007281U','北京肯德基有限公司','1529026218','1557504000','北京市东城区朝阳门北大街8号','王颖','13910991759',1,NULL,1,NULL,5691),(57,'9111010874005563XQ','北京碧盛食品有限责任公司','1529027721','1562774400','北京市丰台区刘庄子86号西门','孔经理、刘女士','18901339220,18511926273',1,NULL,1,NULL,5692),(58,'91110000700219767F','北京中裕世纪大酒店','1529563653','1843142400','海淀区莲花池东路31号','刘晓鹏','63989999-6029',1,NULL,1,NULL,5693),(59,'911101087404115269','北京中仕达兴业展览有限公司','1529565210','1583942400','北京市丰台区南西环西路188号总部基地十八区25号楼6楼601','杨艳','51298900',1,NULL,1,NULL,5694),(60,'91110106674256811E','北京百怡堂品牌投资管理有限公司','1529632341','1563379200','北京市丰台区南四环西路186号4区3号楼6m层07-11单元','洪敏敏','56291000,15810995525',1,NULL,1,NULL,5695),(61,'91110109802355815D','北京现代之声电子系统工程有限责任公司','1529912770','1558368000','北京市丰台区丰台东路58号人才大厦4层403室','张莎莎','18911526119',1,NULL,1,NULL,5696),(62,'911101063483803238','北京润秦远程医学影像科技有限公司','1530154557','1584547200','北京市丰台区南四环西路188号十五区15号楼1层101（园区）','人事部','52206701，15801218392',1,NULL,1,NULL,5698),(63,'9111010608283821X3','北京阶梯财富资产管理有限公司','1530598152','1564329600','北京市丰台区南大红门路15号-19','徐女士','15811111831',1,NULL,1,NULL,5699),(64,'911101083998871087','北京动感接力健身俱乐部有限公司','1530600038','1559059200','海淀区西三环北路100号光耀东方中心地下二层','李颖','88557128，13521212912',1,NULL,1,NULL,5700),(65,'91110106MA006YK77D','北京志广天下企业管理咨询有限公司','1530691715','1559145600','北京市丰台区西三环南路14号院1号楼17层1720','孙莹','63315870',1,NULL,1,NULL,5702),(66,'91110106MA01CU4359','北京阿姨多多居家养老服务有限公司','1530756433','1688832000','北京市朝阳区百子湾东里307号楼1层04室','高老师','13910875350',1,NULL,1,NULL,5703),(67,'91110106MA00CAX34N','安格拉（北京）文化传播有限公司','1530854058','1637078400','北京市丰台区正阳桥东永善里小区2号楼2层','刘焕焕','18911919865  15010261770',1,NULL,1,NULL,5704),(68,'12110000400708913A','北京市环境卫生管理事务中心','1531459374','1559923200','北京市丰台区花乡马家楼204号','李佳','87501108',1,NULL,1,NULL,5705),(69,'911101066337430314','北京人天书店有限公司','1531895658','1560355200','北京市丰台区晓月苑中路15号','周井丽','15101085501',1,NULL,1,NULL,5706),(70,'91110116MA003YB651','北京德诚达机电成套设备有限公司','1532071973','1586448000','北京市西城区马连道南街6号院1号楼1416室','任艳','52693034、13671086861',1,NULL,1,NULL,5707),(71,'91110106678755706M','北京安赛克科技有限公司','1532072828','1560528000','北京市丰台区西四环南路88号赛欧科园215室（正阳桥北）','刘泽萌','18600678482，13911909647',1,NULL,1,NULL,5708),(72,'91110106MA0028N49K','金丽联科北京航空科技有限公司','1533869974','1562342400','丰台区长辛店长兴路16号院1-1-105','王会明','13311164032',1,NULL,1,NULL,5710),(73,'911101017364955363','北京科林威特科技发展有限责任公司','1533872315','1562342400','北京市东城区天坛东路76号院东3号（4幢）','李昂','13911299254',1,NULL,1,NULL,5711),(74,'91110108718774865J','北京古星互联电子商务有限公司','1533872438','1614182400','北京市丰台区西四环南路128号诺德中心7号楼B座2层218','樊玥','15011560200',1,NULL,1,NULL,5712),(75,'91110102753325360F','北京市惠佳丰劳务服务有限责任公司','1533872982','2028902400','北京市西城区太平街6号8层D-902-2','王珏','18611069907',1,NULL,1,NULL,5713),(76,'911101070535572673','北京盛涵通达信息咨询有限公司','1533881163','1562342400','北京市丰台区西四环南路46号国润大厦2701号','王斌','13693699399',1,NULL,1,NULL,5714),(77,'91110106MA003U7F25','北京哦替网络科技服务有限公司','1533883789','1562342400','丰台区北京方向大厦底商10号楼106室','张博','56358506 18618168436',1,NULL,1,NULL,5715),(78,'91110000700221103Q','北京科园信海医药经营有限公司','1533885803','1769702400','北京市丰台区南四环西路186号四区1号楼8-9层','刘俊谊','83632865',1,NULL,1,NULL,5716),(79,'91110108MA00GRL52P','北京香溢满园商贸有限公司','1534218360','1588608000','北京市海淀区北洼路北洼路粮店15-17幢南1号平房','李伟昀','13522328105',1,NULL,1,NULL,5717),(80,'91110108801773839J','北京真爱环保科技有限公司','1534296865','1614614400','北京时尚海淀区莲花苑5号楼918','林妙华','13718428959',1,NULL,1,NULL,5718),(81,'91110108MA017DU966','北京中视文煜文化传播有限公司','1534302647','1614614400','北京市丰台区富丰路2号2-30幢24层2810','王主任','63728972 17319462026',1,NULL,1,NULL,5719),(82,'911101066828789796','北京盛泰物业管理有限公司盛凯分公司','1534302857','1588694400','北京市丰台区西四环路103号B座地下三层','张瑞琼','63716223、 13661077006',1,NULL,1,NULL,5720),(83,'91110106553134666H','北京随叫随到科技有限公司','1534473989','1562947200','丰台区融达国际509室','孙婧涵','52746149',1,NULL,1,NULL,5721),(84,'91110105351636668H','中企国邦企业管理（北京）有限公司','1534475935','1571587200','北京市朝阳区东三环中路39号院9号楼9层1002室','魏迪','57151529',1,NULL,1,NULL,5722),(85,'91110106MA01A85734','北京味百思餐饮管理有限公司','1534814093','1563292800','北京市丰台区槐房南路6号院万达广场3008号','吴飞斐','18910961850',1,NULL,1,NULL,5723),(86,'91110109MA019M7H02','北京随寓而安科技发展有限公司','1534992022','1563465600','北京市丰台区西三环南路201号融达国际509室','孙婧涵','52746149,13126988847',1,NULL,1,NULL,5724),(87,'91110105579090892D','北京经典融商投资有限公司','1534994618','1563465600','北京市朝阳区劲松农光东里11号楼工美文创园北楼三层','李熙晖','85786877 15901193588',1,NULL,1,NULL,5725),(88,'91110111330381547W','北京锦恒翔远建筑装饰工程有限公司','1535097093','1641312000','北京市房山区大安山乡赵亩地村56号','侯女士','15810430235',1,NULL,1,NULL,5726),(89,'911101016843804615','北京国天健宇物业管理发展有限公司','1535523920','1745424000','北京市东城区新中街66号','魏岩','15010865905',1,NULL,1,NULL,5728),(90,'91110106MA00CNWY7W','北京聚合宝利商贸有限责任公司','1535683796','1564156800','北京市海淀区西四环北路158号慧科大厦东区5H3','魏秀丽','88869500、88865510',1,NULL,1,NULL,5729),(91,'91110106MA00BLQN8T','北京优力可科技有限公司','1535943972','1616256000','北京市丰台区大井东里1号院1号楼518室','赵雪娇','13717912201',1,NULL,1,NULL,5730),(92,'12110106E00829013X','北京市丰台区花城幼儿园','1535944438','1564675200','北京市丰台区芳菲路88号院12号','刘老师','13601363786',1,NULL,1,NULL,5731),(93,'911101143067460089','北京拂尘龙新材料科技有限公司','1536041643','1564502400','北京市丰台区汽车博物馆东路盈坤世纪G座505','汪经理','18010277915',1,NULL,1,NULL,5732),(94,'9111010775602749XK','北京首实新业劳务服务有限责任公司','1536214412','1590595200','北京市丰台区南四环西路188号总部基地8区21号楼','温先生','13701179563',1,NULL,1,NULL,5733),(95,'911101136717415048','北京博爱清洁服务有限公司','1536284713','1564761600','北京市朝阳区望京西地铁站内（北京地铁13号线）','李庆','18310940210',1,NULL,1,NULL,5734),(96,'91110115MA003G1Q6A','北京康盛伟业科技发展有限责任公司','1536307890','1564761600','北京市丰台区总部基地12区5号楼5层','刘经理','18600049811',1,NULL,1,NULL,5735),(97,'91110108MA00EYA69A','北京基富珠宝有限责任公司','1536551369','1565020800','北京市海淀区北洼路28号','姜巍','15300076727',1,NULL,1,NULL,5736),(98,'91110113MA007H0W3Q','上海上嘉物流有限公司北京分公司','1536566293','1694620800','北京市顺义区龙湾屯镇府前街12号197室','王丹','15201453206',1,NULL,1,NULL,5737),(99,'911101027488036988','北京京都新网华信物业管理有限公司','1536731836','1565193600','北京市西城区马连道路4号103室','高女士','13811982381',1,NULL,1,NULL,5738),(100,'91110105MA0023MKXQ','合天下网络科技（北京）有限公司','1536739643','1565193600','北京市丰台区小井村337号','夏文博','18729748078',1,NULL,1,NULL,5740),(101,'92110105MA016UD802','北京韩增光生鲜超市','1536807926','1565280000','北京市大兴区欣旺北大街3号院','张先生、付女士','15510775605，18511752913',1,NULL,1,NULL,5741),(102,'91110109681957034G','北京四季银盘子餐厅','1536896129','1556726400','丰台区看丹桥丰台南路','安晏','18610469100',1,NULL,1,NULL,5742),(103,'91110107686949973D','北京中航捷诚设计咨询有限公司','1536896635','1556726400','北京市石景山区鲁谷路74号南院工作区20号楼二层A201-210','张艳蕾','68547856',1,NULL,1,NULL,5743),(104,'91110106MA018RDT5N','北京众创领航科技有限公司','1537500616','1565971200','北京市丰台区南三环西路16号2号楼22层2215','秦美晨','15222052036',1,NULL,1,NULL,5746),(105,'911101050648890054','宏盛财富投资有限公司','1537506933','1565971200','北京市朝阳区光华路7号13层16A6室','王双孟','15930638725',1,NULL,1,NULL,5747),(106,'91110106585840012D','北京值得买科技股份有限公司','1537513059','1557331200','北京市丰台区洋桥12号院3层至19层','林晓晓','15712980992',1,NULL,1,NULL,5748),(107,'91110106743331097R','北京意科富消防设备有限公司','1538100495','1566576000','北京市丰台区南方庄71号7层726','胡平','13911811670,52265023',1,NULL,1,NULL,5749),(108,'911101017002174549','北京国天物业管理发展有限公司','1538210830','1566662400','北京市东城区和平里六区5号楼','张丽君','18910237776',1,NULL,1,NULL,5750),(109,'91110106MA00AR1798','北京九州铁物轨道科技服务有限公司','1538980540','1567440000','北京市丰台区西三环南路201号院1号楼6层601','崔楠','13522499699，63788921',1,NULL,1,NULL,5751),(110,'91110000717860868T','北京屈臣氏个人用品连锁商店有限公司','1539226171','1567699200','朝阳区丰联广场B座12层','张女士','85722750',1,NULL,1,NULL,5753),(111,'91110111071704304J','北京富瑞勒斯科技开发有限公司','1539228121','1567699200','北京市房山区良乡北关盛通家居广场811号','罗女士','15110187042',1,NULL,1,NULL,5754),(112,'91110106085519265G','北京歌华有线客户服务信息咨询有限公司','1539242125','1567699200','北京市丰台区南四环西路188号十七区1号楼8层801室','马旭','59260000-7608、13811264983',1,NULL,1,NULL,5755),(113,'91110106MA019BFC0N','北京联惠旺商网络科技有限公司','1539324456','1593705600','北京广安路9号院4号楼15层1506','王丹','18600085127',1,NULL,1,NULL,5756),(114,'911101067704157208','北京石榴物业服务有限公司','1539841634','1568304000','北京市丰台区榴乡路88号院18号楼8层801-42','王宇晨','89028902,18612246885',1,NULL,1,NULL,5758),(115,'911101066996228066','北京福顺百代汽车技术服务有限公司','1539919649','1568390400','北京市丰台区南三环西路91号院1号楼16层1单元1928','张卓','18601924472',1,NULL,1,NULL,5759),(116,'511100005003160281','北京市包装饮用水行业协会','1539935676','1568390400','北京市丰台区宋家庄苇子坑149号北京麒麟金阁商务楼8566','袁军','13311206209',1,NULL,1,NULL,5760),(117,'91110106MA00C7MT9T','邯钢银龙轨道科技有限公司','1539936181','1568390400','北京市丰台区广安路9号国投财富广场2号楼15A18','王京','63364498',1,NULL,1,NULL,5761),(118,'911101067655044622','乐华梅兰装饰建材有限公司北京科兴店','1539937223','1568390400','北京市丰台区邻枫路1号','由兰','83815333     13671014219',1,NULL,1,NULL,5762),(119,'911101136932007849','汉堡王（北京）餐饮管理有限公司','1540870260','1569340800','北京市顺义区顺通路25号5幢','张艺杰','13371609923',1,NULL,1,NULL,5763),(120,'91110105080499621L','富勤卓越财富投资管理（北京）有限公司','1540872048','1569340800','北京市朝阳区光华东里8号院3号楼6层601内701室','孙茜','57705833 138111020',1,NULL,1,NULL,5764),(121,'91110106802168403C','北京六必居食品有限公司天源酱园食品厂','1540873266','1569340800','北京市丰台区团河路18号','周思萌','63269318 15801447675',1,NULL,1,NULL,5765),(122,'91110000400011833L','冶金自动化研究设计院','1540874114','1569340800','北京市西四环南路72号','韩超','83735340 18001137703',1,NULL,1,NULL,5766),(123,'911101177000725827','北京卫京安烟道清洗中心','1540957104','1569427200','北京市平谷区新平西路14号-30','孙先生','18518968776',1,NULL,1,NULL,5768),(124,'91110108MA00FQ9T46','北京漫嗨教育科技有限公司','1540965196','1569427200','北京市丰台区外环西路26号院11号楼二单元101室','贺京','010-63723319/13717779885',1,NULL,1,NULL,5769),(125,'91110117MA005UUX72','北京卫京安消防工程有限公司','1540968815','1569427200','北京市平谷区新平西路14号-30','张先生','18518968776',1,NULL,1,NULL,5770),(126,'91110106MA00H9RR7F','北京澳城企业管理有限公司','1541572824','1570032000','北京市房山区长阳天星街1号院16号楼','尉秀婷','18010152636',1,NULL,1,NULL,5773),(127,'9111010679065645XK','北京天运达人力资源管理顾问有限责任公司','1541730754','1570204800','北京市丰台区科学城海鹰路9号综合楼9-22幢2层3号206','李爱红','18612429571,83638598',1,NULL,1,NULL,5775),(128,'91110106600047056P','北京宝隆城房地产开发经营中心','1542003749','1570464000','北京市丰台区科学城帝京路15-D','周承杰','63799958,16619819230',1,NULL,1,NULL,5776),(129,'9111010574470043X2','北京外企人力资源服务有限公司','1542093864','1570550400','北京市朝阳区朝阳门南大街14号','王小夏','85691444',1,NULL,1,NULL,5777),(130,'91110106MA018L1T25','北京悦读慧教育咨询有限公司','1542771006','1571241600','北京市丰台区康辛路19号院8号楼2-01','孔祥平','13552918178',1,NULL,1,NULL,5778),(131,'91110106556856031F','北京潘北昊盛汽车检测有限公司','1542784226','1571241600','北京市丰台区新发地潘家庙518号院','王秀生','13501026416',1,NULL,1,NULL,5780),(132,'91110102676605421P','北京宝林轩酒店管理有限责任公司','1542787310','1555689600','北京市西城区西站南路80号院5号楼','刘蜜','18500347307,63436688-1600',1,NULL,1,NULL,5781),(133,'91110115MA01C1TD7U','北京果联科技有限公司','1542790365','1571241600','北京市大兴区西红门镇寿保庄鸿坤金融谷1号楼102-16A室','武建玲','61288968 ，13810706950',1,NULL,1,NULL,5782),(134,'91110106062792752C','北京金诚久安人力资源服务有限公司','1542857328','1573920000','北京市丰台区丰台北路32院7幢415室','杨经理','13811579341',1,NULL,1,NULL,5783),(135,'91110101673841445C','中青未来（北京）网络科技有限公司','1542869298','1571328000','北京市海淀区京师科技大厦A座15层','黄经理','57380611',1,NULL,1,NULL,5784),(136,'9111010677339294XP','北京北内柴油机有限责任公司','1543299542','1571760000','北京市丰台区大红门六合庄1号','周寅','15910273472  87882880转2008',1,NULL,1,NULL,5785),(137,'91110106592387164J','北京市溢宝荣贸易有限公司','1543386283','1571846400','北京市丰台区丰体北路2号','李妧妧','83661573',1,NULL,1,NULL,5786),(138,'91110000717862580H','北京京港地铁有限公司','1543469408','1571932800','北京市东城区永定门内东街中里9-17号楼3266房间','赵女士','88641188',1,NULL,1,NULL,5787),(139,'91110106MA007CD6X4','北京高杰文化发展有限公司','1543470855','1571932800','北京市丰台区西四环南路72号27楼12层1202室','高老师','13811347231',1,NULL,1,NULL,5788),(140,'91110106089651909Y','国科泰达科技咨询（北京）有限公司','1544146374','1572624000','北京市丰台区长云路2号院27号楼1层26号','许薇薇','18511329757',1,NULL,1,NULL,5790),(141,'91110109554871772Q','苏州雨润发综合超市有限公司北京分公司','1545201964','1573660800','北京市丰台区首经贸地铁B口雨润发超市','郭超','13401151386，63729589',1,NULL,1,NULL,5791),(142,'91110108L68795578G','北京田村路金象大药房有限公司','1545209668','1573660800','北京市海淀区田村路43号环京现代物流设施项目A-1F-113','张女士','13683134140',1,NULL,1,NULL,5792),(143,'91110106MA001BLB64','北京康健瑞齐宁生物科技开发有限公司','1545889376','1574352000','北京市丰台区马家堡东路106号2号楼13A17','齐艳','58030293',1,NULL,1,NULL,5794),(144,'52110106MJ0274561W','北京市丰台区高娃钢琴艺术幼儿园','1547084489','1575561600','北京市丰台区小屯路１４９号','赵翠竹','51142290 13436304317',1,NULL,1,NULL,5795),(145,'91110115688396719Y','北京智德英才企业管理咨询有限公司','1547455984','1575907200','北京市大兴区黄村镇兴华大街(三段)1号楼51幢1层101室','李先生','60281062',1,NULL,1,NULL,5796),(146,'91110106565843881G','北京金源利达物业管理有限公司','1547536472','1601913600','北京市丰台区靛厂商业街2号楼5层515','薄利芳','68265801-632,13810785144',1,NULL,1,NULL,5797),(147,'91110106683595145H','北京祥瑞驰通汽车销售有限公司','1547793594','1576252800','北京市丰台区南四环西路66-1号','祖新书','63335538',1,NULL,1,NULL,5798),(148,'91110115MA0196GF85','北京海洋风餐饮有限公司','1548036735','1576512000','北京市丰台区花乡街道诺德中心三期13号楼西侧二层点稻日料','薛鹏','13810773984',1,NULL,1,NULL,5799),(149,'9111010668514943X4','北京中铁第一太平物业服务有限公司','1548037694','1602432000','北京市丰台区广安路15号926室','权菲','13811193305',1,NULL,1,NULL,5800),(150,'91110108101140088B','北京天鸿宝地物业管理经营有限公司','1548911747','1577376000','北京市海淀区恩济花园13号楼五层','史静','88121080',1,NULL,1,NULL,5801),(151,'91110106563687037T','北京京大发基业空调配件有限公司','1549957924','1578412800','北京市丰台区北岗洼甲1号','任小留','18910931426',1,NULL,1,NULL,5802),(152,'911101067226170105','北京上汽首创上海大众汽车维修有限公司','1550111865','1604505600','北京市丰台区丰台北路12号','朱丹霓','63809013；18500080105',1,NULL,1,NULL,5803),(153,'91110117700339582J','北京冠华英才国际经济技术有限公司','1550123064','1578585600','北京市平谷区平谷北街甲15号院2号1层101','董悦','13401129748',1,NULL,1,NULL,5804),(154,'91110108746728209N','北京奥林联诚能源设备有限公司','1550123591','1578585600','海淀区永定路长银大厦10C05室','人事部','58896105',1,NULL,1,NULL,5805),(155,'911101067990144453','北京仁诚国际建设工程有限公司','1550476008','1578931200','北京市丰台区科技园富丰路4号工商联科技大厦4层04B01室','魏改丽','18910075176,18612003290,63785266',1,NULL,1,NULL,5806),(156,'91110117766297477A','北京中铁富红保洁服务有限责任公司','1550478776','1578931200','丰台区万科紫台6号楼2单元202','陈小龙','15810561552',1,NULL,1,NULL,5807),(157,'91110106MA007CLL3R','聚才引智（北京）劳务服务有限公司','1550542443','1579017600','北京市丰台区西四环南路35号中都科技大厦527','王雨桐','63813443   15101052470',1,NULL,1,NULL,5808),(158,'91110106358301203U','北京中认泰华酒店管理有限公司','1550559829','1579017600','北京市丰台区益辰欣园10号楼1至4层10-2','王春艳','83790809-8101',1,NULL,1,NULL,5809),(159,'9111010810196209X0','北京中际北视物业管理有限公司','1550628728','1579104000','北京市海淀区车公庄西路32号','高玉霞','88304111；13911077210',1,NULL,1,NULL,5810),(160,'91110106679615019W','北京天一辉远生物科技有限公司','1550645659','1579104000','北京市丰台区科学城航丰路8号417室(园区)','崔鑫','18513379064',1,NULL,1,NULL,5811),(161,'91110302MA004NQM7F','北京众合创兴经贸有限公司','1550646514','1579104000','北京市北京经济技术开发区荣华中路8号院13号楼12层','张萌','13810971627',1,NULL,1,NULL,5812),(162,'91110106700100408U','北京市广源佳业商贸有限公司','1550650771','1579104000','北京市丰台区丰管路16号7号楼3019','袁超','63816842；13911266378',1,NULL,1,NULL,5813),(163,'91110106MA01AKYB3M','北京乐众旅行社有限公司','1550804850','1579276800','北京市丰台区航丰路1号院2号楼18层1815室','王洁颖','13601386584',1,NULL,1,NULL,5814),(164,'91110105MA01CPYAX3','北京辰威昱晟科技发展有限公司','1550817998','1579276800','北京市朝阳区广渠门大街15号楼5号','王勇','13901091326',1,NULL,1,NULL,5815),(165,'911101028013932894','北京泰元坊茶艺馆','1550820218','1579276800','北京市西城区护国寺街85号11幢201','马腾','83286299,18701574223',1,NULL,1,NULL,5816),(166,'91110107MA01GFP64U','北京伯仲盛达文化发展有限公司','1551059533','1579536000','北京市石景山区实兴大街7号2幢1层2226号','李忠','13651261235',1,NULL,1,NULL,5817),(167,'91110107717727418A','北京金银建科技发展有限公司','1551071176','1579536000','北京市石景山区八大处高科技园区西井路3号3号楼1378室','贺女士','63771793',1,NULL,1,NULL,5818),(168,'91110106102186088Y','北京国润酒店管理有限公司','1551146063','1579622400','北京市丰台区西四环南路46号国润商务大厦B座812室','程女士','63816666-6308、63821216',1,NULL,1,NULL,5819),(169,'91110106700082801N','北京宏华佳业科工贸有限公司','1551153133','1579622400','北京市丰台区王佐镇沙锅村侯家峪村西','康自由','13718266302',1,NULL,1,NULL,5820),(170,'91110109MA00E4BH3B','北京昊诚懿德养老服务有限公司','1551169282','1553702400','北京市门头沟区杨坨粮库院内CZ0044室','刘光鹏','18201698756，010-60320502',1,NULL,1,NULL,5821);
/*!40000 ALTER TABLE `vp_zj_company` ENABLE KEYS */;
UNLOCK TABLES;

--
-- Table structure for table `vp_zj_job`
--

DROP TABLE IF EXISTS `vp_zj_job`;
/*!40101 SET @saved_cs_client     = @@character_set_client */;
/*!40101 SET character_set_client = utf8 */;
CREATE TABLE `vp_zj_job` (
  `zj_job_id` int(32) NOT NULL AUTO_INCREMENT,
  `job_name` varchar(32) DEFAULT NULL,
  `age` varchar(32) DEFAULT NULL,
  `education` varchar(32) DEFAULT NULL,
  `address` varchar(255) DEFAULT NULL,
  `comments` mediumtext,
  `is_show` int(32) DEFAULT '1',
  `create_time` varchar(32) DEFAULT NULL,
  `due_time` varchar(32) DEFAULT NULL,
  `origin` int(32) DEFAULT NULL,
  `zj_company_id` int(32) DEFAULT NULL,
  `working_life` varchar(32) DEFAULT NULL,
  `money` varchar(32) DEFAULT NULL,
  `nature` varchar(32) DEFAULT NULL,
  `category_id` int(32) DEFAULT NULL,
  PRIMARY KEY (`zj_job_id`)
) ENGINE=InnoDB AUTO_INCREMENT=508 DEFAULT CHARSET=utf8;
/*!40101 SET character_set_client = @saved_cs_client */;

--
-- Dumping data for table `vp_zj_job`
--

LOCK TABLES `vp_zj_job` WRITE;
/*!40000 ALTER TABLE `vp_zj_job` DISABLE KEYS */;
INSERT INTO `vp_zj_job` VALUES (1,'保洁','55','初中','丰台南路 角门 刘家窑','保洁，性别不限，55岁以内，月薪2500以上，五险，双休，负责自行车巡视保洁',1,'1519716462','1548172800',NULL,1,NULL,'2500',NULL,NULL),(2,'自行车维修员','55','初中','丰台南路 角门 刘家窑','自行车维修员，男，55岁以内，月薪2500以上，五险，双休，负责维修自行车',1,'1519716723','1558540800',NULL,1,NULL,'2500',NULL,NULL),(3,'自行车调度员','55','初中','丰台南路 角门 刘家窑','自行车调度员，男，55岁以内，月薪2500以上，五险，上一休一，负责搬运自行车',1,'1519716761','1548172800',NULL,1,NULL,'2500',NULL,NULL),(4,'平面设计','20-45','大专','丰台科技园','平面设计，20-45岁，大专以上学历，包吃住，五险，单休，月薪4000-6000元。\n职位描述\n1.熟练使用adobe相关软件，会制作pdf文件，能够操作Photoshop、Illustrator 、InDesign、CorelDRAW 等软件者优先；\n2.有快印行业操作经验、有数码印刷机、复印机的使用经验，有彩色数码印刷机使用经验优先高薪录用；\n3.工作热情积极、细致耐心，服务意识强，具有良好的沟通能力，性格开朗。\n4.能适应加班倒班等作息时间。 每周休息一天。\n任职资格：\n5、计算机等相关专业；\n6、',1,'1521526281','1524067200',NULL,2,NULL,'4000-6000',NULL,NULL),(5,'排版设计制作','20-45','大专','丰台科技园','排版设计制作，20-45岁，大专以上学历，包吃住，五险，单休，月薪4000-6000。\n1、根据主管制定的排版样式和进度表，完成排版任务；\n2、使用\\photoshop\\word\\pagemaker\\illustrator\\freehand等排版软件进行图文排版，并进行版面校对；\n3、参加业务培训，参与排版流程优化和技术改进；\n4、协助完成封面设计、版式设计和相关文图的修改。\n任职资格：\n1、平面设计、计算机等相关专业\n2、最好有印刷排版领域从业经验，具备一定的印前及印刷知识；\n3、了解相关操作流程，熟练',1,'1521526455','1524067200',NULL,2,NULL,'4000-6000',NULL,NULL),(6,'行政前台','20-45','大专','丰台科技园','行政前台，20-45岁，大专以上学历，包吃住，五险，单休，月薪4000元。职位描述负责前台的接待工作，接听电话，文件管理，各部门的沟通和协调，上传下达等事宜，协助经理处理日常的事务，输入登记资料于电脑接待系统，任职资格：性别女，五官端正，身体健康，普通话标准，有一定的语言表达和沟通能力。工作时间：白班： 上午8：30点——晚上6点；每周单休 ，节假日及国家法定假日正常休息薪资待遇：试用期:试用期一个月80开工资、试用期过后：无责任底薪4000元 工作餐 全勤奖 业绩提成 年终奖 包住',1,'1521526698','1524067200',NULL,2,NULL,'4000',NULL,NULL),(7,'政府采购销售','20-45','大专','丰台科技园','政府采购销售，20-45岁，大专以上学历，包吃住，单休，月薪3000加提成。\n岗位职责：\n1、公司产品的推广以及销售工作；\n2、负责客户的维护与管理工作并与其建立良好的合作关系；\n3、及时收集并反馈客户信息和市场情况 ；\n4、根据公司营销计划，按时完成销售任务；\n5、树立公司良好形象，对公司业务秘密做到保密； 任职要求： 具有较强的沟通、组织、  协调能力；\n6、维护政府采购客户、销售公司代理产品\n任职资格：\n1、大专以上学历，能够承担工作压力，学习能力强,能独立完成本职工作。\n2、主动挖掘政采市场需求，',1,'1521526787','1524067200',NULL,2,NULL,'3000 提成',NULL,NULL),(8,'店面营业员','20-35','高中','丰台科技园','店面营业员岗位描述：1、负责店铺的销售、陈列等，为顾客提供良好的服务；2、协助店铺的日常营运工作；3、熟悉门店相关产品的相关知识和销售流程；4、保障公司业务的正常操作，完成领导所交代的任务；岗位要求：1、年龄：20-35岁，性别不限。有办公用品行业经验优先，待遇可提高。2、具有良好的沟通技巧、服务意识和销售意识3、形象较好、诚实、开朗、有高度的工作责任心工作时间：白班： 上午8：30点——晚上6点；每周单休 ，节假日及国家法定假日正常休息薪资待遇：试用期:试用期一个月80开工资、试用期过后：无责任底薪30',1,'1521530648','1524067200',NULL,2,NULL,'3000加提成',NULL,NULL),(9,'前期制作','20-35','大专','丰台科技园','前期制作，岗位描述：1、严格执行公司的规章制度和要求。2、根据客户要求，严格按照工作流程调整、制作、输出文件，并严格检查输出质量。3、熟悉各类应用软件，为客户提供简单的文件整理及修改。岗位要求：1、计算机，图文相关专业2、具备较为丰富的图文制作相关软件知道，熟练各种相关输出设备。3、具有较强的工作责任心，良好的服务意识、协调沟通能力、团队协作精神，具有一定的应变能力和处理问题的能力。工作时间：24小时倒班制薪资待遇：无责任底薪4500-6000元 工作餐 全勤奖 提成奖金 年终奖 包住',1,'1521595809','1524153600',NULL,2,NULL,'4000-6000',NULL,NULL),(10,'电子商务','20-35','大专','窦店镇','电子商务，岗位描述：1、负责公司网站维护与更新，公司网站整体推广与公司形象再互联网上宣传。2、熟悉网络营销模式，在线营销管理，有创造性的开展电子商务活动，构建企业商务平台。3、负责网站产品的内容编辑和新品录入，使商品展示内容丰富化，品牌化。4、主动跟踪物流信息，及时处理异常情况。岗位要求：1、有电商平台或者淘宝电子商务相关工作经验。2、熟练掌握电脑操作及简单的PS。3、踏实勤奋，积极主动，擅长沟通，责任心强，有团队合作精神。工作时间： 上午8：30点——晚上5:30点；双休 ，节假日及国家法定假日正常休息',1,'1521595933','1524153600',NULL,2,NULL,'3000',NULL,NULL),(11,'销售业务员','20-35','大专','窦店镇','销售业务员岗位描述：1、协助销售经理完成当月销售业绩。2、维护老客户，拓展新客户，扩大销售客户群，提升销售业绩。3、掌握订单配送进度，当出现异常时竟可能协助其他部门解决问题，及时安排出货及跟踪货款回收情况。4、完成领导安排的事宜。岗位要求：1、具有一定的沟通能力，能解答客户提出的问题。2、稳重、踏实、对突发事件有随机应变能力。3、能独立面谈客户，以及跟进后续事宜，4、会开车，限男性20-45岁工作时间： 上午8：30点——晚上5:30点；双休 ，节假日及国家法定假日正常休息试用期:试用期一个月2000无提',1,'1521596068','1560441600',NULL,2,NULL,'2000 提成',NULL,NULL),(12,'维修人员','18-45','中专','五里店','维修人员，男性，18-45岁，中专以上学历，月薪3000-3500元。提供住宿，有饭补。综合工时。有电工本的优先，有工作经验的优先。',1,'1522035537','1550505600',NULL,3,NULL,'3000-3500',NULL,NULL),(13,'销售','18-50','初中','南三环','销售，20人，性别不限，18至50岁，初中以上学历，月薪6000至16000元，五险，双休，负责开发客户',1,'1522811889','1525363200',NULL,4,NULL,'6000-16000',NULL,NULL),(14,'销售助理','20-28','初中','南三环','销售助理，性别不限，20至28岁，初中以上学历，月薪4000至6000元，负责客户服务与售后服，订单审核，五险，双休',1,'1522811953','1561651200',NULL,4,NULL,'4000-6000',NULL,NULL),(15,'行政文员','25-60','大专','海淀区','行政文员，性别不限，大专以上学历，25-60岁。负责办公室内工作，要求有三年以上工作经验。单位上五险，双休，月薪5000',1,'1522815125','1551283200',NULL,5,NULL,'5000',NULL,NULL),(16,'咨询、认证人员','25-60','大专','海淀区','咨询、认证人员，性别不限，25-60岁，大专以上学历，月薪3000元以上。要求有相关认证、咨询工作经验。',1,'1522815188','1525363200',NULL,5,NULL,'3000',NULL,NULL),(17,'司机','18-55','初中','大井','司机，男，18至55岁，初中以上学历，月薪5000至7000元，五险，周休两天，8小时工作制，需要持有A1驾驶本并通过实习期，负责开客车，开旅游车',1,'1523409241','1544976000',NULL,6,NULL,'5000-7000',NULL,NULL),(18,'销售','18-40','高中','大井','销售，性别不限，18至40岁，高中以上学历，月薪4000至6000，五险一金，双休，8小时工作制，负责联系企业售卖公车路线',1,'1523409273','1534608000',NULL,6,NULL,'4000-6000',NULL,NULL),(19,'技术工人','18-40','中专','就近分配','技术工人，性别不限，18至40岁，中专以上学历，月薪4000至6000元，月休10天，倒班，要求有电工本，电梯本其一',1,'1523843702','1552320000',NULL,7,NULL,'4000-6000',NULL,NULL),(20,'服务员','18-35','初中','马连道','服务员，性别不限，18至35岁，初中以上学历，月薪3500至4200，五险，包吃住，月休4天',1,'1523846509','1552320000',NULL,8,NULL,'3500-4200',NULL,NULL),(21,'操作工','18-45','初中','老庄子','操作工，性别不限，18至45岁，初中以上学历，月薪4000至5000元，五险一金，包吃，周休俩天，负责环保小型设施的操作',1,'1523847576','1526400000',NULL,9,NULL,'4000-5000',NULL,NULL),(22,'维修工','18-45','初中','老庄子','维修工，性别不限，18至45岁，初中以上学历，月薪4000至5000元，五险一金，包吃，周休俩天，负责环保小型设施的维修',1,'1523847601','1552320000',NULL,9,NULL,'4000-5000',NULL,NULL),(23,'区域销售经理','25-45','本科','东三环中路','区域销售经理，性别不限，25至45岁，本科以上学历，月薪20000至22000元，五险一金，双休，年假，奖金，负责本区域业绩指标',1,'1523861775','1526400000',NULL,10,NULL,'20000-22000',NULL,NULL),(24,'营业部经理','25-45','大专','东三环中路','营业部经理，性别不限，25至45岁，大专以上学历，月薪10000至12000元，五险一金，双休，节假日，奖金，负责营业部招募，业绩，管理等工作',1,'1523861940','1526400000',NULL,10,NULL,'10000-12000',NULL,NULL),(25,'业务经理','25-45','大专','东三环中路','业务经理，性别不限，大专以上学历，月薪6500至7000元，五险一金，双休，节假日，奖金，负责团队建设，部门业绩与管理',1,'1523861976','1526400000',NULL,10,NULL,'6500-7000',NULL,NULL),(26,'销售顾问','25-45','中专','东三环中路','销售顾问，性别不限，25至45岁，中专以上学历，月薪3300至3500元，提成，五险，双休，节假日，奖金，负责完成业绩',1,'1523862006','1552320000',NULL,10,NULL,'3300-3500',NULL,NULL),(27,'商场手机专卖店营业员','18-35','初中','就近分配','营业员，性别不限，18至35岁，初中以上学历，月薪4000至8000元，五险，单休，加班补助，提成8至20，负责销售，维护店内等相关事宜',1,'1524032980','1552492800',NULL,11,NULL,'4000-8000',NULL,NULL),(28,'美工','18-30','大专','北大街','美工，性别不限，18至30岁，大专以上学历，月薪4000至6000元，五险，包吃，负责网点的美工，要求平面设计专业',1,'1524470914','1552924800',NULL,12,NULL,'4000-6000',NULL,NULL),(29,'销售','18-35','中专','大红门','销售，性别不限，18至35岁，中专以上学历，月薪2500至3500元，五险一金，包住，饭补，绩效奖金，双休，负责通过电话、网络销售车险',1,'1524554786','1553011200',NULL,13,NULL,'2500-3500',NULL,NULL),(30,'售后服务','20-35','本科','西洪泰庄','售后服务，4人，男性，35岁，本科以上学历，有驾照，北京路况熟悉，普通话标准，有较强的语言表达能力，负责门店所辖车辆的汽车租赁业务接待和手续办理。负责客户维护，定期电话或上门回访客户。负责租赁后的客户服务工作。3500加提成。双休，有食堂，五险一金，朝九晚五。',1,'1524644034','1553097600',NULL,14,NULL,'3500+提成',NULL,NULL),(31,'接线员','20-35','大专','铁营街道、王佐乡','接线员，性别不限，20至35岁，大专以上学历，月薪2800至3800元，五险，双休，负责接打电话，收集信息，上传下达。地点在铁营街道、王佐乡政府。',1,'1524731010','1553184000',NULL,15,NULL,'2800-4000',NULL,NULL),(32,'汽车驾驶员','18-45','初中','草桥','初中及以上学历，持有B2、A1或A2机动车驾驶证中的一种，身体健康，年龄原则上45岁以下，特别优秀的可适当放宽1~2岁。综合工时制，平均每周上5天8小时，加班有加班费，上五险，可提供住宿，有物美价廉的食堂，每天给15元饭补。工作内容主要为运输生活垃圾、餐厨垃圾、粪便、医疗垃圾等。4000~6000，月基本工资2300元 1650~2000元月奖金 环卫补助22元/天，另外，劳保用品400元/季度，有年终奖。',1,'1524801767','1527350400',NULL,16,NULL,'4000-6000',NULL,NULL),(33,'市场专员','20-40','大专','科技园区','市场专员，大专学历，有一年以上工作经验，有线下活动展会组织经验，有微信运营经验优先，公司提供住宿和餐补，提供六险一金，月均工资4000-6000元，有带薪休假、过节费、生日劵、免费体检等福利',1,'1524878766','1527436800',NULL,17,NULL,'4000-6000',NULL,NULL),(34,'质量管理员','18-35','中专','科技园区','熟练使用显微镜、镊子等工作，从事质量控制工作，     公司提供住宿和餐补，提供六险一金，月均工资4000-6000元，有带薪休假、过节费、生日劵、免费体检等福利',1,'1524878817','1527436800',NULL,17,NULL,'4000-6000',NULL,NULL),(35,'操作员','18-35','中专','科技园区','电子机械等相关专业中专学历，能上夜班。公司提供住宿和餐补，提供六险一金，月均工资4000-6000元，有带薪休假、过节费、生日劵、免费体检等福利',1,'1524878899','1553356800',NULL,17,NULL,'4000-6000',NULL,NULL),(36,'高压电工','18-45','初中','草桥','初中及以上学历，持有高压电工本，身体健康，年龄原则上45岁以下，特别优秀的可适当放宽1~2岁。 综合工时制，平均每周上5天8小时，加班有加班费，上五险，可提供住宿，有物美价廉的食堂，每天给15元饭补。工作内容主要为电气设备的维护。',1,'1524879679','1527436800',NULL,16,NULL,'4000',NULL,NULL),(37,'锅炉工','18-45','初中','草桥','初中及以上学历，持有G2或G3司炉证，身体健康，年龄原则上45岁以下，特别优秀的可适当放宽1~2岁。综合工时制，平均每周上5天8小时，加班有加班费，上五险，可提供住宿，有物美价廉的食堂，每天给15元饭补。工作内容主要为采暖季烧锅炉，非采暖季做一些简单的场内绿化工作。',1,'1524879767','1527436800',NULL,16,NULL,'3000-4000',NULL,NULL),(38,'机修钳工','18-45','初中','草桥','初中及以上学历，通晓机械方面知识，身体健康，年龄原则上45岁以下，特别优秀的可适当放宽1~2岁。综合工时制，平均每周上5天8小时，加班有加班费，上五险，可提供住宿，有物美价廉的食堂，每天给15元饭补。负责所有设备的保养工作：1. 每天巡视所有设施，并观察其运行状态2. 负责所有设备的登记造册工作3. 负责设备的日保养工作，对旋转设备勤加润滑油4. 负责对设备的检修工作5. 负责设备故障申报',1,'1524879950','1553356800',NULL,16,NULL,'4000-6000',NULL,NULL),(39,'洗碗工','30-40','初中','丰台区','洗碗工，男女不限，30-40岁，初中以上，1年以上工作经验，无前科，3000-4000元',1,'1525240248','1527782400',NULL,18,NULL,'3000-4000',NULL,NULL),(40,'餐厅经理','20-45','初中','丰台区','餐厅经理，女性，35岁以下，8000。餐厅领班，女，22-40岁，2年以上工作经验，4500。餐厅主管，女，25-40岁，2年以上工作经验，6000。酒店前厅主管，20-40岁，男身高1.70米以上；女身高1.60米以上，有2年以上相同职位工作经验，无前科，5000-5500',1,'1525241014','1527782400',NULL,18,NULL,'4500-8000',NULL,NULL),(41,'电气工程技术员','18-40','大专','北京、武汉、上海、广州、郑州、西安等地','电气工程技术员，18-40岁，中专及以上学历，电气、电子类相关专业，能适应长期出差',1,'1525241345','1527782400',NULL,19,NULL,'4500-7000',NULL,NULL),(42,'产品经理','22-35','大专','成都','产品经理，22-35岁，本科及以上学历，电子或通信类理工科相关专业，英语四级以上，英语六级优先。能承受较大的工作压力，能接受短期出差；思维清晰，有较强的沟通协调理解能力。',1,'1525241451','1527782400',NULL,19,NULL,'5500-15000',NULL,NULL),(43,'数据挖掘算法工程师','22-40','本科以上','成都','数据挖掘算法工程师，22-40岁，硕士及以上学历，数学或计算机相关专业，掌握数据挖掘技术和相关机器学习算法技术，掌握基本的数据结构和算法，具有良好的数学基础，具有较强的专业英语读写能力。',1,'1525241559','1527782400',NULL,19,NULL,'7000-23000',NULL,NULL),(44,'机械设计工程师','22-40','本科','成都','机械设计工程师，22-40岁，机械设计、机械自动化相关专业本科及以上学历；',1,'1525241610','1527782400',NULL,19,NULL,'7000-15000',NULL,NULL),(45,'电气设计工程师','22-40','本科','成都','电气设计工程师，22-40岁，月薪7000-16000元，电气设计、电力自动化、机电一体化专业本科及以上学历，3年以上非标设备的电气设计经验（方案、电气图、PLC程序、人机界面设计），1年以上项目管理经验。',1,'1525241665','1527782400',NULL,19,NULL,'7000-14000',NULL,NULL),(46,'JAVA工程师','22-40','本科','成都','JAVA工程师，22-40岁，本科及以上学历，计算机软件工程及相关专业，2年及以上JAVA开发经验。',1,'1525242098','1527782400',NULL,19,NULL,'7000-15000',NULL,NULL),(47,'C++工程师','22-40','本科','成都','C++工程师，22-40岁，本科及以上学历，计算机软件工程及相关专业，2年及以上C/C  开发经验。',1,'1525242165','1527782400',NULL,19,NULL,'7000-14000',NULL,NULL),(48,'电子硬件工程师','22-40','本科以上','丰台区南四环西路188号','电子硬件工程师，22-40岁，硕士以上学历，电子工程相关专业（电子、自动化、仪器等）。',1,'1525242232','1527782400',NULL,19,NULL,'8000-16000',NULL,NULL),(49,'信号处理算法工程师','22-40','本科以上','丰台区南四环西路188号','信号处理算法工程师，22-40岁，硕士及以上学历，英文6级以上，信号处理技术相关专业（电子信息、信号处理、通信等）。具有良好英语文献调研、阅读和交流能力.',1,'1525242324','1553702400',NULL,19,NULL,'8000-16000',NULL,NULL),(50,'酒店前厅接待','20-40','初中','丰台区','酒店前厅接待，20-40岁，男身高1.70米以上；女身高1.60米以上，无前科，3200-4000。酒店预定员，20-40岁，高中及以上，有经验优先，3000-3500。酒店客房服务员，20-45周岁，掌握客房服务操作规程、清洁用具的使用方法和维修保养知识，2900 提成',1,'1525242493','1527782400',NULL,18,NULL,'3200-4000',NULL,NULL),(51,'餐厅服务员','18-40','中专','丰台区','餐厅服务员，男女不限，18-40岁，中专及以上学历，1年以上工作经验，无前科，3500-3800。餐厅传菜员，男女不限，18-40岁，中专及以上学历，1年以上工作经验，无前科，3800。餐厅领位，男女不限，18-30岁，中专及以上学历，1年以上工作经验，无前科，4000。',1,'1525243143','1527782400',NULL,18,NULL,'3500',NULL,NULL),(52,'厨师','18-50','初中','丰台区','湘菜厨师，男性，50岁以下，初中以上，3年酒店行业工作经验，7000。面点，男性，50岁以下，初中以上，3年酒店行业工作经验，4500-8000。凉菜厨师，男性，50岁以下，初中以上，3年酒店行业工作经验，4500-8000。上什，男性，50岁以下，初中以上，3年酒店行业工作经验，4000-7000。水台，男性，50岁以下，初中以上，3年酒店行业工作经验，4000-5000。占板，男性，50岁以下，初中以上，3年酒店行业工作经验，3500-7000。',1,'1525244202','1553702400',NULL,18,NULL,'4000-8000',NULL,NULL),(53,'综合维修','18-45','初中','白纸坊','综合维修，18—45岁，有相关操作证者，外埠优先（提供住宿），写字楼、小区物业工作经验2年以上。2800--3500。双休、8小时工作制，提供食宿',1,'1525246158','1527782400',NULL,20,NULL,'2800-3500',NULL,NULL),(54,'高压电工','25-45','初中','白纸坊','高压、低压电工、空调工，25-45岁，有高压、低压运行操作证书，写字楼、小区工作经验5年以上。2800-3800。双休、8小时工作制，提供食宿',1,'1525246242','1527782400',NULL,20,NULL,'2800-3800',NULL,NULL),(55,'中控员','25-45','初中','白纸坊','中控值机员，25-45岁，有中控值机证书，写字楼、小区工作经验2年以上。2800-3000。双休、8小时工作制，提供食宿',1,'1525246321','1527782400',NULL,20,NULL,'2800-3000',NULL,NULL),(56,'会议服务员','18-30','初中','白纸坊','会议服务员，18-30岁，女性，形象气质佳，身高1.60m或以上，有会议服务、餐饮服务、客房服务经验者优先.2800--3000。双休、8小时工作制，提供食宿',1,'1525246377','1527782400',NULL,20,NULL,'2800-3000',NULL,NULL),(57,'客服员','30-45','初中','白纸坊','客服员，30-45岁，女性，有小区工作经验，电脑操作熟练。2500-3000.双休、8小时工作制，提供食宿',1,'1525246485','1553702400',NULL,20,NULL,'2500-3000',NULL,NULL),(58,'前台','20-28','大专','丰台区郭公庄中街','前台，女性，20-28岁，大专以上学历，月薪4000-6000元。形象气质好，身高165以上，试用期后上五险，提供住宿，周末双休，上五险，8小时工作制',1,'1525742118','1554220800',NULL,21,NULL,'4000-6000',NULL,NULL),(59,'招聘专员','20-32','大专','丰台区郭公庄中街','招聘专员，20-32岁，大专以上学历，人力资源相关专业，月薪4000-8000元，试用期后上五险，提供住宿，周末双休，8小时工作制',1,'1525742212','1554220800',NULL,21,NULL,'4000-8000',NULL,NULL),(60,'地铁维护技术员','18-45','中专','地铁14号线','地铁维护技术员，18-45岁，中专以上学历，月薪3000-4000元，倒班制白夜休休',1,'1525743273','1554220800',NULL,22,NULL,'3000-4000',NULL,NULL),(61,'销售顾问','20-40','高中','花乡奥莱','销售顾问，从事高端家居销售工作，有相关经验优先，适应倒班，每天工作8小时，单位负责五险一金。 基本工资（保底工资）3500-4000元 绩效奖金 饭补车补。每天工作8小时，保证每周休息两天。',1,'1525744155','1554220800',NULL,23,NULL,'3500+提成',NULL,NULL),(62,'电工','18-45','高中','花乡大葆台','电工12名，男性，年龄45岁以上，有相关操作证书和工作经验，有高压电工本优先。不提供食宿。报名时本人带身份证、毕业证、操作证、近期一寸照片一张，简历到世界公园面试。',1,'1525744381','1554220800',NULL,24,NULL,'3800-4800',NULL,NULL),(63,'电商维护','20-55','大专','玉林里','电商维护，性别不限，20至55岁，大专以上学历，月薪3500至4000元，负责网店日常维护，五险，单休',1,'1525937008','1528473600',NULL,25,NULL,'3500至4000',NULL,NULL),(64,'平面设计','25-40','大专','玉林里','平面设计，性别不限，25至40岁，大专以上学历，月薪5000元以上，负责网店美化与产品设计，两年以上工作经验，五险，单休',1,'1525937110','1528473600',NULL,25,NULL,'5000',NULL,NULL),(65,'产品销售','23-50','大专','玉林里','产品销售，性别不限，23至50岁，大专以上学历，月薪3500至8000元，负责母婴产品销售，五险，单休',1,'1525937211','1554393600',NULL,25,NULL,'3500-8000',NULL,NULL),(66,'文员','18-35','大专','科创十三街','文员，性别不限，18至35岁，大专以上学历，月薪4000至6000，负责业务对接，五险，补助，双休',1,'1526008364','1528560000',NULL,26,NULL,'4000-6000',NULL,NULL),(67,'司机','25-45','初中','高米店','司机，男，25至45岁，初中以上学历，月薪5000，负责开厢式货车，五险，有食堂，包住，C1本以上',1,'1526008435','1554480000',NULL,26,NULL,'5000',NULL,NULL),(68,'库管','20-40','高中','张仪村、樊羊路','库管3人，40岁以下，高中以上学历，月薪3420元加绩效，每周休息一天，工作时间8：30-17：00.',1,'1526270079','1554739200',NULL,27,NULL,'3420',NULL,NULL),(69,'前台','20-33','高中','张仪村、樊羊路','前台2人，35岁以下，高中以上学历，月薪3420元加绩效，每周休息一天，工作时间8：30-17：00.',1,'1526270219','1528819200',NULL,27,NULL,'3420',NULL,NULL),(70,'销售专员','20-35','初中','右安门外','销售专员，性别不限，20-35岁，月薪4000-6000元。双休，食宿自理，五险一金，早9：00到晚5：30',1,'1526354387','1528905600',NULL,28,NULL,'4000-6000',NULL,NULL),(71,'维修工','25-45','初中','右安门外','综合维修工，男性，25-45岁，月薪5000-8000元。双休，食宿自理，五险一金，早9：00到晚5：30.有电工本，有焊工证，有制冷证的优先。负责设备的维修以及安装',1,'1526354565','1554825600',NULL,28,NULL,'5000-8000',NULL,NULL),(72,'站务员','18-30','中专','8号线南段','站务员100名，性别不限，18-30岁，中专以上学历，月薪3500-4500元，要求本市非农业户口，女性162CM以上，男性172CM以上，单位上五险一金，试用期半年，综合工时制，每月167小时（有夜班）',1,'1526437087','1554912000',NULL,29,NULL,'3500-4500',NULL,NULL),(73,'行政专员','20-45','大专','丰台区新村一里','行政专员，20-45岁，大专以上学历，月薪3300-3800元，工资根据职称或职业资格定，详细面谈，五险，周末双休.负责公司人员社保及工作居住证的维护和管理工作；负责外省备案（住建委）并开具出京介绍信和诚信证明；负责办公室办公环境及对外接待等日常的维护和管理工作，对公司员工进行日常考勤及合作项目登记工作；负责保管和维护公司的资质及各种相关证件以及登记使用等工作，协助技术部门与投标相关的各项工作等.',1,'1526448526','1528992000',NULL,30,NULL,'3300-3800',NULL,NULL),(74,'出纳','25-45','大专','丰台区新村一里','出纳，25-45岁，女性，大专以上学历，月薪3000-3500元，有会计从业资格证。周末双休，五险，工资根据职称和职业资格定，详细面谈.每月定期到银行打印回单及明细账单，做好回单及账单的收集和保管；每月到银行的个税缴纳或提现等工作,月末负责盘清库存现金，核对现金日记账，按规定保管现金，保证库存现金及有价证券的安全，保管好各种空白支票、票据、印鉴及网银U盾；,记账凭证报销内容收付现金，按公司规定每日做好现金日记账和银行日记账.',1,'1526448647','1554912000',NULL,30,NULL,'3000-3500',NULL,NULL),(75,'行政人事助理','20-40','初中','丰体时代大厦','行政人事助理，人力资源相关专业，有经验者优先，日常考勤，办公用品采购及发放及员工福利报销，会议场地联系等，年终奖 双休 带薪年假 节日礼 生日礼 五险 团建活动 员工旅游，朝8:30晚5:30 周末双休，国家法定节假日。底薪3000 绩效奖',1,'1526449908','1528992000',NULL,31,NULL,'3000',NULL,NULL),(76,'项目部客服专员','20-40','初中','丰体时代大厦','项目部客服专员，专业不限，负责客户资料归档联系等，年终奖 双休 带薪年假 节日礼 生日礼 五险 团建活动 员工旅游，朝8:30晚5:30 周末双休，国家法定节假日。底薪3000 绩效',1,'1526450065','1528992000',NULL,31,NULL,'3000',NULL,NULL),(77,'知识产权顾问','20-40','大专','丰体时代大厦','知识产权顾问，学历要求：大专以上本科学历，在公司平台接受客户相关咨询，有无经验均可，公司内部带薪培训。（10-30）提成 奖金 年终奖 双休 带薪年假 节日礼 生日礼 五险。朝8:30晚六 周末双休，国家法定节假日。底薪（3200-12000） 提成',1,'1526450137','1528992000',NULL,31,NULL,'3000',NULL,NULL),(78,'电话销售','20-40','大专','丰体时代大厦','电话销售，大专以上本科学历，有无经验均可，公司提供精准客户数据，以电话、网络、信函等方式联络、开发跟进解决客户商标专利版权等知识产权方面问题，公司内部带薪培训。（10-30）提成 奖金 年终奖 双休 带薪年假 节日礼 生日礼 五险。朝8:30晚六 周末双休，国家法定节假日。底薪（3200-12000） 提成',1,'1526450200','1554912000',NULL,31,NULL,'3200',NULL,NULL),(79,'电脑录入员','20-40','高中','马家楼桥','电脑录入员10名，性别不限，高中以上学历，20至40岁，月薪3000至5000元。负责电脑录入，要求打字速度快。单位上五险，提供午餐，工作时间早8：30至晚5：30',1,'1526526871','1529078400',NULL,32,NULL,'3000-5000',NULL,NULL),(80,'保洁','18-55','初中','马家楼桥','保洁3名，女性，55岁以下，月薪2000-3000.单位上五险，提供午餐，工作时间早8：30至晚5：30',1,'1526527282','1529078400',NULL,32,NULL,'2000-3000',NULL,NULL),(81,'厨工','18-45','初中','马家楼桥','厨工，女性，45岁以下，月薪2000-3000元。单位上五险，提供午餐，工作时间早8：30至晚5：30',1,'1526527338','1554998400',NULL,32,NULL,'2000-3000',NULL,NULL),(82,'擦车工','20-40','初中','张仪村、樊羊路','擦车工、挪车员，40岁以下，月薪3420元加绩效，每周休息一天，工作时间8：30-17：00',1,'1526612469','1529164800',NULL,27,NULL,'3420',NULL,NULL),(83,'管理干部','18-45','初中','丰台北大地','管理干部，性别不限，18-45岁，初中以上学历，月薪5000-8000元，月休6天，五险一金，可提供住宿，带薪年假。需具有超市主管工作经验。应届毕业生需本科以上学历；负责卖场内部经营管理工作。',1,'1526615949','1537804800',NULL,33,NULL,'5000-8000',NULL,NULL),(84,'维修工','18-45','初中','丰台北大地','维修工，性别不限，18-45岁，初中以上学历，月薪3000-4000元，月休6天，五险，可提供住宿，带薪年假。负责卖场内设备设施维护',1,'1526616064','1537804800',NULL,33,NULL,'3000-4000',NULL,NULL),(85,'商品防损员','18-45','初中','丰台北大地','防损员，性别不限，18-45岁，初中以上学历，月薪2800-3200元，月休6天，五险，可提供住宿，带薪年假。负责卖场商品和顾客安全。',1,'1526622239','1537804800',NULL,33,NULL,'2800-3200',NULL,NULL),(86,'超市分拣员','18-45','初中','丰台北大地','超市分拣员，性别不限，18-45岁，初中以上学历，月薪2500-6000元，月休6天，五险，可提供住宿，带薪年假。负责网络订单分拣、配单工作。',1,'1526622382','1537804800',NULL,33,NULL,'2500-6000',NULL,NULL),(87,'收银员','18-45','初中','丰台北大地','收银员，性别不限，18-45岁，初中以上学历，月薪2500-3500元，月休6天，五险，可提供住宿，带薪年假。为顾客收银结账。',1,'1526622438','1537804800',NULL,33,NULL,'2500-3500',NULL,NULL),(88,'理货员','18-45','初中','丰台北大地','理货员，性别不限，18-45岁，初中以上学历，月薪2500-3500元，每月休6天，五险，带薪年假，可提供住宿。负责卖场商品上货，补货，整理。',1,'1526622479','1537804800',NULL,33,NULL,'2500-3500',NULL,NULL),(89,'出纳','25-40','大专','宋家庄','出纳1名，女性，25至40岁，大专以上学历，月薪4000至6000元。要求有出纳经验，食宿自理，单位上五险，双休，上班时间朝九晚六',1,'1526633381','1529164800',NULL,34,NULL,'4000-6000',NULL,NULL),(90,'店铺运营','25-35','大专','宋家庄','电商运营1名，性别不限，25至35岁，大专以上学历，月薪8000至10000元。有生鲜类运营经验，负责京东POP店铺运营，食宿自理，单位上五险，双休，上班时间朝九晚六',1,'1526633656','1555084800',NULL,34,NULL,'8000-10000',NULL,NULL),(91,'营业员','18-34','初中','就近分配','营业员10人，女性，18-34岁，月薪3000-5000元。单位上五险，月休2-4天，根据商场的营业时间两班倒。负责兰诺、伶俐等品牌的商品摆货卖货。就近分配',1,'1526886046','1581264000',NULL,35,NULL,'3000-5000',NULL,NULL),(92,'出纳','18-50','高中','葆台路','出纳，18至50岁，性别不限，高中以上学历，月薪3500至6000元，五险，午餐，单休，负责财务相关工作，要求有上岗证',1,'1527131029','1555603200',NULL,36,NULL,'3500-6000',NULL,NULL),(93,'财务','18-45','中专','草桥','财务，性别不限，18至45岁，中专以上学历，月薪3000至6000元，负责财务相关工作，五险，双休',1,'1527145076','1555603200',NULL,37,NULL,'3000-6000',NULL,NULL),(94,'出纳','18-45','中专','草桥','出纳，性别不限，18至45岁，月薪3000至4000元，中专以上学历，负责发票相关工作，五险，双休',1,'1527145115','1529683200',NULL,37,NULL,'3000-4000',NULL,NULL),(95,'库管','18-45','初中','通县','库管，男，18至45岁，初中以上学历，月薪3000至4000元，负责库房管理，五险，包吃住，工作地点通县',1,'1527145142','1529683200',NULL,37,NULL,'3000-4000',NULL,NULL),(96,'客户经理','23-27','本科','十月大厦','客户经理，性别不限，23至27岁，本科以上学历，月薪5000至8000元，五险一金，带薪培训，双休',1,'1527213302','1529769600',NULL,38,NULL,'5000-8000',NULL,NULL),(97,'客服','20-35','大专','十月大厦','客服，性别不限，20至35岁，大专以上学历，月薪5000元，五险一金，带薪培训，双休',1,'1527213326','1555689600',NULL,38,NULL,'5000',NULL,NULL),(98,'前台客服','20-30','中专','小屯','前台客服6名，性别不限，20至30岁，中专以上学历，月薪3000至4000元加提成。户口不限，提供住宿，有餐补，综合工时，每周40小时，五险一金。每月4天休息。早班9点至下午3点，晚班2点半到晚8点半。工作地点：丰台小屯京荟广场',1,'1527221223','1529769600',NULL,39,NULL,'3000-4000',NULL,NULL),(99,'蹦床教练','20-30','中专','小屯','蹦床教练20人，性别不限，20至30岁，中专以上学历，月薪3000至4000加提成。户口不限，提供住宿，有饭补，五险一金，综合工时，每周40小时，每月4天休息。早班9点至下午3点，晚班2点半到晚8点半。工作地点：丰台小屯京荟广场',1,'1527221465','1555689600',NULL,39,NULL,'3000-4000',NULL,NULL),(100,'保洁','16-60','初中','花乡','保洁，性别不限，16至60岁，学历不限，月薪3000至5000元，负责清理卫生，五险，午饭，单休，包住',1,'1527231488','1529769600',NULL,40,NULL,'3000-5000',NULL,NULL),(101,'摄影助理','16-30','初中','花乡','摄影助理，女，16至30岁，学历不限，月薪5000至8000元，负责协助摄影师摄影，五险，午饭，包住，单休',1,'1527231535','1529769600',NULL,40,NULL,'5000-8000',NULL,NULL),(102,'销售','16-35','初中','花乡','销售，性别不限，16至35岁，初中以上学历，月薪5000至10000元，负责销售相片，五险，午饭，包住，单休',1,'1527231564','1555689600',NULL,40,NULL,'5000-10000',NULL,NULL),(103,'前台','16-35','初中','花乡','前台，性别不限，16至35岁，初中以上学历，月薪3000至5000元，负责接待相关工作，五险，午饭，包住，单休',1,'1527231594','1529769600',NULL,40,NULL,'3000-5000',NULL,NULL),(104,'驾驶员','18-50','初中','大灰厂','司机2名，男性，18至50岁，月薪4000至5000元。要求B1本，开10座以上的商务车，户口不限，提供食宿，单位上五险，工作时间早8点至晚5点半，月休两天。负责购买材料、接送人员',1,'1527494926','1530028800',NULL,41,NULL,'4000-5000',NULL,NULL),(105,'执业药师','20-60','大专','大灰厂','执业药师6名，性别不限，20至60岁，大专以上学历，月薪6000元。要求有医药师证，要求有医药经验。单位上五险，单休，提供食宿，早8点到晚5点',1,'1527495426','1555948800',NULL,41,NULL,'6000',NULL,NULL),(106,'平面设计','18-40岁','大专','大灰厂','平面设计人员、多媒体设计制作，2名，男性，18至40岁，大专以上学历，月薪5000元。上五险，单休，提供食宿。负责广告平面设计',1,'1527495822','1530028800',NULL,41,NULL,'5000',NULL,NULL),(107,'医师','20-60','初中','三元桥','医师，性别不限，20至60岁，初中以上学历，月薪8000至30000元，五险，单休，包住，专业性强，有医师证',1,'1527496121','1555948800',NULL,42,NULL,'8000-30000',NULL,NULL),(108,'运营总监','18-40','大专','大灰厂','医药公司运营总监1名，18至40岁，大专以上学历，月薪6000元。负责药品运营销售管理。上五险，提供食宿，单休。',1,'1527496136','1530028800',NULL,41,NULL,'6000',NULL,NULL),(109,'客服','20-50','初中','三元桥','客服，性别不限，20至50岁，学历不限，月薪3000至15000元，五险，包住，有沟通能力',1,'1527496149','1530028800',NULL,42,NULL,'3000-15000',NULL,NULL),(110,'财务审核','18-40','大专','大灰厂','财务审核1名，女性，18至40岁，大专以上学历，月薪4000元。要求有财务经验，有会计证的优先。上五险，提供食宿、单休',1,'1527496298','1530028800',NULL,41,NULL,'4000',NULL,NULL),(111,'会计','22-40','中专','大成路','会计6名，22至40岁，中专以上学历，月薪4000至6000元。提供住宿，五险一金，单休。要求有财务经验，或者本科财务专业毕业（可以无经验）',1,'1527650998','1530201600',NULL,43,NULL,'4000-6000',NULL,NULL),(112,'平面设计','25-40','大专','大成路','平面设计3名，25至40岁，大专以上学历，月薪4000至6000元。包住宿，五险一金，单休，要求平面设计相关专业毕业',1,'1527651241','1530201600',NULL,43,NULL,'4000-6000',NULL,NULL),(113,'区域经理','25-40','中专','大成路','区域经理2名，性别不限，25至40岁，中专以上学历，包住，五险一金，5000至7000元。有销售经理的经历。',1,'1527651415','1530201600',NULL,43,NULL,'5000-7000',NULL,NULL),(114,'文员','22-35','高中','大成路','文员6名，性别不限，22至35岁，高中学历，月薪3500至4000元。包住，五险一金，单休',1,'1527651711','1530201600',NULL,43,NULL,'3500-4000',NULL,NULL),(115,'项目经理','25-30','高中','大成路','项目经理6名，男性，25至30岁，高中以上学历，月薪3500至5000。包住，五险一金，单休，负责在工程项目现场安排工人作业',1,'1527652078','1530201600',NULL,43,NULL,'3500-5000',NULL,NULL),(116,'人事专员','22-35','大专','大成路','人事专员1名，性别不限，22至35岁，专科以上学历，月薪4000至5000元。有相关工作经验，或着人事专业毕业。',1,'1527652324','1556121600',NULL,43,NULL,'4000-5000',NULL,NULL),(117,'影城服务员','18-35','初中','万丰路','影城服务员，性别不限，18至35岁，初中以上学历，月薪3000至4000元，负责影城相关工作，五险一金，单休',1,'1527755160','1556208000',NULL,44,NULL,'3000-4000',NULL,NULL),(118,'文员','25-40','大专','新村','文员，女，25至40岁，大专以上学历，月薪4000至6000元，负责整理合同，投标招标，日常办公室相关工作，五险，双休',1,'1527755257','1530288000',NULL,45,NULL,'4000-6000',NULL,NULL),(119,'销售','25-45','大专','新村','销售，性别不限，25至45岁，大专以上学历，月薪4000至8000元，负责销售工程设备，仪器仪表，五险，双休',1,'1527755281','1556208000',NULL,45,NULL,'4000-8000',NULL,NULL),(120,'租赁业务员','18-35','本科','五里店','租赁业务员，男性，18至35岁，本科以上学历，月薪3000至3500元，负责开展租赁业务的洽商工作，五险一金，双休',1,'1527818260','1530374400',NULL,14,NULL,'3000-3500',NULL,NULL),(121,'司机','22-45','高中','花乡','司机，男，22至45岁，高中以上学历，月薪3000至8000元，三年以上驾龄，五险，单休，午饭',1,'1527836537','1530374400',NULL,46,NULL,'3000-8000',NULL,NULL),(122,'销售','22-45','高中','花乡','销售，男性，22至45岁，高中以上学历，月薪3000至10000元，三年以上驾龄，负责汽车销售，五险，午饭，单休',1,'1527836578','1530374400',NULL,46,NULL,'3000-10000',NULL,NULL),(123,'开票员','20-45','大专','花乡','开票员，女性，20至45岁，大专以上学历，月薪3000至8000元，五险，午饭，单休',1,'1527836610','1530374400',NULL,46,NULL,'3000-8000',NULL,NULL),(124,'出纳','20-45','大专','花乡','出纳，女性，20至45岁，大专以上学历，月薪3000至8000元，五险，午饭，双休',1,'1527836640','1556294400',NULL,46,NULL,'3000-8000',NULL,NULL),(125,'管道巡护','40-55','初中','总部基地','管道巡护5名，40至55岁，月薪2000至3000元。五险，要求身体健康，无病史，无犯罪记录，工作时间：晚上八点到凌晨一点，早五点到八点；国家重要活动及节假日根据公司要求需加班',1,'1528097234','1556553600',NULL,47,NULL,'2000-3000',NULL,NULL),(126,'综合前台','18-45','初中','花乡','综合前台，性别不限，18至45岁，初中以上学历，月薪2800至3500元，负责前台服务，客服等相关工作，五险，包住，单休',1,'1528350023','1556812800',NULL,48,NULL,'2800-3500',NULL,NULL),(127,'收银员','18-45','初中','花乡','收银员，性别不限，18至45岁，初中以上学历，月薪3000至3500元，负责收银，理货相关工作，五险，单休，包住，寒暑假',1,'1528350129','1556812800',NULL,48,NULL,'3000-3500',NULL,NULL),(128,'厨工','18-40','初中','花乡','厨工，性别不限，18至40岁，学历不限，月薪3000至3500元，负责配菜、切菜等相关工作，五险，包吃住，单休',1,'1528350224','1530892800',NULL,48,NULL,'3000-3500',NULL,NULL),(129,'复印员','18-40','初中','花乡','复印员，性别不限，18至40岁，初中以上学历，月薪3000至5000元，负责复印打印，五险，包住，单休，寒暑假',1,'1528350323','1556812800',NULL,48,NULL,'3000-5000',NULL,NULL),(130,'办公室副经理','30-50','本科','正阳桥北','办公室副经理1名，30至50岁，本科以上学历，月薪6000至7000元。负责办公室行政工作；制定公司的规章制度、流程；合同审核以及保管；各类公文的撰写工作（总结、计划、报告），有5年以上行政管理经验，熟练使用办公软件。五险一金，双休，早8点半到5点半',1,'1528356202','1530892800',NULL,49,NULL,'6000-7000',NULL,NULL),(131,'会计','30-45','大专','正阳桥北','会计1名，30至45岁，大专以上学历，月薪5000元。拥有会计职称的优先。有2年以上会计经验，五险一金，双休，早8点半到5点半',1,'1528356470','1562083200',NULL,49,NULL,'5000元',NULL,NULL),(132,'客服','18-40','初中','十里河','客服10名，女，18至40岁，初中以上学历，月薪3000至4000元，负责接打各类电话，收取物业费，五险一金，包吃，双休',1,'1528421957','1556899200',NULL,50,NULL,'3000-4000',NULL,NULL),(133,'保安','18-45','初中','十里河','保安，50名，男，18至45岁，初中以上学历，月薪3500至4500元，负责园区巡逻，站岗，五险一金，包吃住，倒休，有夜班',1,'1528421982','1556899200',NULL,50,NULL,'3500-4500',NULL,NULL),(134,'采编','22-40','本科','定安东里','采编5名，性别不限，22至40岁，本科学历，月薪4000至6000元，五险一金，户口不限，食宿自理。新闻相关专业毕业，负责机关完成采编稿任务，并保证稿件质量。',1,'1528785055','1567785600',NULL,51,NULL,'4000-6000',NULL,NULL),(135,'广告业务','20-40','大专','定安东里','广告业务10名，性别不限，20至40岁，大专以上学历，月薪4000加提成。负责开拓客户，五险一金，双休',1,'1528785441','1531324800',NULL,51,NULL,'4000',NULL,NULL),(136,'工程经理','30-45','中专','大兴前辛庄','工程经理，男性，30至45岁，中专以上学历，月薪5000至8000元。负责公司维保单位工作安排，监管，负责施工人员的管理，熟悉中央空调维修保养业务，五险一金，单休，提供食宿。',1,'1528860411','1531411200',NULL,52,NULL,'5000-8000',NULL,NULL),(137,'行政文员','22-45','中专','丰台高立庄','行政1名，性别不限，22至45岁，中专以上学历，月薪3000至5000元。五险一金，双休，食宿自理。',1,'1528860561','1531411200',NULL,52,NULL,'3000-5000',NULL,NULL),(138,'库管','35-55','高中','大兴前辛庄','库管1名，性别不限，35至55岁，高中以上学历，月薪3000至5000元。负责中央空调类维修材料，工具分类入库管理。五险一金，单休，提供食宿.要求电脑熟练',1,'1528860725','1562601600',NULL,52,NULL,'3000-5000',NULL,NULL),(139,'销售','20-35','初中','航丰路','销售，性别不限，20至35岁，初中以上学历，月薪6000至8000元，负责销售环境处理材料，五险，双休，早九晚六，包午饭',1,'1528878633','1557331200',NULL,53,NULL,'6000-8000',NULL,NULL),(140,'电工','18-50','初中','造甲村','电工，性别不限，18至50岁，初中以上学历，月薪3000至4000元，五险一金，倒休，包午饭，要求有高压本',1,'1528944976','1531497600',NULL,54,NULL,'3000-4000',NULL,NULL),(141,'商务助理','18-30','大专','造甲村','商务助理，18至30岁，大专以上学历，月薪4000至6000元，负责单位业务的联系，五险一金，双休，包午饭',1,'1528945032','1531497600',NULL,54,NULL,'4000-6000',NULL,NULL),(142,'文员','18-25','大专','造甲村','文员，性别不限，18至25岁，大专以上学历，月薪4000至6000元，负责为办公室相关工作，五险一金，包午饭，双休',1,'1528945111','1531497600',NULL,54,NULL,'4000-6000',NULL,NULL),(143,'销售','18-30','大专','造甲村','销售，性别不限，18至30岁，大专以上学历，月薪4000至6000元，负责招商，五险一金，包午饭，双休',1,'1528945270','1557417600',NULL,54,NULL,'4000-6000',NULL,NULL),(144,'收银员','18-35','中专','鲁谷东街','收银员5名，18至35岁，性别不限，身高165CM，普通话标准，中专以上学历，仪容仪表符合酒店行业要求，熟悉使用计算机，会用财务金贵系统或具有相关经验。月薪4000至5000元。单休，提供食宿，五险',1,'1528959186','1531497600',NULL,55,NULL,'4000-5000',NULL,NULL),(145,'平面设计','20-40','大专','鲁谷东街','平面设计1名，性别不限，大专以上学历，40岁以下，有本岗位工作经验，熟练使用相关制图软件。月薪5000元以上。单休，提供食宿，五险',1,'1528959330','1531497600',NULL,55,NULL,'5000',NULL,NULL),(146,'保安员','18-30','初中','鲁谷东街','保安员5名，男性，18至30岁，身高175CM以上，初中以上学历，行为举止端庄，月薪3000元以上。单休，提供食宿，五险',1,'1528959586','1531497600',NULL,55,NULL,'3000',NULL,NULL),(147,'服务员','18-40','初中','鲁谷东街','客房、餐饮、沐浴部门服务员20名，初中以上学历，18至40岁，仪容仪表符合酒店行业要求，普通话标准，月薪3500元，五险，提供食宿，单休',1,'1528959770','1562688000',NULL,55,NULL,'3500',NULL,NULL),(148,'服务员','18-45','高中','就近分配','服务员，50人，性别不限，18至45岁，高中以上学历，月薪3000-4000元，负责餐厅的前台，后厨，卫生工作，五险，双休。',1,'1529026338','1557504000',NULL,56,NULL,'3000-4000',NULL,NULL),(149,'储备经理','18-28','大专','就近分配','储备经理，20人，性别不限，18至28岁，大专以上学历，月薪4000至6000元，负责餐厅的人员管理，运营，五险，双休。',1,'1529026494','1531584000',NULL,56,NULL,'4000-6000',NULL,NULL),(150,'办公室文员','18-35','高中','刘庄子','办公室文员，女性，18-35岁，高中学历，月薪3500至4500元，包食宿，五险，单休',1,'1529028829','1531584000',NULL,57,NULL,'3500-4500',NULL,NULL),(151,'业务员主管','18-55','高中','刘庄子','业务员和主管，性别不限，18-55岁，有商超快消品工作经验，包食宿，五险，单休',1,'1529029117','1531584000',NULL,57,NULL,'4500-8000',NULL,NULL),(152,'会计','30-55','高中','刘庄子','会计，性别不限，30至55岁，月薪4500至6000元，有工作经验，包食宿，五险，单休',1,'1529029243','1531584000',NULL,57,NULL,'4500-6000',NULL,NULL),(153,'前台服务员','18-30','大专','莲花池','前台服务员1名，女性，20-35岁，大专学历，试用期1-2个月，2700元/月，转正后工资3400+提成，五险，工作时间倒班制。所有员工工作满一年后公司每年组织体检1次，最少每年组织旅游1次，年底十三薪，其它各项福利均享受。',1,'1529564678','1558022400',NULL,58,NULL,'3400+提成',NULL,NULL),(154,'会展销售','20-45','高中','总部基地','会展销售3名，性别不限，20-45岁，高中以上学历，月薪3000-12000元，周末双休，8小时工作制，每年有体检。通过电话、邮件、网络销售',1,'1529565267','1558022400',NULL,59,NULL,'3000-12000',NULL,NULL),(155,'商务助理','20-45','高中','总部基地','商务助理1人，性别不限，20-45岁，高中以上学历，月薪3000-10000元。五险，周末双休，8小时工作制，每年体检。',1,'1529565340','1558022400',NULL,59,NULL,'3000-10000',NULL,NULL),(156,'外卖运营经理','18-35','大专','总部基地','外卖运营经理，性别不限，18-35岁，大专以上学历，月薪10000至15000元。对外卖三大平台运营较熟悉，有一定的网络推广能力，有一年以上相关工作经验。有半年以上相关工作经验。双休，五险，早9点到下午5点半',1,'1529633382','1532188800',NULL,60,NULL,'10000-15000',NULL,NULL),(157,'营销策划专员','18-28','大专','总部基地','营销策划专员，性别不限，18-28岁，大专以上学历，月薪5500至7000元。负责线上线下活动策划，微信、微博编辑。有半年以上相关工作经验。双休，五险，早9点到下午5点半',1,'1529633591','1532188800',NULL,60,NULL,'5500-7000',NULL,NULL),(158,'采购专员','18-28','大专','总部基地','采购专员，性别不限，18-28岁，大专以上学历，月薪7000至8000元。负责公司物料的采购，入库以及结算工作。半年以上相关工作经验.双休，五险，早9点到下午5点半',1,'1529633964','1532188800',NULL,60,NULL,'7000-8000',NULL,NULL),(159,'渠道拓展经理','25-38','大专','总部基地','渠道拓展经理，性别不限，25至38岁，大专以上学历，月薪10000以上，负责商圈规划，选址开发，渠道管理，有一定的谈判能力，双休，五险，早9点到下午5点半',1,'1529634375','1563379200',NULL,60,NULL,'10000',NULL,NULL),(160,'弱电工程师','25-45','高中','丰台东路','弱电工程师，男，25至45岁，月薪6000元，五险，双休，负责现场设备调试，维护',1,'1529912795','1532448000',NULL,61,NULL,'6000',NULL,NULL),(161,'灯光音响工程师','25-45','高中','丰台东路','灯光音响工程师，男，25至45岁，高中以上学历，月薪5000至8000元，五险，双休，负责灯光音响相关工作，要求会CAD',1,'1529912824','1558368000',NULL,61,NULL,'5000-8000',NULL,NULL),(162,'办公室文员','18-45','大专','总部基地','办公室文员3名，女，18至45岁，大专以上学历，月薪4000至4500元，负责办公室基础工作，五险一金，周末双休，饭补，要求熟练使用办公软件',1,'1530154590','1584547200',NULL,62,NULL,'4000-4500',NULL,NULL),(163,'团队总监','22-35','大专','大兴区','团队总监5人，性别不限，22至35岁，专科以上学历，有金融行业3年以上工作经验，无责任底薪3500，月薪范围3500至10000元。月休8天，倒休。五险一金，食宿自理。面试地点：大兴区旧桥路1号院1号楼1层',1,'1530598636','1533139200',NULL,63,NULL,'3500-10000',NULL,NULL),(164,'理财规划师','20-35','大专','大兴区','理财规划师20人，性别不限，20至35岁，专科以上学历，无责任底薪3500元，月薪范围3500至10000元，负责管理和规划客户资产，要求外向、大方、善于交流。五险一金，食宿自理，月休8天，倒休。面试地点：大兴区旧桥路1号院1号楼1层',1,'1530598864','1564329600',NULL,63,NULL,'3500-10000',NULL,NULL),(165,'销售','18至40','初中','西三环','销售，性别不限，18至40岁，初中以上学历，月薪3500至8000元，负责销售健身卡，五险一金，倒休，提供住宿，饭补',1,'1530600126','1559059200',NULL,64,NULL,'3500-8000',NULL,NULL),(166,'前台','18-30','高中','西三环','前台，性别不限，18至30岁，高中以上学历，月薪3500至4000元，负责前台接待，五险一金，倒休，饭补补',1,'1530600340','1533139200',NULL,64,NULL,'3500-4000',NULL,NULL),(167,'健身教练','18-30','初中','西三环','健身教练，性别不限，18至30岁，初中以上学历，月薪3500至8000元，负责授课，五险一金，倒休，饭补',1,'1530600455','1533139200',NULL,64,NULL,'3500-8000',NULL,NULL),(168,'水电维修工','18-45','初中','西三环','水电维修工，男，18至45岁，初中以上学历，月薪4000元，负责店内水电维修，五险一金，倒休，饭补，提供住宿，要求有相关证书，上岗证',1,'1530600631','1533139200',NULL,64,NULL,'4000',NULL,NULL),(169,'销售代表','18-35','高中','北京市丰台区西三环南路14号院1号楼17层1720','大客户销售代表10人，性别不限，18-35岁，无责底薪4000 高提成，上五休二，8小时工作制，五险',1,'1530691746','1559145600',NULL,65,NULL,'4000',NULL,NULL),(170,'家政业务管理老师','20-55','高中','朝阳区','家政业务管理老师,20-55岁之间，女性，高中以上文化，会简单操作电脑，有无家政经验均可，北京人优先.接听电话，业务咨询，签订家政合同等,5000-10000',1,'1530756745','1559232000',NULL,66,NULL,'5000-10000',NULL,NULL),(171,'家政行政人员','20-35','大专','朝阳区','家政行政人员，20-35岁之间，大专以上学历，全方位做好公司宣传，并维护公司网站，3500 奖金',1,'1530760997','1559232000',NULL,66,NULL,'3500',NULL,NULL),(172,'家政培训师','20-55','大专','朝阳区','家政培训师,有家政从业经验，有实际工作经验优先，有专业培训证书（最好），负责家政服务员的实际操作培训,4500 提成',1,'1530761101','1559232000',NULL,66,NULL,'4500',NULL,NULL),(173,'销售经理','20-40','大专','朝阳区','销售经理,40岁以下，性别不限，大专以上学历，工商管理及市场营销专业优先；5年以上快消品销售经验；有会议销售经验优先。负责产品销售1）?全面主持公司销售及战略销售工作，按月完成回款计划；2）?协调和维护客情关系，销售技巧的培训工作；3）?产品市场渠道建设及产品宣传工作；4）?解答和解决产品在销售过程中出现的问题，配合解决产品销售过程中出现的重大问题；5）?收集、整理客户动态，分析市场行情并汇报总经理。5000-8000',1,'1530761402','1559232000',NULL,66,NULL,'5000-8000',NULL,NULL),(174,'销售内勤','20-35','大专','朝阳区','销售内勤,35岁以下，性别不限，大专以上学历，有2年以上销售管理员经验；性格开朗，善于沟通；熟练使用各类办公软件。负责销售订单管理：1）根据产品采购单负责各厂家产品入库的核对工作；2）根据客户销售订单及订单货款和产品库存情况负责产品出库单的制作，并与财务部门进行货物货款核对工作；3）根据货物发运情况按月核算物流费用的工作；4）按月出具销售报表上报总经理；5）提供客户所需的资料，销售合同管理、客户维护工作；负责公司文案策划方面工作.3.5千至6千',1,'1530761518','1559232000',NULL,66,NULL,'3500-6000',NULL,NULL),(175,'康养部运营经理','20-50','大专','朝阳区','康养部运营经理，本科以上学历，27岁以上已婚已育有偶先。营销、企业管理类专业优先，有医养工作经验者优先，优先次序按医养结合、养老、医疗。熟悉行业动态及运营发展趋势。文字功底扎实，熟练使用office办公软件。1、配合公司制定服务体系及运营方案。2、能完成上级领导安排的工作、方案设计、设备选型，并能组织推进与管理工作。3、不断学习并利用政策，规范公司的不合规情况，制定门店的运营管理方案，并实施管理。4、保持与民政、老龄委、残联及公司客户的关系。6000-10000',1,'1530762056','1559232000',NULL,66,NULL,'6000-10000',NULL,NULL),(176,'行政前台','22-35','高中','海淀玉泉路校区','行政前台4人，女性，22-35岁，月薪4000-6000元，每周休一天，五险一金，生日礼物，团建，每年免费体检。前台行政工作，每周一至周五半天班，周六日全天。',1,'1530854116','1559318400',NULL,67,NULL,'4000-6000',NULL,NULL),(177,'课程顾问','22-45','高中','卢沟桥、正阳桥','课程顾问10人，性别不限，22-45岁，月薪4000-10000元，每周休一天，五险一金，生日礼物，团建，每年免费体检。家长咨询课程，介绍课程价格，签单。每周一至周五半天，周六日全天。',1,'1530854177','1559318400',NULL,67,NULL,'4000-10000',NULL,NULL),(178,'英语老师','22-45','大专','卢沟桥、正阳桥','英语老师10人，性别不限，22-45岁，专科以上学历，每周休一天，五险一金，生日礼物，团建，每年免费体检。学生的英文授课，周一至周五半天班，周六日全天。',1,'1530854234','1559318400',NULL,67,NULL,'4000-10000',NULL,NULL),(179,'班主任','22-45','高中','卢沟桥、正阳桥','班主任10名，性别不限，22-45岁，月薪4000-10000元。每周休1天，五险一金，生日礼物，团建，每年免费体检。主要负责管理学员维护秩序。周一至周五半天班，周六日全天班。',1,'1530854288','1559318400',NULL,67,NULL,'4000-10000',NULL,NULL),(180,'面食厨师','40','初中','花乡','面食厨师，1名，性别不限，40岁左右，初中以上学历，月薪4000元，五险一金，双休。具体工资面议',1,'1531459471','1534003200',NULL,68,NULL,'4000以上',NULL,NULL),(181,'配菜工','40左右','初中','花乡','配菜工1名，性别不限，40岁左右，初中以上学历，月薪3000元，五险一金，双休，具体工资面议',1,'1531459510','1559923200',NULL,68,NULL,'3000',NULL,NULL),(182,'客房服务员','18-45','初中','莲花池','客房服务员3名，性别不限，18-45岁，初中以上学历，五官端正，身体健康（有健康证），最好有相关工作经验。试工期1-2个月，工资2000/月：转正后2000/月+房提，每月4天休息。工作时间：8点-17点',1,'1531730854','1560182400',NULL,58,NULL,'2000+提成',NULL,NULL),(183,'餐厅服务员','18-35','初中','莲花池','餐厅服务员5名，女性，18-35岁，初中以上学历，五官端正，身体健康（有健康证），最好有相关工作经验。试工期1-3个月，工资3000/月，每月4天休息；转正后工资3000+绩效400/月，8天休息。早班6点半-15点；晚班9点半-22点',1,'1531730940','1560182400',NULL,58,NULL,'3000+绩效',NULL,NULL),(184,'安保员','35岁以下','初中','莲花池','安保员1名，男性，35岁以下，五官端正，身体健康，有相关经验。试工期1-3个月，试用期工资80%。3600+ 绩效，白夜休休',1,'1531731164','1560182400',NULL,58,NULL,'3500',NULL,NULL),(185,'客服专员','20-35','大专','卢沟桥','1、大专以上学历，年纪20-35岁；2、做事认真、细心、负责；3、能熟练使用办公软件；4、具备良好的语言表达及沟通能力，普通话流利，性格开朗，工作认真，责任心强能吃苦耐劳，具有团队合作精神;5、完成上级领导临时交办的其他任务。',1,'1531895736','1534435200',NULL,69,NULL,'4000-6000',NULL,NULL),(186,'采购助理','20-35','大专','卢沟桥','1、大专及以上学历，有采购相关从业经验者优先；2、较好应变能力且与客户沟通顺畅；3、熟悉办公软件且操作熟练；4、工作仔细认真，责任心强，思想上进，积极好学。',1,'1531895799','1560355200',NULL,69,NULL,'4000-6000',NULL,NULL),(187,'售后服务技师','20-45','初中','就近分配','售后服务技师，性别不限，20至45岁，初中以上学历，月薪2200至3000元，负责产品售后维修，五险一金，单休',1,'1532072013','1586448000',NULL,70,NULL,'2200-3000',NULL,NULL),(188,'销售工程师','20-30','大专','马连道','销售工程师，性别不限，20至30岁，大专以上学历，月薪5000至8000元，负责销售公司产品，五险一金，双休',1,'1532072051','1534608000',NULL,70,NULL,'5000-8000',NULL,NULL),(189,'SEO网络编辑','20-28','中专','西四环南路','SEO网络编辑，性别不限，20至28岁，中专以上学历，月薪4000元，负责更新网站内容，撰写网站推广软文，五险，双休',1,'1532072853','1560528000',NULL,71,NULL,'4000',NULL,NULL),(190,'质检','20-28','中专','西四环南路','质检，女，20至28岁，中专以上学历，月薪4000元，负责产品检验，维护，五险，双休',1,'1532072878','1534608000',NULL,71,NULL,'4000',NULL,NULL),(191,'出纳','20-28','中专','西四环南路','出纳，女，20至28岁，中专以上学历，月薪4000元，负责财务助理相关工作，五险，双休',1,'1532072899','1534608000',NULL,71,NULL,'4000',NULL,NULL),(192,'投标专员','20-28','中专','西四环南路','投标专员，女，20至28岁，中专以上学历，月薪4000至8000元，负责收集招标相关工作，五险，双休',1,'1532072926','1534608000',NULL,71,NULL,'4000-8000',NULL,NULL),(193,'销售助理','20-28','中专','西四环南路','销售助理，女，20至27岁，中专以上学历，月薪4000元，负责制作标书等相关工作，五险，双休',1,'1532072948','1534608000',NULL,71,NULL,'4000',NULL,NULL),(194,'销售','20-35','中专','西四环南路','销售，性别不限，20至35岁，中专以上学历，月薪4000至8000元，负责客户维护开发，会出差，五险，双休，午饭',1,'1532072976','1534608000',NULL,71,NULL,'4000-8000',NULL,NULL),(195,'网络客服','25-33','高中','长辛店','网络客服，女，25至33岁，要求计算机熟练，双休，五险，早8点半到5点，月薪4000至5000元',1,'1533870249','1562342400',NULL,72,NULL,'4000-5000',NULL,NULL),(196,'销售员','25-39','高中','天坛东路','销售员，男，25至39岁，月薪4000至4500元，熟练使用办公软件，维护客户，单位上五险，双休，早8点半至5点半，1年以上销售经验，有良好的沟通协调能力',1,'1533872406','1562342400',NULL,73,NULL,'4000-4500',NULL,NULL),(197,'淘宝线上客服','18-35','高中','诺德中心','淘宝线上客服，性别不限，18-35岁，高中以上学历，月薪3000至5000元。要求会电脑，打字速度每分钟40字以上。五险，食宿自理，两个班次，早9点至下午5点。夜班为下午5点至凌晨1点',1,'1533872505','1614182400',NULL,74,NULL,'3000-5000',NULL,NULL),(198,'电话销售','20-50','大专','国润大厦','电话销售，性别不限，20-50岁，高中以上学历，五险，双休，底薪3000 提成。',1,'1533881215','1562342400',NULL,76,NULL,'6000-8000',NULL,NULL),(199,'保洁员','18-60','初中','北京市各大三甲医院就近分配','保洁员，18-60岁，男女不限，月薪2800-3500元，八小时工作制上六休一。身体健康，普通话标准，会写字，女士优先。有工作经验者优先。负责所分配区域或客户的卫生清洁工作2保证按质量的完成所分配的任务3服从领导安排',1,'1533881440','1562342400',NULL,75,NULL,'2800-3500',NULL,NULL),(200,'运送员','20-60','初中','北京市各大三甲医院就近分配','运送员，20-60岁，月薪2400-3500元，提供住宿，就餐医院有员工食堂费用低。负责药物化验单仪器等材料在医院内部的运送工作，协助主管管理好现场工作。',1,'1533882751','1562342400',NULL,75,NULL,'2400-3500',NULL,NULL),(201,'销售','18-60','初中','北京方向大厦','销售，性别不限，18至60岁，初中以上学历，月薪3000至8000元，五险，单休，包住，负责商圈推广',1,'1533883834','1562342400',NULL,77,NULL,'3000-8000',NULL,NULL),(202,'采购核算员','18-35','大专','园区','采购核算员，男，18至35岁，大专以上学历，月薪6000至8000元，负责商品采购账目相关工作，五险一金，2年工作经验',1,'1533885829','1562342400',NULL,78,NULL,'6000-8000',NULL,NULL),(203,'保管员','18-35','高中','丰台杨树庄、顺义','保管员，男，18至35岁，高中以上学历，月薪4000至6000元，负责仓库管理相关工作，会计算机，五险一金、餐费补贴、补充医疗、节日津贴、防暑降温补贴福利体检、带薪年假。 提供住宿',1,'1533886191','1562342400',NULL,78,NULL,'4000-6000',NULL,NULL),(204,'设备管理员','18-35','中专','丰台杨树庄、顺义','设备管理员，男，18至35岁，中专以上学历，月薪4000至6000元，负责设施维护、保养，要求有维修电工上岗证等证书，五险一金、餐费补贴、补充医疗、节日津贴、防暑降温补贴福利体检、带薪年假。 提供住宿',1,'1533886423','1562342400',NULL,78,NULL,'4000-6000',NULL,NULL),(205,'质量验收员','18-35','大专','丰台杨树庄','质量验收员，性别不限，18至35岁，大专以上学历，检验学或医学检验等相关专业，月薪4000至6000元，有药品质量或验收等工作经验；负责审核、验收产品，五险一金、餐费补贴、补充医疗、节日津贴、防暑降温补贴福利体检、带薪年假。 提供住宿。',1,'1533886540','1562342400',NULL,78,NULL,'4000-6000',NULL,NULL),(206,'养护员','18-35','中专','园区','养护员，性别不限，18至35岁，中专以上学历，月薪4000至6000元，负责库房养护相关工作，五险一金，包住',1,'1533886665','1536422400',NULL,78,NULL,'4000-6000',NULL,NULL),(207,'店员','30-45','高中','万源路、北洼路','销售（店员），女性，30-45岁，高中以上学历，月薪3000-5000元，包住宿、五险、单休、有超市工作经验者优先。',1,'1534218393','1562688000',NULL,79,NULL,'3000-5000',NULL,NULL),(208,'店长','30-45','高中','万源路、北洼路','店长，女性，30-45岁，高中以上学历，月薪5000-6500元，包住宿，五险、单休，有超市工作经验都优先。',1,'1534218437','1562688000',NULL,79,NULL,'5000-6500',NULL,NULL),(209,'销售主管','25-35','高中','莲花苑','销售主管，初中以上学历，有销售及家电销售经验者优先录用。五险，月薪15000-30000元（保底+提成）。',1,'1534296973','1562774400',NULL,80,NULL,'15000-30000',NULL,NULL),(210,'销售','18-35','初中','海淀区','销售员，18-35岁，初中以上学历，负责销售海尔空气净化器，水机、制氧机、蔬果消毒机为主。五险，月薪5000-8000元（保底+提成）',1,'1534297051','1588694400',NULL,80,NULL,'5000-8000',NULL,NULL),(211,'保洁','50-55','初中','看丹桥','保洁，性别不限，50-55岁，月薪2900元，8小时工作制，单休，其他待遇面议。',1,'1534302887','1562774400',NULL,82,NULL,'2900',NULL,NULL),(212,'客服','21-30','大专','看丹桥','客服，性别不限，21-30岁，大专以上学历，月薪2900-4000元，五险，双休，8小时工作制，有工作餐',1,'1534302921','1562774400',NULL,82,NULL,'2900-4000',NULL,NULL),(213,'维修工','18-45','初中','就近分配','维修工，男，18至45岁，初中以上学历，月薪8000至12000元，负责家居设施维修，五险，房补，倒休',1,'1534474023','1562947200',NULL,83,NULL,'8000-12000',NULL,NULL),(214,'电器维修','18-45','初中','就近分配','电器维修，男，18至45岁，初中以上学历，月薪8000元，负责电器维修，五险，房补，倒休，三年以上工作经验，有电工证',1,'1534474306','1537027200',NULL,83,NULL,'8000',NULL,NULL),(215,'客服','18-40','初中','就近分配','客服，女，18至40岁，初中以上学历，负责电脑软件派单，月薪5000元，五险，房补，排班',1,'1534474828','1537027200',NULL,83,NULL,'5000',NULL,NULL),(216,'销售','18-35','初中','建外SOHO','销售，性别不限，18至35岁，初中以上学历，月薪4000元，负责销售企业服务，五险，提成，补助，双休',1,'1534476003','1545667200',NULL,84,NULL,'4000',NULL,NULL),(217,'店长','25-46','初中','槐房万达','店长，性别不限，25-46岁，月薪5000-7000元，负责店内经营工作，五险，单休，包吃住。',1,'1534814319','1537372800',NULL,85,NULL,'5000-7000',NULL,NULL),(218,'杂工','30-45','初中','槐房万达','杂工，性别不限，30-45岁，负责店内清洁，月薪2500-3200元，五险，单休，包吃住。',1,'1534814464','1537372800',NULL,85,NULL,'2500-3200',NULL,NULL),(219,'后厨','20-40','初中','槐房万达','后厨，性别不限，20-40岁，月薪3000-5000元，五险，单休，包吃住，负责煮餐出餐。',1,'1534815220','1537372800',NULL,85,NULL,'3000-5000',NULL,NULL),(220,'二保焊工','18-45','初中','王佐','二保焊工，男性，18-45岁，初中以上学历，月薪3500-6000元，五险，单休，包吃住。负责焊工相关。',1,'1534815385','1563292800',NULL,85,NULL,'3500-6000',NULL,NULL),(221,'面点师','18-40','初中','花乡','面点师，性别不限，18至40岁，学历不限，月薪3500至4500元，负责面点制作等相关工作，五险，包吃住，单休',1,'1534903446','1563379200',NULL,48,NULL,'3500-4500',NULL,NULL),(222,'综合维修工','16-45','初中','南三环','综合维修工，男性，16至45岁，月薪8000至12000元。负责室内维修，居家设施维修，要求有此工作经验。月休4天，五险，食宿自理',1,'1534993425','1537545600',NULL,86,NULL,'8000-12000',NULL,NULL),(223,'瓦工','16-55','初中','南三环','瓦工，男性，16至55岁，月薪8000至12000元。负责房屋主体构造卫生间厨房的拆砖铺砖防水的维护，要求有此工作经验。月休4天，五险，单位提供住宿。',1,'1534993744','1537545600',NULL,86,NULL,'8000-12000',NULL,NULL),(224,'电器维修工','16-45','初中','南三环','电器维修工，男性，16至45岁，月薪8000至12000元。负责家电维修保养，要求有此工作经验，月休4天，五险，食宿自理',1,'1534993847','1537545600',NULL,86,NULL,'8000-12000',NULL,NULL),(225,'客服','16-30','高中','南三环','客服，性别不限，16至30岁，高中以上学历，月薪5000至6000元。负责平台工单的分配与反馈，会简单的电脑操作，有老员工会教。',1,'1534993963','1563465600',NULL,86,NULL,'5000-6000',NULL,NULL),(226,'销售代表','35岁以下','大专','朝阳劲松','销售代表，性别不限，35岁以下，大专以上学历，底薪5000加提成。要求金融、财会、法律、市场营销专业。单位提供五险，食宿自理，双休。',1,'1534994780','1563465600',NULL,87,NULL,'5000加提成',NULL,NULL),(227,'市场专员','20-35','中专','丰台园博园南渡业大厦708室','市场专员，性别不限，20-35岁，中专以上学历，五险、单休、包住、生日福利、国内旅游、底薪 提成。',1,'1535097151','1563552000',NULL,88,NULL,'6000-8000',NULL,NULL),(228,'商务专员','18-35','中专','丰台园博园南渡业大厦708室','商务专员，性别不限，18-35岁，中专以上学历，五险、双休、包住、生日福利、国内旅游、底薪 提成。',1,'1535097189','1563552000',NULL,88,NULL,'6000-8000',NULL,NULL),(229,'电话销售','20-35','中专','丰台园博园南渡业大厦708室','电话销售，性别不限，20-35岁，中专以上学历，五险、单休、包住、生日福利、国内旅游、底薪 提成。',1,'1535097242','1563552000',NULL,88,NULL,'6000-8000',NULL,NULL),(230,'渠道专员','20-35','中专','丰台园博园南渡业大厦708室','渠道专员，性别不限，20-35岁，中专以上学历，五险、单休、包住、生日福利、国内旅游、底薪 提成。',1,'1535097334','1563552000',NULL,88,NULL,'6000-8000',NULL,NULL),(231,'保洁员','18-55','初中','天坛医院新区（丰台区花乡）','保洁员，18-55岁，月薪2800-3500元。维护科室以及院内管辖区域环境卫生，免费住宿。工作地点：天坛医院新区（丰台花乡）',1,'1535526116','1563984000',NULL,89,NULL,'2800-3500',NULL,NULL),(232,'电梯引导员','18-35','初中','天坛医院新区（丰台区花乡）','电梯引导员，18-35岁，月薪3000-4000元。在各楼层指引来院就诊人员乘坐电梯，要求女，身高158cm以上，形象气质佳者优先。工作地点：天坛医院新区（丰台区花乡）',1,'1535526319','1563984000',NULL,89,NULL,'3000-4000',NULL,NULL),(233,'电工','18-55','初中','天坛医院新区（丰台花乡）','电工，18-55岁，月薪3500左右，提供免费住宿，要求，男，要求有电工本。工作地点：天坛医院新区（丰台花乡）',1,'1535526491','1563984000',NULL,89,NULL,'3500',NULL,NULL),(234,'综合维修工','18-55','初中','天坛医院新区（丰台花乡）','综合维修工，18-55岁，月薪3500左右，负责维修桌椅、水龙头、门窗等。提供免费住宿，工作地点：天坛医院新区（丰台花乡）',1,'1535526673','1589904000',NULL,89,NULL,'3500',NULL,NULL),(235,'专职导购员','18-40','初中','物美卖场','专职导购员5名，女性，18至40岁，初中以上，户口不限，食宿自理，无责任底薪3000加提成，试用期一个月，五险。每周休息一天。在物美大卖场负责销售婴幼儿服装',1,'1535684094','1538236800',NULL,90,NULL,'3000加提成',NULL,NULL),(236,'销售督导','18-40','初中','物美卖场','销售督导6名，女性，18至40岁，初中以上，户口不限，食宿自理，无责任底薪3900加提成，试用期1-3个月，有销售经验的优先。五险，每周休息一天。',1,'1535684277','1564156800',NULL,90,NULL,'3900加提成',NULL,NULL),(237,'业务经理','30-40','大专','大井东里','业务经理10名，性别不限，30至40岁，大专以上学历，月薪5000至8000元。负责销售抗震支架产品，负责老客户维护。单位上五险，食宿自理，每周双休，工作时间早8:30至17:30',1,'1535944466','1564416000',NULL,91,NULL,'5000-8000',NULL,NULL),(238,'食堂厨师杂工','30-50','初中','丰台区芳菲路','食堂厨师杂工，30-50岁，性别不限，月薪3000元左右，不包吃住，身体健康，做事细心，干净利落，周末双休，8小时工作制。',1,'1535944525','1564675200',NULL,92,NULL,'3000',NULL,NULL),(239,'电话销售','18-35','中专','汽车博物馆东路','电话销售10名，性别不限，18至35岁，中专以上学历，要求沟通能力强，为客户提供满意的咨询服务，负责电话销售自动售货机。单位上五险一金，食宿自理，单休，早9点至晚6点，无责任底薪4000加提成。',1,'1536042157','1564502400',NULL,93,NULL,'4000加提成',NULL,NULL),(240,'中国移动客服','18-42','高中','总部基地','中国移动客服，性别不限，42岁以下，高中以上学历，要求普通话标准，熟练使用办公软件，中文录入速度每分钟50字以上，身体健康，有客服服务工作经验者优先。户口不限，食宿自理，双休，单位上五险一金，税后月薪4000元左右。',1,'1536214860','1564675200',NULL,94,NULL,'4000',NULL,NULL),(241,'保洁','20-60','初中','地铁线就近分配','保洁200人，性别不限，60岁以下，要求身体健康，上岗前提供无犯罪记录证明，负责北京地铁2.5.7.8.10.13号线的保洁工作，就近安排。单位上五险，户口不限，食宿自理，每周休息一天，早中夜三班倒，月薪2700元',1,'1536285783','1564761600',NULL,95,NULL,'2700',NULL,NULL),(242,'施工员','23-35','大专','各工地分配','施工员5名，男性，23至35岁，大专以上学历，要求有施工员证书和安全员证，或者有工作经验，负责工地现场施工管理。单位上五险一金，双休，8小时工作制，户口不限，提供住宿，月薪5000至10000元。',1,'1536308125','1564761600',NULL,96,NULL,'5000-10000',NULL,NULL),(243,'预算员','23-35','大专','总部基地','预算员2名，性别不限，23至35岁，大专以上学历，要求有建筑项目预算3年以上工作经验，有预算员证，了解不锈钢行业，负责项目预算设计、投标文件汇总归档。单位上五险一金，户口不限，食宿自理，双休，8小时工作制，月薪5000至8000元',1,'1536308376','1538841600',NULL,96,NULL,'5000-8000',NULL,NULL),(244,'工程部经理','25-35','大专','总部基地','工程部经理2名，男性，25至35岁，大专以上学历，要求二级或一级建造师证书，建筑装饰类，有幕墙不锈钢建筑装饰行业经验的优先，负责制造本部门的管理制度，项目管理。单位上五险一金，户口不限，食宿自理，双休，8小时工作制，月薪5000至10000元',1,'1536308684','1538841600',NULL,96,NULL,'5000-10000',NULL,NULL),(245,'幕墙设计师','25-35','大专','总部基地','幕墙设计师4人，男性，25至35岁，大专以上学历，要求有相关幕墙设计经验，熟练使用绘图软件。单位上五险一金，双休，8小时工作制，食宿自理，月薪5000至10000元',1,'1536308871','1538841600',NULL,96,NULL,'5000-10000',NULL,NULL),(246,'钣金技术员','25-45','中专','总部基地','钣金技术员2名，男性，25至45岁，中专以上学历，要求熟悉CAD，能看懂图表，有相关行业2年以上工作经验。单位上五险一金，双休，8小时工作制，户口不限，食宿自理，月薪4000至10000元。',1,'1536309078','1538841600',NULL,96,NULL,'4000-10000',NULL,NULL),(247,'销售经理','25-35','大专','总部基地','销售经理5名，男性，25至35岁，大专以上学历，要求有不锈钢装饰产品的销售经验，负责开拓市场。单位上五险一金，双休，户口不限，食宿自理，月薪5000至10000元。',1,'1536309240','1538841600',NULL,96,NULL,'5000-10000',NULL,NULL),(248,'珠宝销售','18-50','高中','就近分配','珠宝销售2名，性别不限，18至50岁，高中以上学历，要求身高1米6以上，普通话标准，身体健康。单位上五险一金，分早晚班，实习期月薪4000元，3个月试用期，转正后4600加提成',1,'1536551706','1565020800',NULL,97,NULL,'4000',NULL,NULL),(249,'厨师','18-40','初中','居然之家丽泽体验mall  B2层','厨师若干，性别不限，18-40岁，学历不限，月薪5000-7000元，五险一金，十三薪，有餐补，法定年休假。要求有食品健康证',1,'1536566433','1565020800',NULL,98,NULL,'5000-7000',NULL,NULL),(250,'烘焙','18-40','初中','居然之家丽泽体验mall  B2层','烘焙若干，性别不限，18-40岁，学历不限，月薪4000-7000元，五险一金，十三薪，有餐补，年底十三薪，带薪年假，要求有食品健康证。',1,'1536569669','1565020800',NULL,98,NULL,'4000-7000',NULL,NULL),(251,'客服收银','18-40','初中','居然之家丽泽体验mall  B2层','客服收银若干，性别不限，18-40岁，学历不限，月薪4000-7000元，五险一金，十三薪，有餐补，法定年休假。要求有食品健康证',1,'1536635021','1565107200',NULL,98,NULL,'4000-7000',NULL,NULL),(252,'宰杀','18-40','初中','居然之家丽泽体验mall  B2层','宰杀若干，性别不限，18-40岁，学历不限，月薪4000-7000元，五险一金，十三薪，有餐补，法定年休假。要求有食品健康证',1,'1536635154','1565107200',NULL,98,NULL,'4000-7000',NULL,NULL),(253,'物流','18-40','初中','居然之家丽泽体验mall  B2层','物流若干，性别不限，18-40岁，学历不限，月薪4000-7000元，五险一金，十三薪，有餐补，法定年休假。要求有食品健康证，负责内仓、拣货上架等。',1,'1536635196','1565107200',NULL,98,NULL,'4000-7000',NULL,NULL),(254,'水产','18-40','初中','居然之家丽泽体验mall  B2层','水产若干，性别不限，18-40岁，学历不限，月薪4000-7000元，五险一金，十三薪，有餐补，法定年休假。要求有食品健康证。',1,'1536636684','1565107200',NULL,98,NULL,'4000-7000',NULL,NULL),(255,'综合维修工','25-50','初中','马连道','综合维修工（水电为主)5名，男性，初中以上学历，25至50岁，要求有两年以上物业综合维修工作经验，具有上岗证。单位免费提供住宿，按照户口性质缴纳社保、公积金，月薪3500至4900。',1,'1536734166','1539273600',NULL,99,NULL,'3500-4900',NULL,NULL),(256,'保洁','30-55','初中','马连道','保洁员5名，女性，30至55岁，初中以上学历，免费提供住宿，按照户口性质缴纳社保、公积金，月薪2950至3850。',1,'1536737066','1539273600',NULL,99,NULL,'2950-3850',NULL,NULL),(257,'切配','25-55','初中','马连道','配菜3名，性别不限，25至55岁，初中文化，要求有相关经验，免费提供住宿，按照户口性质缴纳社保、公积金，月薪2550至3350元',1,'1536737347','1565193600',NULL,99,NULL,'2550-3350',NULL,NULL),(258,'面点工','30-55','初中','马连道','面点工2名，性别不限，30至55岁，初中学历，要求有相关经验，免费提供住宿，按照户口性质缴纳社保、公积金，3200至5250元',1,'1536740032','1539273600',NULL,99,NULL,'3200-5250',NULL,NULL),(259,'消防、中控','25-55','初中','马连道','消防、安防中控员6名，25至55岁，初中文化，要求有相关经验，有上岗证，单位免费提供住宿，按照户口性质缴纳社保、公积金，月薪3800至4800元',1,'1536740299','1539273600',NULL,99,NULL,'3800-4800',NULL,NULL),(260,'服务员','20至45','初中','马连道','服务员8名，20至45岁，女性，初中以上学历，免费提供住宿，按照户口性质缴纳社保、公积金，月薪3000至4500元',1,'1536740448','1539273600',NULL,99,NULL,'3000-4500',NULL,NULL),(261,'车间普工','18至45','初中','小井村','车间普工4名，女性，18至45岁，负责车间有机蔬菜的种植。户口不限，食宿自理，单位上五险，单休，每天工作8个小时，月薪2800至3500',1,'1536740890','1539273600',NULL,100,NULL,'2800-3500',NULL,NULL),(262,'销售助理','22-38','初中','小井村','销售助理20名，男女不限，22至38岁，要求普通话标准，负责有机蔬菜的销售渠道拓展。户口不限，食宿自理，单位上五险，单休，每天工作8小时，月薪4500至8000',1,'1536741056','1565193600',NULL,100,NULL,'4500-8000',NULL,NULL),(263,'营业员','18-45','初中','就近分配','营业员70名，男女不限，18至45岁，要求身体健康，能适应倒班。单位上五险，户口不限，食宿自理，单休，月薪4000至5000',1,'1536808332','1539360000',NULL,101,NULL,'4000-5000',NULL,NULL),(264,'收银员','18-40','高中','就近分配','收银员30名，男女不限，18至40岁，高中以上文化，要求身体健康，能适应倒班，熟练使用电脑，有收银经验者优先.单位上五险，户口不限，食宿自理，单休，月薪4000至5000',1,'1536808637','1565280000',NULL,101,NULL,'4000-5000',NULL,NULL),(265,'前厅服务员','18-45','初中','丰台区看丹桥丰台南路','要求有健康证，包食宿',1,'1536896331','1548086400',NULL,102,NULL,'3000-5000',NULL,NULL),(266,'厨房杂工','18-45','初中','丰台区看丹桥丰台南路','厨房切配、刷碗等，包食宿，要求有健康证',1,'1536896448','1548086400',NULL,102,NULL,'3000-5000',NULL,NULL),(267,'行政经理','21-30','大专','石景山区鲁谷路','负责招聘、起草公文、组织员工活动等。五险一金，体检等福利。',1,'1536896844','1548086400',NULL,103,NULL,'4000-6000',NULL,NULL),(268,'计算机管理员','21-30','大专','石景山区鲁谷路','负责计算机软硬件日常维护工作',1,'1536897120','1548086400',NULL,103,NULL,'4000-6000',NULL,NULL),(269,'销售代表','21-35','初中','南三环','销售代表20人，性别不限，21至35岁，学历不限，单位上五险，食宿自理，每月休息5天，8小时工作制，无责任底薪3500至5000',1,'1537500922','1540051200',NULL,104,NULL,'3500-5000',NULL,NULL),(270,'人事行政专员','21-35','大专','南三环','人事行政专员2名，性别不限，21至35岁，大专以上学历，负责人事行政的工作，单位上五险，食宿自理，双休，月薪3000至5000',1,'1537501102','1540051200',NULL,104,NULL,'3000-5000',NULL,NULL),(271,'文案策划','20-35','大专','南三环','文案策划2名，性别不限，20至35岁，大专以上学历，要求有一年以上相关岗位工作经验，单位上五险，食宿自理，双休，月薪3000至5000元',1,'1537501225','1565971200',NULL,104,NULL,'3000-5000',NULL,NULL),(272,'销售代表','18-30','高中','就近分配（丰台汽车博物馆东路、大兴、朝阳）','销售代表30人，性别不限，18-30岁，8小时工作制，五险一金，周末双休，法定假日，工作满1年带薪年假，月薪4000-6000元。',1,'1537507304','1565971200',NULL,105,NULL,'4000-6000',NULL,NULL),(273,'客服','20-30','高中','就近分配（丰台汽车博馆东路、大兴、朝阳）','客服3名，性别不限，20-30岁，周末双休，五险一金，8小时工作制，月薪5000-5500元。负责接听客户来电，处理客户问题，资料管理等。',1,'1537507507','1540051200',NULL,105,NULL,'5000-5500',NULL,NULL),(274,'会计','25-35','大专','朝阳区富尔大厦','会计3名，女性，25-35岁，大专以上学历，五险，法定节假日，周末双休，带薪年假，月薪6000-8000元。',1,'1537507944','1540051200',NULL,105,NULL,'6000-8000',NULL,NULL),(275,'运营专员','20-30','高中','朝阳区汉威大厦','运营专员3名，男性，20-30岁，五险，周末双休，法定节假日，带薪年假，月薪5000-6000元，晋升空间大',1,'1537508038','1540051200',NULL,105,NULL,'5000-6000',NULL,NULL),(276,'招聘专员','25-35','高中','就近分配（丰台汽车博物馆东路、大兴、朝阳）','招聘专员3名，性别不限，22-35岁，周末双休，法定节假日，五险，月薪4500元无责任，晋升空间大，要求表达能力强，逻辑思维强。',1,'1537508155','1540051200',NULL,105,NULL,'4500',NULL,NULL),(277,'行政助理','20-45','高中','洋桥','行政助理1名，男性，20至45岁，高中以上学历，负责快递收发，登记入库，要求会使用办公软件，单位上五险，北京户口，必须有残疾证，2500至4000元。',1,'1537513446','1557331200',NULL,106,NULL,'2500-4000',NULL,NULL),(278,'水电学徒工','18-40','初中','南方庄','水电学徒工3名，男性，18至40岁，要求身体健康，负责消防设备的安装，单位提供食宿，上五险，实习期3000元，转正后3600加奖金。',1,'1538101192','1566576000',NULL,107,NULL,'3000',NULL,NULL),(279,'保洁','20-50','初中','北京市','保洁10名，性别不限，20至50岁，负责室内外保洁，单位上五险一金，月薪3000元',1,'1538211095','1566662400',NULL,108,NULL,'3000',NULL,NULL),(280,'计算机软件开发','20-45','本科','三环新城','计算机软件工开发人员2名，男性，45岁以下，本科以上学历，负责软件开发，要求计算机专业，有此工作经验的优先，单位上五险一金，双休，朝九晚五，月薪5500至20000元。',1,'1538981359','1567440000',NULL,109,NULL,'5500-20000',NULL,NULL),(281,'美容顾问/护肤专家','18-35','初中','就近分配','美容顾问/护肤专家，18-35岁，女性，初中或以上学历,形象好，皮肤细腻，亲和力强；良好的沟通技巧和顾客服务意识, 熟练掌握货品的知识和陈列知识；曾接受相关技能培训, 一年及以上化妆专柜工作经验为佳；有美容师资格证者优先考虑；诚实正直。',1,'1539226405','1567699200',NULL,110,NULL,'4000',NULL,NULL),(282,'彩妆师','18-35','大专','就近分配','彩妆师20名，女性，18-35岁， 初中以上学历，形象气质佳，具时尚感，肤质好，皮肤白皙，没有明显的瑕疵，五官无纹绣；有较强的表达能力和亲和力，一年及以上化妆专柜工作经验为佳；有一年以上彩妆工作经验或者毕业于彩妆培训学院优先考虑。',1,'1539226628','1541779200',NULL,110,NULL,'4000',NULL,NULL),(283,'高级顾客服务专员','18-40','高中','就近分配','高级顾客服务专员50人，18-40岁，高中以上学历，能接受轮休、轮班的工作制；具有良好的顾客服务意识，认真负责，诚实稳重，具有良好的团队合作意识和沟通能力；具有超市收银或者理货工作经验为佳。',1,'1539226722','1541779200',NULL,110,NULL,'3000-5000',NULL,NULL),(284,'渠道运营主管','40以内','大专','良乡','渠道运营主管3名3名，性别不限，年龄40以内，大专以上学历，月薪4000-8000元。',1,'1539228225','1541779200',NULL,111,NULL,'4000-8000',NULL,NULL),(285,'渠道营销专员','25-45','高中','良乡','渠道营销专员20名，25-45岁，性别不限，月薪3000-5000元。',1,'1539228314','1567699200',NULL,111,NULL,'3000-5000',NULL,NULL),(286,'客服专员','18-40','中专','总部基地','客服专员5名，性别不限，18-35岁，中专以上学历，月薪3000-5000元，六险一金，年终奖，过节费，一日三餐。',1,'1539242161','1567699200',NULL,112,NULL,'3000-5000',NULL,NULL),(287,'开店专员','18-50','初中','北京西站南广场、大兴黄村','开店专员20人，性别不限，18-50岁，月薪5000-25000元，将线下商家拉到平台上开店，上架商品，服务商家，无责任底薪5000-8000元，有奖金，五险一金，提供住宿，有员工餐。试用期1个月发底薪的80。',1,'1539324817','1593705600',NULL,113,NULL,'5000-25000',NULL,NULL),(288,'业务员','18-50','初中','北京西站南广场、大兴黄村','业务员30人，性别不限，18-50岁，月薪5000-25000元，双休，服务维护商家进行年费收缴，服务平台商家，无责任底薪5000-8000元，有奖金，五险一金，提供住宿，有员工餐。试用期一个月发底薪的80%。',1,'1539324997','1541865600',NULL,113,NULL,'5000-25000',NULL,NULL),(289,'平台客服','18-50','初中','北京西站南广场、大兴黄村','平台客服30人，性别不限，18-50岁，打字快，有1年以上工作经验，无责任底薪4000-6000元，转正后上五险一金，试用期1个月，发底薪的80。在平台解决客户商家、消费者的问题。',1,'1539326030','1541865600',NULL,113,NULL,'5000',NULL,NULL),(290,'后台业务开发工程师','18-40岁','大专','北京西站南广场、大兴黄村','后台业务开发工程师1名，性别不限，18-40岁，大专以上学历，参与或独立完成购物车、订单这方面的开发经验，熟悉asp、net，有电商开发项目经验。',1,'1539326268','1541865600',NULL,113,NULL,'15000',NULL,NULL),(291,'工程维修','18-45','初中','宋家庄','工程维修100人，性别不限，18至45岁，负责小区水电空调的物业维修，要求有两年以上此行业工作经验，单位提供住宿，上五险，月休4天，月薪4000至5000元。',1,'1539842496','1542384000',NULL,114,NULL,'4000-5000',NULL,NULL),(292,'保安','18-35','初中','宋家庄','保安100人，男性，18至35岁，负责小区安保，要求身体健康，单位提供住宿，上五险，月休4天，月薪4000至5000元。',1,'1539842686','1542384000',NULL,114,NULL,'4000-5000',NULL,NULL),(293,'中控员','18-35','初中','宋家庄','中控员50人，性别不限，18-35岁，要求有中控证，单位提供住宿，上五险，月休4天。月薪4000至5000元。',1,'1539842804','1542384000',NULL,114,NULL,'4000-5000',NULL,NULL),(294,'保洁员','18-55','初中','宋家庄','保洁员100人，性别不限，18-55岁，要求身体健康，提供住宿，上五险，月休4天，月薪2500至4000',1,'1539842921','1568304000',NULL,114,NULL,'2500-4000',NULL,NULL),(295,'库管','35-40','中专','大井东里','库管1名，男性，35-40岁，，中专及以上学历，物流仓储类相关专业；有驾驶证并5年以上安全驾驶，1年以上相关领域实际业务操作经验，熟悉仓库进出货操作流程，具备物资保管专业知识和技能。月薪4500-5500元，7险，周末双休，节日福利，年终奖金。',1,'1539913568','1542470400',NULL,91,NULL,'4500-5500',NULL,NULL),(296,'业务员','20-50','初中','宋家庄','业务员25名，性别不限，20至50岁，要求沟通能力强，吃苦耐劳，单位提供住宿，周末双休，月薪3500至7000元。',1,'1539935864','1568390400',NULL,116,NULL,'3500-7000',NULL,NULL),(297,'业务助理','20-40','大专','广安路','业务助理1人，性别不限，20至40岁，大专以上学历，负责钢轨钢材的销售，要求有销售经验，双休，五险一金，早8点半至晚5点，月薪4000加提成，试用期一个月，试用期工资3200元。',1,'1539936444','1568390400',NULL,117,NULL,'3200',NULL,NULL),(298,'内勤','20-40','大专','广安路','内勤1人，性别不限，20至40岁，大专以上文化，负责合同管理考勤管理，要求会用电脑，有法律知识的优先，五险一金，双休，工作时间早8点半到晚5点，月薪4000元起',1,'1539936653','1542470400',NULL,117,NULL,'4000',NULL,NULL),(299,'家居销售咨询顾问','20-45','高中','富丰桥','家居销售咨询顾问5名，男女不限，20-45岁，高中以上学历，有家具销售经验优先； 销售经验3年以上，热爱销售工作，良好的客户服有责任心，较强的沟通能力与亲和力；月薪3000-5000元，七险一金，带薪年假，坐五休二，餐补，医疗二次报销，年底十三薪。',1,'1539937592','1568390400',NULL,118,NULL,'3000-5000',NULL,NULL),(300,'家装设计师','22-35','大专','富丰桥','家装设计师5名，性别不限，22-35岁，大专或以上学历，主修建筑或室内设计相关专业，五年以上装修设计工作经验，熟练掌握CAD、Photoshop等绘图软件，有“设计师”职称者优先考虑。月薪七险一金，带薪年假，坐五休二，餐补，医疗二次报销，年底十三薪，月薪8000-15000元。',1,'1539937818','1542470400',NULL,118,NULL,'8000-15000',NULL,NULL),(301,'酒后代驾司机','24-60','高中','东南西北二环至四环','酒后代驾司机，24-60岁，高中以上学历，3年（含以上）驾龄，熟练操作手动挡、自动挡中/高端车型，对北京市区内路况熟悉。1部安卓手机，有北京号段手机号（联通手机卡网速快），有代驾折叠电动车。对北京市路况熟悉、会使用代驾软件（有代驾电动车/会使用支付宝/微信转账功能/会使用手机导航），工作时间： 每周可工作时间至少5天 （请假需提前通报）白班：下午01：30——傍晚4；30，晚班：晚上7：30——夜间00:00 （时间可自由选择）。',1,'1540264046','1542816000',NULL,115,NULL,'5000-8000',NULL,NULL),(302,'市场经理','24-60','高中','丰台区南三环西路','市场经理，24-60岁，高中以上学历，市场营销管理类或相关专业本科以上学历；五年市场营销工作经验，在相关企业任职市场总监三年以上，具有代驾行业的从业背景，对该领域发展有深刻理解。',1,'1540264270','1542816000',NULL,115,NULL,'5000',NULL,NULL),(303,'市场推广专员','24-60','高中','北京市各城区（东城/西城/海淀/大兴/朝阳）','市场推广专员，24-60岁，高中以上学历，工作时间：15:30-20:00， 每周4-5工作日，每周双休。',1,'1540265751','1568736000',NULL,115,NULL,'3000-5000',NULL,NULL),(304,'餐厅员工','18-60','初中','就近分配','餐厅员工50名，性别不限，18-60岁，学历不限，月薪2000-3500元，五险一金，不管吃住，负责配餐、点餐、清渣、制作汉堡。',1,'1540870444','1543420800',NULL,119,NULL,'2000-3500',NULL,NULL),(305,'餐厅经理','18-40','高中','就近分配','餐厅经理20名，性别不限，18-40岁，高中以上学历，月薪3000-5000元，五险一金，有补充医疗，不管吃住。负责餐厅运营等管理工作。',1,'1540870572','1569340800',NULL,119,NULL,'3000-5000',NULL,NULL),(306,'投资顾问','20-55','中专','石景山、海淀区','投资顾问，性别不限，20-55岁，中专以上学历，月薪4300-10000元，五险，不管吃住，双休，正常节假日。',1,'1540872172','1543420800',NULL,120,NULL,'4300-10000',NULL,NULL),(307,'团队经理','20-55','中专','石景山、海淀区','团队经理，20-55岁，中专以上学历，月薪6500-20000元，五险一金，双休，正常节假日，不管吃住。',1,'1540872248','1569340800',NULL,120,NULL,'6500-20000',NULL,NULL),(308,'党务工作者','25-45','大专','丰台团河路','党务工作者，从事单位党建工作，本市户籍。五险一金，有带薪年假，正常班双休日，有年终奖和福利体检！要求中共党员，有一定的写作能力。',1,'1540873342','1543420800',NULL,121,NULL,'3000-4000',NULL,NULL),(309,'车间工人','25-45','初中','丰台团河路','车间工人，25-45岁，身体健康，月薪2500-3000元，带薪年假，周末双休，五险，年终奖，饭补，员工体检，有健康证',1,'1540873445','1569340800',NULL,121,NULL,'2500-3000',NULL,NULL),(310,'物联网产品研发与应用工程师','25-27','本科以上','西四环南路','物联网产品研发与应用工程师1名，性别不限，硕士以上学历，计算机软件、控制理论与控制工程相关专业。五险二金，能提供单身宿舍，各项补助，周末双休，优秀毕业生有机会解决进京指标。该岗位只招收应届毕业生。',1,'1540874181','1543420800',NULL,122,NULL,'6000-10000',NULL,NULL),(311,'智能制造研发工程师','25-27','本科以上','西四环南路','智能制造研发工程师2名，性别不限，硕士以上学历，计算机控制理论与控制工程相关专业，五险二金，能提供单身宿舍，各项补助，周末双休，优秀毕业生有机会解决进京指标。该岗位只招收应届毕业生。',1,'1540876040','1543420800',NULL,122,NULL,'6000-10000',NULL,NULL),(312,'机器视觉产品研发与应用工程师','25-27','本科以上','西四环南路','机器视觉产品研发与应用工程师1名，性别不限，硕士以上学历，月薪6000-1000元，计算机科学、检测技术与自动化装置相关专业。五险二金，能提供单身宿舍，各项补助，周末双休，优秀毕业生有机会解决进京指标。该岗位只招收应届毕业生。',1,'1540876393','1543420800',NULL,122,NULL,'6000-10000',NULL,NULL),(313,'DSP软硬件开发工程师','22以上','本科','西四环南路','DSP软硬件开发工程师3名，性别不限，本科以上学历，月薪5000-10000元，电力电子与电气传动、电气自动化或控制理论与控制工程相关专业。五险二金，能提供单身宿舍，各项补助，周末双休，优秀毕业生有机会解决进京指标。该岗位只招收应届毕业生。',1,'1540876704','1543420800',NULL,122,NULL,'5000-10000',NULL,NULL),(314,'电机开发设计工程师','22以上','本科','西四环南路','电机开发设计工程师2名，性别不限，本科以上学历，月薪5000-10000元，电机设计相关专业。五险二金，能提供单身宿舍，各项补助，周末双休，优秀毕业生有机会解决进京指标。该岗位只招收应届毕业生。',1,'1540876904','1543420800',NULL,122,NULL,'5000-10000',NULL,NULL),(315,'设计研发工程师','25-27','本科以上','西四环南路','设计研发工程师2名，男性，25-27岁，硕士以上学历，机械制造、机械工程及自动化、机械电子等相关专业。五险二金，能提供单身宿舍，各项补助，周末双休，优秀毕业生有机会解决进京指标。该岗位只招收应届毕业生。',1,'1540877200','1569340800',NULL,122,NULL,'6000-10000',NULL,NULL),(316,'销售','22-40','高中','朝阳北皋地区','销售4名，男女不限，22-40岁，高中以上学历，销售专业优先。销售对公烟道清洗服务、消防器材等。月薪2000-5000元，五险，可提供住宿。',1,'1540957163','1569427200',NULL,123,NULL,'2000-5000',NULL,NULL),(317,'招生顾问','18-45','高中','总部基地','招生顾问5人，性别不限，18-45岁，月薪3600-8000元，试用期起五险一金，试用期3600 提成，转正4400+提成，双休，带薪年假，可提供住宿。回复家长学员咨询，完成招生任务。',1,'1540966312','1569427200',NULL,124,NULL,'3600-8000',NULL,NULL),(318,'老师助理','18-55','大专','总部基地','老师助理5名，性别不限，18-55岁，大专以上学历，工作时间16点-20点左右，时薪25元/小时起，有教学经验优先，协助老师完成教学任务。',1,'1540966575','1543507200',NULL,124,NULL,'25元/小时起',NULL,NULL),(319,'预算员','23-50','高中','北京平谷','预算员2名，男女不限，23-50岁，学历高中以上，具有业务相关证书。税后工资5000左右，上五险。',1,'1540969155','1543507200',NULL,125,NULL,'5000',NULL,NULL),(320,'建造师','23-50','高中','北京平谷','建造师5名，男女不限，23-50岁，学历高中以上，机电专业优先，具有业务相关证书。税后工资5000左右，上五险。',1,'1540969378','1569427200',NULL,125,NULL,'5000',NULL,NULL),(321,'代驾晚间客服','24-45','高中','丰台','代驾晚间客服，24-45岁，高中以上学历，性别不限，普通话标准，工作时间：19点-23点，100元/天，接席400代驾客服热线，快速准确定位客户地理位置，合理派遣司机进行服务，跟进订单信息等，不涉及销售类工作。打字快，电脑操作流畅，对北京地理位置熟悉优先上岗。',1,'1540972653','1543507200',NULL,115,NULL,'100元/天',NULL,NULL),(322,'办公室文员','21-30','大专','富丰路','办公室文员1名，女性，21-30岁，大专以上学历（最好本科），已婚已育，有过会计工作经验，1-3年工作以上经验，月薪4000-6000元。文秘、行政管理、企业管理、法律等相关专业。',1,'1541128389','1543680000',NULL,81,NULL,'4000-6000',NULL,NULL),(323,'人事专员','25-40','大专','大井东里','人事专员1名，40岁以下，人力资源管理、行政管理、中文、文秘、汉语言文学及相关专业大专以上学历，3年以上相关工作经验，月薪5000-6000元，7险，周末双休，节日福利，年终奖。',1,'1541131087','1543680000',NULL,91,NULL,'5000-6000',NULL,NULL),(324,'物流司机','18-35','初中','丰台杨树庄、顺义','物流司机，18-35岁，初中以上学历，有货运资格证，五险一金、餐费补贴、补充医疗、节日津贴、防暑降温补贴福利体检、带薪年假。 提供住宿。月薪5000-7000元。',1,'1541385125','1569859200',NULL,78,NULL,'5000-7000',NULL,NULL),(325,'配送员','18-35','初中','丰台区杨树庄','配送员，18-35岁，初中以上学历，月薪4000-6000元，五险一金、餐费补贴、补充医疗、节日津贴、防暑降温补贴福利体检、带薪年假。 提供住宿。',1,'1541385425','1569859200',NULL,78,NULL,'4000-6000',NULL,NULL),(326,'质量管理员（中药饮片）','21-35','大专','园区','质量管理员（中药饮片），药学/中药学或相关专业，大专以上学历，中药执业药师；1年以上中药饮片相关工作经验；月薪4000-6000元，五险一金、餐费补贴、补充医疗、节日津贴、防暑降温补贴福利体检、带薪年假。',1,'1541386173','1569859200',NULL,78,NULL,'4000-6000',NULL,NULL),(327,'器械验收员','21-35','大专','大兴','器械验收员，21-35岁，专科及以上学历，药学等相关专业；有药品或器械质量或验收等工作经验；月薪4000-6000元，五险一金、餐费补贴、补充医疗、节日津贴、防暑降温补贴福利体检、带薪年假。 提供住宿',1,'1541386258','1569859200',NULL,78,NULL,'4000-6000',NULL,NULL),(328,'冷链管理员','21-35','大专','园区','冷链管理员，21-35岁，大专及以上学历，医药生化、物流管理、供应链管理等相关专业；月薪4000-6000元，五险一金、餐费补贴、补充医疗、节日津贴、防暑降温补贴福利体检、带薪年假。 提供住宿',1,'1541386366','1569859200',NULL,78,NULL,'4000-6000',NULL,NULL),(329,'装卸工','18-40','初中','草桥','装卸工，年龄：40岁以下，身体健康良好；月薪3000-4000元',1,'1541395013','1543939200',NULL,16,NULL,'3000-4000',NULL,NULL),(330,'汽修工','18-45','初中','草桥','汽修工，18-45岁，具有相关职业资格证，月薪4000-5000元。',1,'1541395083','1543939200',NULL,16,NULL,'4000-5000',NULL,NULL),(331,'服务员','18-40','高中','东城、海淀','服务员20名，女性，18至40岁，高中以上学历，身高160CM以上，形象气质佳，要求身体健康，单位提供食宿，双休，五险，月薪3000至8000元',1,'1541730921','1570204800',NULL,127,NULL,'3000-8000',NULL,NULL),(332,'司机','22-45','初中','北京市','首汽约车司机10名，男性，22至45岁，初中以上学历，身高175CM以上，体重85公斤以内，要求身体健康，无犯罪记录，三年以上驾驶经验，北京户口。公司提供车，首次入职交风险抵押金10000元，离职时返还。单位上五险，保底工资2120元加提成。',1,'1541731862','1544284800',NULL,127,NULL,'2120 提成',NULL,NULL),(333,'会计','35-55','高中','科学城','会计1名，女性，35至55元，高中学历，要求北京户口，身体健康，有会计经验，有会计证。单位上五险，单休，月薪6000元',1,'1542004490','1544544000',NULL,128,NULL,'6000',NULL,NULL),(334,'前台值班员','45-55','初中','科学城','前台值班员，性别不限，45至55岁，初中学历，要求北京户口，身体健康。有夜班，三班倒，退休者优先，公司提供工作餐。',1,'1542004773','1544544000',NULL,128,NULL,'3000',NULL,NULL),(335,'水工','25-52','初中','科学城','水工2名，男性，25至52岁，初中学历，要求有水暖维修证书，有相关工作经验。户口不限，提供住宿，三班倒，月薪4000至4500元',1,'1542005133','1544544000',NULL,128,NULL,'4000-4500',NULL,NULL),(336,'电工','25-52','初中','科学城','电工2名，男性，25-52岁，初中学历，要求有电工本，有相关工作经验。户口不限，提供住宿，三班倒，月薪4000至4500元。',1,'1542005426','1570464000',NULL,128,NULL,'4000-4500',NULL,NULL),(337,'客服专员','20-39','初中','长阳镇','客服专员，性别不限，20-38岁，中专以上学历，要求普通话标准，身体健康，会简单的电脑操作。无责任底薪3000 提成奖金，综合工资5000元以上，缴纳五险，提供住宿。',1,'1542184992','1570636800',NULL,126,NULL,'3000加提成',NULL,NULL),(338,'文案设计师','20-35','本科','晓月苑','文案设计师1名，20-35岁，广告、美术、平面设计、新闻学，相关专业本科以上学历，1年以上设计或新媒体相关工作经验，熟练掌握各种设计软件，有良好的美术和摄影功底，有一定的写作功底；月薪：4000-6000元。五险、双休、定期体检、防暑降温和供暖补贴、定期组织优秀员工旅游。',1,'1542268405','1544803200',NULL,69,NULL,'4000-6000',NULL,NULL),(339,'业务员','23-35','大专','晓月苑','业务员2名，负责和全国的图书馆业务的合作。大专以上学历，年龄23-35之间，熟悉电脑操作及办公软件；有销售经验及有驾照者优先。月薪：4000-6000元。五险、双休、定期体检、防暑降温和供暖补贴、定期组织优秀员工旅游。',1,'1542268507','1544803200',NULL,69,NULL,'4000-6000',NULL,NULL),(340,'保洁员','30-60','初中','晓月苑','保洁员2名，30-60岁，男女不限、退休人员、残疾人优先，负责办公楼内卫生清洁，月薪：2000-3000元',1,'1542268571','1544803200',NULL,69,NULL,'2000-3000',NULL,NULL),(341,'淘宝客服','22-35','大专','晓月苑','淘宝客服2名，通过淘宝旺旺、QQ等聊天工具接待客户。大专以上学历，年龄35岁以下，熟悉电脑操作及办公软件；具有良好的沟通协调能力，工作认真负责，具有团队精神，月薪：4000-6000 元。五险、双休、定期体检、防暑降温和供暖补贴、定期组织优秀员工旅游。',1,'1542268660','1544803200',NULL,69,NULL,'4000-6000',NULL,NULL),(342,'天猫运营','22-40','大专','晓月苑','天猫运营2名，负责图书类目天猫店铺运营工作，大专以上学历，年龄40岁以下，熟悉电脑操作及办公软件；工作经验1-3以上,熟悉天猫平台规则，有图书类目经验者优先。月薪：6000-8000元1.负责图书类目天猫店铺运营工作，大专以上学历，年龄40岁以下，熟悉电脑操作及办公软件；工作经验1-3以上,熟悉天猫平台规则，有图书类目经验者优先。月薪：6000-8000元。五险、双休、定期体检、防暑降温和供暖补贴、定期组织优秀员工旅游。',1,'1542268776','1544803200',NULL,69,NULL,'6000-8000',NULL,NULL),(343,'市场专员','22-48','高中','康辛路','市场专员5名，性别不限，22-48岁，月薪3000-7000元，五险，周休一天，法定节假日，节日福利，国内外游。也可兼职',1,'1542771104','1545321600',NULL,130,NULL,'3000-7000',NULL,NULL),(344,'调查问卷','22-48','高中','康辛路','调查问卷5名，性别不限，22-48岁，月薪3000-7000元，五险，周休一天，法定节假日，节日福利，国内外游。也可兼职',1,'1542771154','1571241600',NULL,130,NULL,'3000-7000',NULL,NULL),(345,'办公室文案','20-35','大专','新发地','女性，大专以上学历，年龄35岁以下，熟悉办公室文案工作，具有相应工作经验者优先。薪酬福利：试用期2000元，转正后4500-5000元左右（基本工资 绩效工资 全勤奖金 午餐补助 周六加班费）。',1,'1542784284','1545321600',NULL,131,NULL,'4500-5000',NULL,NULL),(346,'车辆检测服务录入员','20-35','大专','新发地','女性，年龄35岁以下，大专以上学历，计算机、汽车工程等专业优先。薪酬福利：试用期2000元，转正后4500至5000元左右（基本工资 绩效工资 全勤奖金 环保补助 午餐补助费 加班补助费）。',1,'1542784326','1545321600',NULL,131,NULL,'4500-5000',NULL,NULL),(347,'汽车检测员','20-40','大专','新发地','男性，年龄40岁以下，大专以上学历，汽车工程、汽车维修等专业优先，熟练驾驶大客车或大货车者优先。薪酬福利：试用期2000元，转正后4500至5000元左右（基本工资 绩效工资 全勤奖金 环保补助 午餐补助费 加班补助费）。',1,'1542784374','1571241600',NULL,131,NULL,'4500-5000',NULL,NULL),(348,'前台','18-28','中专','西城区','前台6名，性别不限,18至28岁，中专以上学历，负责接听电话、办理客人的入店离店，单位上五险，包食宿，白夜倒班，月休8天，月薪3500至5500元。女性160CM以上，男性170CM以上。',1,'1542787849','1545321600',NULL,132,NULL,'3500-5500',NULL,NULL),(349,'客房服务员','20-50','初中','西城区','客房服务员10名，性别不限，20至50岁，初中以上学历，负责打扫客房，要求身体健康，服务意识强，单位上五险，包食宿，工作时间早8:00至晚16:30，双休，月薪3500至5500元。',1,'1542788048','1555689600',NULL,132,NULL,'3500-5500',NULL,NULL),(350,'礼宾员','18-45','初中','西城区','礼宾员，男性，18至40岁，初中以上学历，负责大厅和后院的安全，单位上五险，包食宿，倒班，月休8天，月薪3000至5500元',1,'1542788352','1545321600',NULL,132,NULL,'3000-3500',NULL,NULL),(351,'销售','18-45','初中','西红门','销售3名，18至45岁，负责水果批发业务的推广，单位上五险，单休，每周到单位报到1天，底薪加提成4000至7000元。',1,'1542790620','1571241600',NULL,133,NULL,'4000-7000',NULL,NULL),(352,'中移铁通客服','18-42','中专','总部基地8区21号楼','中移铁通客服10人，18-42岁，性别不限，中专以上学历，月薪5000-6000元，上三休二，倒班，上班时间：早8点-晚6点，早10点-晚8点，每周不超过40小时。对中移铁通申报宽带故障客户进行电话沟通。',1,'1542858170','1573920000',NULL,134,NULL,'5000-6000',NULL,NULL),(353,'行政人员','22-30','本科','海淀区','22-30岁，性别不限；大学本科学历及以上，中文、新闻、法律、思想政治教育、政治学与行政学等相关专业优先；有良好的写作能力和沟通协调能力；思维敏捷，具有较强的判断力和执行力；具有积极的工作态度,有良好的团队协作能力，保密意识强；有驾照，驾驶技术熟练。工作职责：协助部门领导完成汇报、专报、方案、流程、总结等公文写作；负责书写工作日志、周计划、周总结、月度及年度总结与计划等；参与未来网活动策划，对接其他部门及其他单位参与相关工作规划；组织有关会议，撰写会议纪要、撰写文件报告并上报给相关领导。',1,'1542869608','1545408000',NULL,135,NULL,'4000-6000',NULL,NULL),(354,'法务人员','22-30','本科','海淀区','22—30岁，男女不限；法律相关专业，全日制本科及以上学历；熟悉法务处理流程；较强的写作能力，能独立完成法律文书起草工作，具备较强的沟通协调能力，良好的谈判能力；能熟练运用计算机办公软件；具有较强的政治意识，能承受压力，保密意识强。  工作职责：起草、审查和修改各类法律文书及合同；负责各类诉讼、仲裁或非诉讼法律事务，维护我司合法权益；日常经营管理活动提供法律咨询；搜集、整理相关行业有关法律、法规，提供员工法律培训工作；整理法律事务相关各类档案等。',1,'1542869846','1571328000',NULL,135,NULL,'5000-8000',NULL,NULL),(355,'装配工','18-50','初中','大红门六合庄','装配工15名，男性，18-50岁，初中以上学历，月薪2000-4500元，周末双休，五险一金，提供员工宿舍，免费工作餐，各类节日福利，法定节假日休息。负责在车间流水线组装发动机。',1,'1543299672','1571760000',NULL,136,NULL,'2000-4500',NULL,NULL),(356,'店员','23-40','初中','丰体北路','店员2名，女性，23-40岁，服务意识强，沟通能力佳，形象气质佳，熟悉电脑操作，有销售、导购经验优先。月薪3500-5000元，五险，每周单休，有餐补。负责门店日常运营，商品销售和推广，对账，退换货等工作。',1,'1543386626','1571846400',NULL,137,NULL,'3500-5000',NULL,NULL),(357,'站务员','20-37','中专','就近分配','站务员，性别不限，20至37岁，中专以上学历，月薪4000至4500元。www.mtr.bj.cn北京京港地铁优先公司官网投递简历',1,'1543469643','1546012800',NULL,138,NULL,'4000-4500',NULL,NULL),(358,'客车司机','20-35','大专','就近分配','客车司机，男性，20至35岁，大专以上学历，月薪5000至5500元。www.mtr.bj.cn北京京港地铁优先公司官网投递简历',1,'1543469711','1571932800',NULL,138,NULL,'5000-5500',NULL,NULL),(359,'英语老师','21-40','大专','北大地','英语老师5名，21-40岁，大专以上学历，英语四级以上，口语好，有出国经验优先，月薪5000-10000元，五险，每周单休，倒班制，早10-晚6点，午1点-晚8点，周末早9点-晚6点。',1,'1543472390','1546012800',NULL,139,NULL,'5000-10000',NULL,NULL),(360,'课程顾问','21-40','大专','北大地','课程顾问5名，21-40岁，大专以上学历，月薪5000-10000元，五险，每周单休，有本行业销售经验优先。',1,'1543472487','1571932800',NULL,139,NULL,'5000-10000',NULL,NULL),(361,'电话销售','21-50','初中','北大地','电话销售5名，21-50岁，初中以上学历，月薪4000-8000元，五险，每周单休，有本行业销售经验优先。',1,'1543472562','1546012800',NULL,139,NULL,'4000-8000',NULL,NULL),(362,'市场推广','21-45','初中','北大地','市场推广5名，21-50岁，初中以上学历，月薪4000-8000元，五险，每周单休，有本行业销售经验优先。负责课程的推广、宣传',1,'1543472635','1546012800',NULL,139,NULL,'4000-8000',NULL,NULL),(363,'助理秘书','18-30','大专','总部基地','助理秘书，18-30岁，女，性格外向，形象好气质佳，擅长沟通、协调，大专及以上学历，有相关工作经验者优先。月薪4000-8000元，五险一金。',1,'1543974612','1546531200',NULL,124,NULL,'4000-8000',NULL,NULL),(364,'美术老师','21-60','大专','总部基地','美术老师，21-60岁，大专及以上学历，绘画及美术相关专业，有教师资格证者优先；普通话标准，有创意美术经验或艺考教学经验者优先；月薪4000-8000元，五险一金。',1,'1543974767','1546531200',NULL,124,NULL,'4000-8000',NULL,NULL),(365,'英语老师','23-60','本科','总部基地','英语老师，23-60岁，大学本科及以上学历，具备两年以上教学经验，有新概念教育经验者优先；英语口语发音标准，有教师资格证或海外留学经验者优先。月薪4000-8000元，五险一金。',1,'1543974908','1546531200',NULL,124,NULL,'4000-8000',NULL,NULL),(366,'销售','20-30','大专','长辛店','销售5名，性别不限，20至30岁，底薪3000加提成，双休，食宿自理',1,'1544147632','1546704000',NULL,140,NULL,'3000加提成',NULL,NULL),(367,'行政兼出纳','20-30','大专','长辛店','行政兼出纳，性别不限，20至30岁，大专以上学历，月薪3000至5000元，懂财务知识，有会计证，负责考勤统计，网站更新等。双休，食宿自理',1,'1544147981','1572624000',NULL,140,NULL,'3000-5000',NULL,NULL),(368,'理货员','25-45','初中','首经贸地铁B口','理货员50人，性别不限，25至45岁，初中以上学历，单位上五险，食宿自理，税后工资3000至4000元，月休4天。',1,'1545202243','1547740800',NULL,141,NULL,'3000-4000',NULL,NULL),(369,'收银员','20-40','高中','首经贸地铁B口','收银员20名，女性，20至40岁，高中以上学历，单位上五险，食宿自理，税后工资3000至4000，月休4天',1,'1545202325','1547740800',NULL,141,NULL,'3000-4000',NULL,NULL),(370,'保洁员','25-45','初中','首经贸地铁B口','保洁员50名，性别不限，25至45岁，初中以上学历，单位上五险，食宿自理，税后工资3000至4000元，月休4天',1,'1545202471','1547740800',NULL,141,NULL,'3000-4000',NULL,NULL),(371,'防损员','25-45','高中','首经贸地铁B口','防损员10名，性别不限，25至45岁，高中以上学历，单位上五险，食宿自理，税后工资3000至4000元，月休4天',1,'1545202600','1573660800',NULL,141,NULL,'3000-4000',NULL,NULL),(372,'药店营业员','20-40','中专','海淀、朝阳','药店营业员20名，性别不限，要求医药相关专业，上一休一，或上二休一，根据店内情况安排，可提供住宿，工资保底2000加提成加补贴。',1,'1545209830','1547740800',NULL,142,NULL,'2000加提成',NULL,NULL),(373,'药店店长','20-40','中专','海淀、朝阳','药店店长，性别不限，要求医药相关专业，上一休一，或上二休一，根据店内情况安排，可提供住宿，工资保底2000 加提成加补贴。',1,'1545209935','1573660800',NULL,142,NULL,'2000加提成',NULL,NULL),(374,'店铺助理','20-40','高中','马家堡','店铺助理5名，性别不限，20至40岁，高中以上学历，月薪4000至6000元。单位上五险一金，提供住宿，单休。',1,'1545890296','1574352000',NULL,143,NULL,'4000-6000',NULL,NULL),(375,'店铺健康讲解师','20-40','高中','马家堡','店铺健康讲解师5名，性别不限，20至40岁，高中以上学历，月薪4000至6000元。单位上五险一金，提供住宿，单休。',1,'1545890902','1548432000',NULL,143,NULL,'4000-6000',NULL,NULL),(376,'面点','40-50','初中','莲花池','面点1名：女性，40-50岁，身体健康，五官端正，有相关经验者优先。最好有相关经验。工作时间：8：00-17：00。福利待遇：试工期1个月，转正后月薪4000元，上五险，每周休息一天。',1,'1546570138','1549123200',NULL,58,NULL,'4000',NULL,NULL),(377,'锅炉工','40岁左右','初中','莲花池','锅炉工2名，男性，40岁左右，五官端正，身体健康，有锅炉证，有相关经验。工作时间：四班三运转。福利待遇：试工期1-3个月，月薪2960元；转正后月薪3700元 绩效。',1,'1546570205','1549123200',NULL,58,NULL,'3700 绩效',NULL,NULL),(378,'保洁员','30-50','初中','小屯路','保洁员10名，女性，30-50岁，初中以上学历，单休，五险，8小时工作制，提供吃住，有单位保洁经验者优先。月薪3500-4000元。',1,'1547084640','1549641600',NULL,144,NULL,'3500-4000',NULL,NULL),(379,'厨房杂工','30-50','初中','小屯路','厨房杂工10名，30-50岁，女性，初中以上学历，双休，五险，8小时工作制，包吃住，有单位食堂经验者优先。',1,'1547084735','1549641600',NULL,144,NULL,'3500-4000',NULL,NULL),(380,'保育员','30-50','初中','小屯路','保育员10名，30-50岁，女性，初中以上学历，双休，五险，有保育员证优先，包吃住，有工作经验者优先。',1,'1547084858','1549641600',NULL,144,NULL,'3200-3500',NULL,NULL),(381,'校车司机','55岁以内','初中','小屯路','校车司机3名，男性，55岁以内，初中以上学历，北京市户口，要求B本或A本，五险，双休。',1,'1547084951','1549641600',NULL,144,NULL,'4000-4100',NULL,NULL),(382,'保健医','50岁以内','大专','小屯路','保健医1名，女性，50岁以内，大专以上学历，月薪5000-8000元，有保健医上岗证，医学学历优先，五险，双休，包吃住。',1,'1547085053','1549641600',NULL,144,NULL,'5000-8000',NULL,NULL),(383,'厨师/面点师','30-50','初中','小屯路','厨师/面点师2名，男性，30-50岁，初中以上学历，五险，包吃住，双休，8小时制，有工作经验者优先，有职业证书者优先。',1,'1547085170','1575561600',NULL,144,NULL,'5000-6000',NULL,NULL),(384,'厨师','18-55','初中','丰台东大街','提供食宿，早6晚6，三餐后休息，月休2天，要求：健康证，无犯罪记录证明，有厨师资格证优先。有30人以上饭店或食堂相关职位从业经验，能够掌握20种以上菜式的制作方法。2年以上的工作经验。',1,'1547456296','1549987200',NULL,145,NULL,'6500',NULL,NULL),(385,'面点师','18-55','初中','丰台东大街','提供食宿，早6晚6，三餐后休息，月休2天，要求：健康证，无犯罪记录证明，有厨师资格证优先。有30人以上饭店或食堂相关职位从业经验，能够独立完成完整面点制作流程，掌握20种以上面点的制作方法。2年以上的工作经验。',1,'1547517040','1550073600',NULL,145,NULL,'6000',NULL,NULL),(386,'打荷','18-55','初中','丰台东大街','提供食宿，早6晚6，三餐后休息，月休2天，要求：健康证，无犯罪记录证明。',1,'1547517203','1550073600',NULL,145,NULL,'5000',NULL,NULL),(387,'杂工','18-55','初中','丰台东大街','提供食宿，早6晚6，三餐后休息，月休2天，要求：健康证，无犯罪记录证明。',1,'1547517242','1575993600',NULL,145,NULL,'5000',NULL,NULL),(388,'食堂小时工','18-45','初中','靛厂路千禧购物中心','食堂小时工，45岁以下，初中学历，普通话良好，有面点工作经验者优先。',1,'1547536659','1550073600',NULL,146,NULL,'面议',NULL,NULL),(389,'暖通工','20-45','高中','靛厂路千禧购物中心','暖通工5名，45岁以下，高中以上学历，持有空调技工上岗证，有空调系统运行经历，2年以上工作经验，月薪3500-5500，五险一金，绩效工资，交通补助。',1,'1547620663','1550160000',NULL,146,NULL,'3500-5500',NULL,NULL),(390,'电工','20-45','高中','靛厂路千禧购物中心','电工5名，45岁以下，高中以上学历，持有职业资格证书、特种作业操作证，有变配电设备系统运行经历，2年以上工作经验。月薪3500-5500元，五险一金，绩效工资，交通补助。',1,'1547620806','1550160000',NULL,146,NULL,'3500-5500',NULL,NULL),(391,'中控','18-35','高中','靛厂路千禧购物中心','中控3人，35岁以下，高中以上学历，持有《建（构）筑物消防员》资格证书，1年以上工作经验，有商业物业工作经历者或退伍军人优先。月薪3000-5000元，五险一金，交通补助。',1,'1547620916','1576080000',NULL,146,NULL,'3000-5000',NULL,NULL),(392,'会计主管','27-45','本科','靛厂路千禧购物中心','会计主管2名，45岁以下，本科以上，5年以上工作经验 ，北京市户口，有会计、财务相关专业（统招）本科及以上学历，有会计中级资格证书者，学历可适当放宽。月薪5500-8000元，五险一金，交通补助。',1,'1547621476','1550160000',NULL,146,NULL,'5500-8000',NULL,NULL),(393,'经营发展专员','22-30','本科','靛厂路千禧购物中心','经营发展专员3名，年龄30岁以下，本科以上学历，经营策划、设计等专业应届毕业生也可，熟练使用Office办公软件及photoshop、CAD等专业软件，2年以上工作经验 ，月薪5000-7000元，五险一金、交通补助。',1,'1547626514','1550160000',NULL,146,NULL,'5000-7000',NULL,NULL),(394,'文案策划','22-30','本科','靛厂路千禧购物中心','文案策划3名，本科以上学历，2年以上工作经验，月薪6000-8000元，五险一金、交通补助。任职要求：1. 市场营销；2. 具有2-3年化妆品品牌文案策划工作经验；3. 了解化妆品及护肤品行业的需求点及特点；4. 文字功底强，能独立撰写文案，有创意，有想法；5. 理解能力，沟通能力强者优先；6. 有美容养生行业工作经验优先',1,'1547626698','1576080000',NULL,146,NULL,'6000-8000',NULL,NULL),(395,'厨师','20-55','初中','杜家坎','厨师4名，男55岁以下，女45岁以下，月薪3000-5000元，倒班，包吃住，有加班费，五险，每周双休。',1,'1547695114','1550246400',NULL,94,NULL,'3000-5000',NULL,NULL),(396,'面点','20-55','初中','杜家坎','面点4名，男55岁以下，女45岁以下，月薪3000-5000元，倒班，包吃住，有加班费，五险，每周双休。',1,'1547695178','1550246400',NULL,94,NULL,'3000-5000',NULL,NULL),(397,'服务员','20-55','初中','杜家坎','服务员3名，男55岁以下，女45岁以下，月薪2500-3500元，倒班，包吃住，有加班费，五险，每周双休。',1,'1547698949','1550246400',NULL,94,NULL,'2500-3500',NULL,NULL),(398,'切配','20-55','初中','杜家坎','切配工4名，男55岁以下，女45岁以下，月薪2500-3000元，倒班，包吃住，有加班费，五险，每周双休。',1,'1547699060','1550246400',NULL,94,NULL,'2500-3000',NULL,NULL),(399,'洗消','20-55','初中','杜家坎','洗消3名，男55岁以下，女45岁以下，月薪2500--2800元，倒班，包吃住，有加班费，五险，每周双休。',1,'1547699127','1576166400',NULL,94,NULL,'2500-2800',NULL,NULL),(400,'4S店会计','25-40岁','本科以上','新发地','4S店会计1名，25-40岁，本科以上财务金融相关专业，从事总账会计2年以上，熟练驾驶汽车，月薪6千至7千，5险，双休，有食堂，带薪年假。',1,'1547793690','1550332800',NULL,147,NULL,'6000-7000',NULL,NULL),(401,'机修工及机修学徒','18至30岁','初中','新发地','机修工及机修学徒男5名，18到30岁,有4s店两年以上维修经验，持有c1以上驾驶本，熟练驾驶车辆，月薪2000到12000元，每天8小时，上六休一，上五险，有食堂，负责维修工具保管。',1,'1547793805','1550332800',NULL,147,NULL,'2000-12000',NULL,NULL),(402,'汽车4S店收银员','20-30','高中','新发地','汽车4S店收银员2名，20-30岁，高中以上学历，有会计、财务专业、汽车4S店工作经验者优先，月薪4千至5千，五险，双休，有食堂，带薪年假',1,'1547794525','1550332800',NULL,147,NULL,'4000-5000',NULL,NULL),(403,'配件收发员','18-35','高中','新发地','配件收发员性别不限1人，年龄18到35岁，文化高中以上，负责配件日常收发，负责配件管理盘点，配件损耗情况，月薪3000到5000元，每天8小时工作，上五险，有食堂，上六休一。',1,'1547794682','1550332800',NULL,147,NULL,'3000-5000',NULL,NULL),(404,'人事行政专员及助理','18-30','中专','新发地','人事行政专员及助理1人，年龄18到30岁，文化中专以上，人事招聘，员工入职、离职手续，社保及住房公积金办理，熟悉国家政策，会开车，月薪4000到5000，双休，上五险，有食堂。',1,'1547794741','1576252800',NULL,147,NULL,'4000-5000',NULL,NULL),(405,'钣金工','18-30','初中','新发地','钣金工2名，男性，年龄18到30岁，文化初中以上，按照维修单指示，有责任心，认真仔细，吃苦耐劳，服从领导安排，月薪6000到9000元，上五险，上六休一，有食堂。',1,'1547794796','1550332800',NULL,147,NULL,'6000-9000',NULL,NULL),(406,'华夏银行信用卡风控管理专员','18-38','中专','长阳镇','华夏银行信用卡风控管理专员20名，年龄18-38岁，中专以上学历，具有良好的表达能力，普通话表准，熟悉基本的电脑操作，个人征信良好，无犯罪记录，月薪4000-10000。',1,'1548033156','1550592000',NULL,126,NULL,'4000-10000',NULL,NULL),(407,'司机','18-40','初中','刘庄子','司机10名，男性，年龄18-40岁，学历不限，C1本，有从业资格证，会开4.2米箱货，月薪6000左右。',1,'1548033698','1550592000',NULL,57,NULL,'6000左右',NULL,NULL),(408,'文员','55以内','高中','丰台南路','文员1名，55以内，协助区经理日常运营工作，完成考勤绩效月报表；劳保月申报工作；维修周报、月报年报等工作，完成每月劳保、办公用品的申报与发放，完成日常文件、档案的管理工作及日常账务登记情况，确保无遗漏无错误，完成人员离职入职手续办理登记工作情况，并在每月倒数第二个工作日发送至人力资源部，完成公司日常文件、档案的管理及日常账务登记情况，协助配合公司其他部门完成各类工作，及领导交办的其他临时事宜，月薪2000加绩效500，双休。',1,'1548034377','1550592000',NULL,1,NULL,'2000加绩效',NULL,NULL),(409,'后台监控','40以内','中专','刘家窑（宋家庄、角门、丰台南路）','后台监控1名，年龄40以内，中专，实时监控调车后台，及时有效反馈调车信息，准确反馈调车信息，并传达调配信息，时时查看监控后台，保证不出现任何紧急未处理情况，领导交代的其他事宜，月薪2000加绩效500，上一休一。',1,'1548034581','1550592000',NULL,1,NULL,'2000加绩效',NULL,NULL),(410,'自动化技术员','40以内','高中','丰台南路','自动化技术员1名，40以内，负责本区域公共自行车设备的维修、维护、调试、升级，负责本区域区的找车工作，区域经理交代的工作，双休，月薪2000加绩效1500-2000。',1,'1548034743','1550592000',NULL,1,NULL,'2000加绩效',NULL,NULL),(411,'店铺副经理','20-38','初中','就近分配','店铺副经理5名，20-38岁，文化初中以上，有零售店铺管理经验，月薪4000-6000。',1,'1548035119','1550592000',NULL,110,NULL,'4000-6000',NULL,NULL),(412,'业务经理','20-50','初中','宋家庄','业务经理5名，年龄20-50，具有销售经验，渠道开发，团队管理，月薪4000加提成，',1,'1548035724','1550592000',NULL,116,NULL,'4000加提成',NULL,NULL),(413,'司机','18-40','初中','宋家庄','司机10名，年龄18-40岁，c本以上，吃苦耐劳熟悉北京路况，带车从优，月薪5000加提成。',1,'1548035866','1550592000',NULL,116,NULL,'5000加提成',NULL,NULL),(414,'客服专员','18-35','初中','宋家庄','客服专员2名，年龄18-35岁，熟悉办公软件，客户管理及订单处理。本地优先，月薪3500加提成。',1,'1548035989','1550592000',NULL,116,NULL,'3500加提成',NULL,NULL),(415,'后台维护','18-35','初中','宋家庄','后台维护2名，年龄18-35岁，熟悉商城后台订单处理；熟练应用平面设计软件，月薪4000加提成。',1,'1548036086','1550592000',NULL,116,NULL,'4000加提成',NULL,NULL),(416,'厨房杂工','18-40','初中','花乡','厨房杂工5名，年龄18-40岁，吃苦耐劳，身体健康（需要取得健康证），年龄性别不限，月薪3000-4000元，包吃包住。',1,'1548036886','1550592000',NULL,148,NULL,'3000-4000',NULL,NULL),(417,'餐厅服务员','18-35','初中','花乡','餐厅服务员2名，18到35岁，性别不限，身体健康，五官端正，有服务员相关经验，担任过日料餐厅服务员者优先，月薪3500-4000，包吃包住。',1,'1548036975','1550592000',NULL,148,NULL,'3500-4000',NULL,NULL),(418,'日料厨师','18-50','初中','花乡','日料厨师2名，18到50岁，性别不限，有日料厨师经验，鱼生寿司、炸煮烤、日式铁板等均可，月薪5000-8000元，包吃包住。',1,'1548037075','1576512000',NULL,148,NULL,'5000-8000',NULL,NULL),(419,'中控值机','28-45','中专','汽车博物馆南路；复兴路69号','中控值机3名，男性，年龄28-45之间，学历中专以上，身高1.70米以上，持中控值机证，有3年以上工作经验，熟悉消防设备及应急操作，上五险一金，节日加班费、年假十三薪，发放餐补，提供住宿，税后工资加绩效4000元',1,'1548037962','1550592000',NULL,149,NULL,'4000',NULL,NULL),(420,'配电运行','28-45','中专','汽车博物馆南路；复兴路69号','配电运行3名，男性，年龄28-45之间，学历中专以上，身高不限，持高压运行证书，有3年以上10千伏值机工作经验，熟悉应急突发事件操作，五险一金，节日加班费、年假、十三薪。税后工资 绩效4000元。发放餐补，可提供宿舍。',1,'1548038108','1550592000',NULL,149,NULL,'4000',NULL,NULL),(421,'会议服务','18-30','中专','汽车博物馆南路-中铁大厦；复兴路69号-中国中铁总部办公楼','会议服务4名，女性，年龄18-30岁，身高1.70及以上，体重125斤以内，普通话标准，中专以上学历，有会议服务工作经验，面貌姣好，签署劳动合同，五险一金，节日加班费、年假、十三薪。税后工资 绩效5500元。发放餐补，可提供宿舍。',1,'1548038198','1550592000',NULL,149,NULL,'5500',NULL,NULL),(422,'前台礼仪','22-35','中专','汽车博物馆南路-中铁大厦；复兴路69号-中国中铁总部办公楼','前台服务2名，男性，身高1.80米及以上，年龄22-35岁，负责大堂形象展示、礼仪接待、访客管理、礼宾服务。有物业工作经验优先，且退伍军人优先（待遇可谈）。签署劳动合同，五险一金，节日加班费、年假、十三薪。税后工资 绩效5500元。发放餐补，可提供宿舍。',1,'1548038308','1550592000',NULL,149,NULL,'5500',NULL,NULL),(423,'客户服务','18-35','中专','汽车博物馆南路-中铁大厦；复兴路69号-中国中铁总部办公楼','客户服务3名，女性，年龄18-35岁，身高1.65及以上，普通话标准，中专以上学历，有物业工作经验，五官端正，签署劳动合同，五险一金，节日加班费、年假、十三薪。税后工资 绩效4000元。发放餐补，可提供宿舍。',1,'1548038430','1602432000',NULL,149,NULL,'4000',NULL,NULL),(424,'强、弱电工程人员','18-50','初中','房山；朝阳','强、弱电工程人员：7名，年龄18-50岁，文化不限，负责对设备设施经行维护及检查，发现问题及时处理，具备强弱电相关证书，加强责任心，对强弱电方面感兴趣，月薪3400-3500元，上六休一， 有住宿，工作餐，带薪年假，五险。',1,'1548912606','1551456000',NULL,150,NULL,'3400-3500',NULL,NULL),(425,'消防中控','18-50','初中','房山区','消防中控8人，年龄18-50岁，文化不限，负责做好消防中控相关工作，具备相关证书，较强责任心，月薪3300-3500元，有住宿，工作餐，带薪年假，五险。',1,'1548912850','1551456000',NULL,150,NULL,'3300-3500',NULL,NULL),(426,'办公室职员','18-45','中专','房山区','办公室职员1人，年龄18-45岁，文化中专以上，负责办公室相关文案工作，具备良好的服务意识和沟通能力，熟练运用办公软件，应届毕业生优先，月薪2500-2800元，周末双休， 有住宿，工作餐，带薪年假，五险。',1,'1548913156','1551456000',NULL,150,NULL,'2500-2800',NULL,NULL),(427,'物业管理员','18-35','中专','房山区','物业管理员3人，年龄18-35岁，文化中专以上，负责业主接待、报修、投诉、收费等物业工作，并做好相关工作记录，身高165CM以上，具备将强的责任心及服务意识，月薪3000-3400元，周末双休， 有住宿，工作餐，带薪年假，五险一金。',1,'1548913430','1551456000',NULL,150,NULL,'3000-3400',NULL,NULL),(428,'秩序维护员','20-50','初中','朝阳区；丰台区；房山区','秩序维护员21人，年龄20-50岁，文化不限，负责安保等秩序维护相关工作，较强责任心，退伍军人优先，月薪3000-3400元，上六休一， 有住宿，工作餐，带薪年假，五险一金。',1,'1548913736','1551456000',NULL,150,NULL,'3000-3400',NULL,NULL),(429,'新秩序维护员','18-45','初中','朝阳区北京电视台新址','新秩序维护员210人，男18-45岁，女18-30岁，文化不限，负责电视台安保、安检等秩序维护相关工作，男身高170CM以上，女身高162cm以上，身心健康，五官端正，会说普通话，较强责任心，退伍军人优先，有住宿，工作餐，带薪年假，五险一金。',1,'1548914169','1577376000',NULL,150,NULL,'3150-3450',NULL,NULL),(430,'会计','20-50','大专','丰台区杜家坎','会计1名，男性，20-50岁，大专以上学历，月薪5000元以上，有会计证，有会计经验，户口不限，单位包吃住，试用期3个月，五险。',1,'1549958047','1552492800',NULL,151,NULL,'5000以上',NULL,NULL),(431,'业务员','20-50','初中','丰台区杜家坎','业务员4名，男性，年龄20-50岁，文化初中以上，业务经验丰富，包吃包住，五险试用期3个月，月薪5000以上。',1,'1549958266','1552492800',NULL,151,NULL,'5000以上',NULL,NULL),(432,'司机','20-50','初中','丰台区杜家坎','司机4名，男性，年龄20-50岁，文化初中以上，C1驾驶本以上，有丰富的驾驶经验，包吃住，试用期3个月，五险，月薪5000以上。',1,'1549958511','1578412800',NULL,151,NULL,'5000以上',NULL,NULL),(433,'保安','45-60','初中','丰台北路12号','保安3名，男性，年龄45-60岁，文化不限，白班夜班上12休36，车场指挥，安全保卫，五险，有午饭，月薪2500-3500。',1,'1550111961','1578585600',NULL,152,NULL,'2500-3500',NULL,NULL),(434,'汽车销售','22-40','中专','丰台北路12号','汽车销售5名，男性，年龄22-40岁，文化程度中专以上，展厅接待，汽车产品介绍，汽车销售及相关服务保障，单休，五险，工作时间8小时，有C1驾驶本以上，月薪5000-10000元。',1,'1550112016','1578585600',NULL,152,NULL,'5000-10000',NULL,NULL),(435,'特种车司机','21-45','初中','首都国际机场','特种车司机10名，45岁以下，男性，持有准驾车型B2（不含B1）以上驾照，驾龄2年以上，身体健康无重大疾病；无违法犯罪记录，可提供无犯罪记录证明。适应倒班、夜班制工作时间。月薪4000--5400元（含夜班费、年功津贴、两费补助等），按国家规定缴纳五险，享受带薪年假、防暑降温费等。食宿自理。用工形式为劳务派遣制，所有岗位工作地点为北京市朝阳区机场西路，北京市首都国际机场。综合计算工时制，根据各班组情况排班（无特殊情况执行白夜休休班制）扫二维码报名。报名携带材料（身份证原件、复印件，一寸白底照片两张、司机岗',1,'1550123512','1578585600',NULL,153,NULL,'4000-5400',NULL,NULL),(436,'小拖车司机','18-45','初中','首都国际机场','小拖车司机20名，45岁以下，男性，持有准驾车型C1（含C1）以上驾照，驾龄2年以上，身体健康无重大疾病；无违法犯罪记录，可提供无犯罪记录证明。其它要求适应倒班、夜班制工作时间。月薪4000--6800元（含夜班费、年功津贴、两费补助等），按国家规定缴纳五险，享受带薪年假、防暑降温费等。食宿自理。用工形式为劳务派遣制，所有岗位工作地点为北京市朝阳区机场西路，北京市首都国际机场。综合计算工时制，根据各班组情况排班（无特殊情况执行白夜休休班制）扫二维码报名。报名携带材料（身份证原件、复印件，一寸白底照片两张、',1,'1550123682','1552665600',NULL,153,NULL,'4000-6800',NULL,NULL),(437,'跟车员','18-45','初中','首都国际机场','跟车员10名，45岁以下，男性，持有准驾车型C类以上驾照，驾龄1年以上，身体健康无重大疾病；无违法犯罪记录，可提供无犯罪记录证明；适应倒班、夜班制工作时间。月薪3300--4800元（含夜班费、年功津贴、两费补助等），按国家规定缴纳五险，享受带薪年假、防暑降温费等。食宿自理。用工形式为劳务派遣制，所有岗位工作地点为北京市朝阳区机场西路，北京市首都国际机场。综合计算工时制，根据各班组情况排班（无特殊情况执行白夜休休班制）扫二维码报名。报名携带材料（身份证原件、复印件，一寸白底照片两张、司机岗位携带驾驶本）',1,'1550123925','1552665600',NULL,153,NULL,'3300-4800',NULL,NULL),(438,'客舱清洁员','18-45','初中','首都国际机场','客舱清洁员30名，45岁以下，女性，身体健康无重大疾病，无违法犯罪记录，可提供无犯罪记录证明，适应倒班、夜班制工作时间。薪酬：月薪3500--5300元（含夜班费、年功津贴、两费补助等），按国家规定缴纳五险，享受带薪年假、防暑降温费等。用工形式为劳务派遣制，所有岗位工作地点为北京市朝阳区机场西路，北京市首都国际机场。综合计算工时制，根据各班组情况排班（无特殊情况执行白夜休休班制）扫二维码报名。报名携带材料（身份证原件、复印件，一寸白底照片两张、司机岗位携带驾驶本）',1,'1550124033','1552665600',NULL,153,NULL,'3500-5300',NULL,NULL),(439,'业务专员','20岁-45岁','大专','海淀区永定路','业务专员：5人。有销售、开发市场经验，表达、沟通能力好，能适应外地出差工作的优先考虑。双休、五险，带薪年假，享交通、通讯、餐费补贴。',1,'1550124194','1552665600',NULL,154,NULL,'3500元-6000元',NULL,NULL),(440,'加水员','18-45','初中','首都国际机场','加水员10名，45岁以下，女性，身体健康无重大疾病，无违法犯罪记录，可提供无犯罪记录证明，适应倒班、夜班制工作时间。月薪3600--5300元（含夜班费、年功津贴、两费补助等），按国家规定缴纳五险，享受带薪年假、防暑降温费等。食宿自理。用工形式为劳务派遣制，所有岗位工作地点为北京市朝阳区机场西路，北京市首都国际机场。综合计算工时制，根据各班组情况排班（无特殊情况执行白夜休休班制）扫二维码报名。报名携带材料（身份证原件、复印件，一寸白底照片两张、司机岗位携带驾驶本）',1,'1550124427','1552665600',NULL,153,NULL,'3600-5300',NULL,NULL),(441,'搬运工','18-45','初中','首都国际机场','搬运工20名，年龄45岁以下，性别男，身体健康无重大疾病；无违法犯罪记录，可提供无犯罪记录证明。其它要求适应倒班、夜班制工作时间。月薪4000--6300元（含夜班费、年功津贴、两费补助等），按国家规定缴纳五险，享受带薪年假、防暑降温费等。食宿自理。用工形式为劳务派遣制，所有岗位工作地点为北京市朝阳区机场西路，北京市首都国际机场。综合计算工时制，根据各班组情况排班（无特殊情况执行白夜休休班制）扫二维码报名。报名携带材料（身份证原件、复印件，一寸白底照片两张、司机岗位携带驾驶本）',1,'1550124540','1552665600',NULL,153,NULL,'4000-6300',NULL,NULL),(442,'办公室文员','20岁-45岁','大专','海淀区永定路','办公室文员：2人。人力资源或能源工程相关专业毕业，有一定相关工作经验，尤其是有招聘、培训、绩效考核工作经验者优先。双休、五险，带薪年假，享交通、通讯、餐费补贴。',1,'1550124646','1552665600',NULL,154,NULL,'3000元-6000元',NULL,NULL),(443,'预算员','20岁-45岁','大专','海淀区永定路','有相关工作经验者优先。双休、五险，带薪年假，享交通、通讯、餐费补贴。',1,'1550124754','1552665600',NULL,154,NULL,'3000元-6000元',NULL,NULL),(444,'设备采购','20岁-45岁','大专','海淀区永定路','有采购经验，有购货渠道者优先。双休、五险，带薪年假，享交通、通讯、餐费补贴。',1,'1550124985','1552665600',NULL,154,NULL,'3000元-6000元',NULL,NULL),(445,'电气工程师','20岁-45岁','大专','海淀区永定路','大专以上学历，电气、机电一体化相关专业，熟悉PLC编程，有电气相关工作经验。双休、五险，带薪年假，享交通、通讯、餐费补贴。',1,'1550125048','1552665600',NULL,154,NULL,'3000元-6000元',NULL,NULL),(446,'工程技术人员','20岁-45岁','大专','海淀区永定路','自控、锅炉、机械、机电一体化相关专业，熟悉机电设备维修、安装，有施工预算、工业制图工作经验者优先。双休、五险，带薪年假，享交通、通讯、餐费补贴。',1,'1550125146','1552665600',NULL,154,NULL,'3000元-6000元',NULL,NULL),(447,'低压电气工程技术人员','20岁-45岁','大专','海淀区永定路','电气、机电一体化相关专业，有低压电气相关工作经验，熟悉机电设备维修、安装。双休、五险，带薪年假，享交通、通讯、餐费补贴。',1,'1550125206','1578585600',NULL,154,NULL,'3000元-6000元',NULL,NULL),(448,'下水道养护工','18-40','初中','北京排水集团','下水道养护工20名，男性，40岁以下，初中以上学历，工作时间：白班 夜班倒班，综合工时制，税前月薪3500左右（包住，提供工作餐，五险。负责污水管线的日常维护与保养，发现问题及时处理上报。劳务派遗用工，邮箱：8030@ghyc.com.cn',1,'1550130274','1552665600',NULL,153,NULL,'3500',NULL,NULL),(449,'保洁员','18-59','初中','北京地铁5、8、10号线延线','地铁站台保洁员若干，女18-49岁，男18-59岁；小学以上学历，身高：女150厘米以上，男160厘米以上；无明显残疾，无慢性病史，无犯罪前科。工作实行倒班制，三班制，每天工作8个小时，每周休1天。满勤月均工资2820元以上，法定节假日三薪，缴纳保险，并提供免费地铁乘车证，提供必要劳保用品，食宿自理。签合同，劳务派遣用工。面试请带本人身份证原件，身份证复印件3张，1寸白底照片3张。面试时间：每周二下午13：30',1,'1550130713','1552665600',NULL,153,NULL,'2850',NULL,NULL),(450,'库工','30-45','初中','房山区青龙湖镇辛庄村166号','库工60名，性别不限，年龄30-45岁，1.负责图书的打包工作2.负责图书的加工工作，给图书贴磁条等3.负责图书的分拣工作，给图书分类4.和其他一些库工工作，计件工资，月薪3500-5000，入职各种福利，三餐等节日福利，住宿需每月要缴纳100元住宿费',1,'1550460292','1553011200',NULL,69,NULL,'3500-5000',NULL,NULL),(451,'.Net软件开发工程师','20-45','大专','北京市丰台区晓月中路15号','.Net软件开发工程师2名，性别不限，年龄20-45岁，1、计算机相关专业背景，专科以上学历，工作认真负责，拥有良好的沟通能力；2、能独立编码、处理和解决所负责的工作任务；根据开发进度和任务分配，完成软件相应模块的设计、开发、测试任务；进行程序功能的测试，查出软件存在的问题缺陷并能进行问题修改；月薪6000-9000元',1,'1550460431','1553011200',NULL,69,NULL,'6000-9000',NULL,NULL),(452,'技术员','20岁-50岁','中专','北京市丰台区科技园富丰路4号工商联科技大厦4层04B01室','技术员5名，男性，中专以上，五险，提供食宿，月薪可面议，有建造师证、可出差项目者优先。',1,'1550477660','1553011200',NULL,155,NULL,'3500元-6000元',NULL,NULL),(453,'造价员','20岁-60岁','大专','北京市丰台区科技园富丰路4号工商联科技大厦4层04B01室','造价员2名，男女不限，五险，提供食宿，有招投标经验者优先，可以吸纳残疾人',1,'1550477841','1553011200',NULL,155,NULL,'3500元-6000元',NULL,NULL),(454,'会计','20岁-60岁','大专','北京市丰台区科技园富丰路4号工商联科技大厦4层04B01室','会计1名，男女不限，五险，提供食宿，有经验者优先',1,'1550477940','1578931200',NULL,155,NULL,'3500元-6000元',NULL,NULL),(455,'文秘','20岁-50岁','本科以上','北京市丰台区科技园富丰路4号工商联科技大厦4层04B01室','文秘1名，男性，五险，提供食宿，有经验者，有驾照者优先',1,'1550478067','1553011200',NULL,155,NULL,'3500元-6000元',NULL,NULL),(456,'铁路保洁','18-55','初中','北京','铁路保洁150名，性别不限，年龄18-55岁，五险，100元食宿，有试工期，月薪3000-5000.',1,'1550478929','1578931200',NULL,156,NULL,'3000-5000',NULL,NULL),(457,'出纳','25-45','大专','万科紫台','出纳1名，性别不限，年龄25-45岁，上五险，休6-8天，100元食宿费，有试工期，有会计证书优先，月薪3000-6000元。',1,'1550479092','1553011200',NULL,156,NULL,'3000-6000',NULL,NULL),(458,'服务员','18-35','初中','朝阳区','服务员10名，18-35岁，学历不限，月薪3300-3800元，包食宿，带薪年假。',1,'1550542865','1553097600',NULL,157,NULL,'3300-3800',NULL,NULL),(459,'销售专员','20-45','高中','丰台区','销售专员20名，20-45岁，高中以上学历，月薪3000-10000元。节假日周末正常休，带薪年假。',1,'1550543145','1579017600',NULL,157,NULL,'3000-10000',NULL,NULL),(460,'客房服务员','18-45','初中','益辰欣园','客房服务员5名，年龄18–45周岁（男女不限），初中以上学历，身体健康，无特殊疾病，善于沟通，能吃苦耐劳，有团队精神，积极服从领导安排，有从业经验者优先，每月公休5天，节假日三薪，包食宿，五险，带薪年假，季度劳保用品，半年奖，年底绩效奖金，年终奖，月薪3500-4000元',1,'1550560137','1579017600',NULL,158,NULL,'3500-4000',NULL,NULL),(461,'前台接待员','18-30','高中','益辰欣园','前台接待员2名，年龄18–30周岁（男女不限），高中以上学历，身体健康，无特殊疾病，善于沟通，能出苦耐劳，有团队精神，积极服从领导安排，有从业经验者优先，白夜休休制，节假日三薪，包食宿，五险，带薪年假，季度劳保用品，半年奖，年底绩效奖金，年终奖，月薪4000-6000元。',1,'1550561357','1553097600',NULL,158,NULL,'4000-6000',NULL,NULL),(462,'安保','18-50','初中','益辰欣园','安保1名，身高170cm以上，初中以上学历，身体健康，无特殊疾病，能出苦耐劳，有团队精神，积极服从领导安排，退伍军人优先录用，每月公休4天，节假日三薪，包食宿，五险，带薪年假，季度劳保用品，半年奖，年底绩效奖金，年终奖，月薪3800-4500元。',1,'1550561472','1553097600',NULL,158,NULL,'3800-4500',NULL,NULL),(463,'工程水电工','25-50','高中','益辰欣园','工程水电工1名，年龄25-50周岁，男士，3年以上工作经验，无特殊疾病，高中以上学历，具备高压电工证，维修电工专业知识，钳工知识；变、配电设施管理能力，熟知安全规范和操作规范。具备较高的纪律性、责任心、执行能力、语言表达能力、学习能力，节假日三薪，包食宿，五险，带薪年假，季度劳保用品，半年奖，年底绩效奖金，年终奖，月薪4400-5000元。',1,'1550561581','1553097600',NULL,158,NULL,'4400-5000',NULL,NULL),(464,'制冷/锅炉运行值班','20-45','中专','海淀','制冷/锅炉运行值班2名，年龄20-45岁，空调制冷证、有焊工、证锅炉证，文化中专学历以上，暖通运行人员负责空调系统,给排水系统的运行、维保管理工作,保证空调系统正常运行等工作，空调运行人员专业水平、技能、服务意识和水平要高于普通技工，并能协助专业主管管理本专业的部分日常管理工作，月薪3800元，上五险。',1,'1550629377','1553184000',NULL,159,NULL,'3800',NULL,NULL),(465,'弱电、楼宇自控','20-45','初中','海淀区','弱电、楼宇自控2名，年龄20-45岁，低压证、有楼宇自，控运行经验，负责操作、维修和技术上保证弱电的安全防范，熟练掌握综合布线系统及消防弱电等各个系统，上五险，月薪3800',1,'1550629543','1553184000',NULL,159,NULL,'3800',NULL,NULL),(466,'强电维修','20-45','高中','海淀区','强电维修2名，年龄20-45岁，高压电工本，高中学历以上，熟悉一般供配电系统，有一定的运行维护经验，上五险，月薪3800元。',1,'1550629715','1553184000',NULL,159,NULL,'3800',NULL,NULL),(467,'电梯维修工','20-45','初中','海淀区','电梯维修工1名，年龄20-45岁，文化初中以上，电梯上岗证，电梯维修管理，上五险，月薪3800-4200元。',1,'1550629907','1553184000',NULL,159,NULL,'3800-4200',NULL,NULL),(468,'土建综合维修','25-45','中专','海淀区','土建综合维修2名，年龄25-45岁，文化中专以上相关专业证书，土建工人负责大厦土建、装修、门、窗、墙面、天花、地面等的维护管理工作。综合维修工人应掌握瓦、木、油及五金安装维修技能，上五险，月薪3800-4200元。',1,'1550630129','1553184000',NULL,159,NULL,'3800-4200',NULL,NULL),(469,'消防主管','30-45','大专','海淀区','消防主管1名，年龄30-45岁，文化大专以上，负责本项目消防安全管理工作，制定消防安全管理制度；负责消防中控室及安防中控室的工作；做好各种消防器材、设备、标志的管理工作，建立防火档案；负责定期组织消防演习，编写演习预案，组织实施、总结等，上五险，月薪5500-6000元。',1,'1550630349','1579104000',NULL,159,NULL,'5500-6000',NULL,NULL),(470,'安防主管','30-45','大专','海淀区','安防主管1名，年龄30-45岁，文化大专以上负责贯彻安全管理法规，落实逐级管理责任制，协助各部室健全安全管理制度，完善防范措施，并定期检查责任制的落实情况。负责对全体员工进行经常性的法制、保密和安全制度教育。健全安防档案，不断完善安全制度；掌握员工思想动态，摸清底数，做好重点人员的教育工作。负责项目的日常治安秩序管理工作，制定工作计划，做好工作总结，上五险，月薪5500-6000元',1,'1550630534','1553184000',NULL,159,NULL,'5500-6000',NULL,NULL),(471,'消防值机员','20-45','中专','海淀区','消防值机员3名，年龄20-45岁，文化中专以上，按有关规定或预案果断处理各种紧急情况。及时有效地发现、消除治安隐患并报告上级主管，确保园区的安全，上五险，月薪3800元',1,'1550630661','1553184000',NULL,159,NULL,'3800',NULL,NULL),(472,'内保员','20-45','中专','海淀区','内保员10名，年龄20-45岁，文化中专以上建构筑物消防员证，身高要求175cm负责当班期间本岗位各种突发事件协调处理和汇报；熟悉工作环境，了解安全注意事项，负责对询问事项的人员进行指引、答询工作；熟悉岗位区域的设备设施及岗位流程，独立完成负责区域的各项安全检查工作，上五险，月薪3500元。',1,'1550631075','1553184000',NULL,159,NULL,'3500',NULL,NULL),(473,'实习实验助理','18-28','大专','科学城航丰路','实习实验助理2名，年龄18-28岁，文化大专以上，协助完成分子生物学的常规实验工作，如pcr产物纯化、质粒提取、pcr反应等；，熟练使用相关实验设备，仪器器材，如离心机、移液器等；，按要求完成工作，并做好各项工作的分工合作与交接应届毕业生；生物、化学、机械或分子生物学相关专业优先；有较强的动手能力和学习能力；有强烈的集体荣誉感和团队合作意识提供员工宿舍，有餐补；带薪节假日福利，团建、培训等，月薪3000-4500元。',1,'1550645950','1553184000',NULL,160,NULL,'3000-4500',NULL,NULL),(474,'实习销售代表','18-28','大专','科学城航丰路','实习销售代表2名，年龄18-28岁，文化大专以上，协助拜访本区域内潜在客户（大学，科研院所，医院. 疾控等），维护好既有客户；每日积极协同团队完成产品配送样本收取工作；跟进项目进展，促进项目顺利进行；及时反馈客户需求、市场动态、产品竞争等情况，擅长交际，性情活泼，为人随和；有强烈的集体荣誉感和团队合作意识，提供员工宿舍，有餐补；交通通讯补贴、带薪节假日福利、团建、培训等；实习期满择优录用为正式销售代表或储备干部，月薪3000-5000元。',1,'1550646205','1553184000',NULL,160,NULL,'3000-5000',NULL,NULL),(475,'实验员','18-28','大专','科学城航丰路','实验员6名，年龄18-28岁，文化大专以上，负责分子生物学的常规实验工作，如pcr产物纯化、质粒提取、pcr反应等；熟练使用相关实验设备，仪器器材，如离心机、移液器等；按要求完成工作，并做好各项工作的分工合作与交接，专业不限，生物. 化学. 机械或分子生物学相关专业优先；有较强的动手能力和学习能力；工作态度良好，能吃苦耐劳，做事积极主动，踏实认真；有强烈的团队合作意识，提供员工宿舍，有餐补；带薪节假日福利，团建、培训、五险等，月薪3000-6000元。',1,'1550646391','1553184000',NULL,160,NULL,'3000-6000',NULL,NULL),(476,'销售代表','18-35','大专','科学城航丰路','销售代表5名，年龄18-35岁，文化大专以上，每日拜访本区域内（大学，科研院所，医院. 疾控等）潜在客户，维护好既有客户；每日积极协同团队完成产品配送样本收取工作；跟进项目进展，促进项目顺利进行；及时反馈客户需求、市场动态、产品竞争等情况；每月按照要求完成销售任务，及时回款，性格活泼，有强烈进取心，善于总结学习；热爱销售工作，愿意尝试挑战销售高薪；分子生物学相关专业硕士学历或本科1年以上分子相关工作经验者优先，培育期提供宿舍。有交通通讯补助，团队建设、培训、带薪假期、五险等，月薪6000-12000元。',1,'1550646615','1579104000',NULL,160,NULL,'6000-12000',NULL,NULL),(477,'客服专员','18岁-35岁','中专','北京市北京经济技术开发区荣华中路8号院13号楼12层','客服专员5名，性别不限，五险，12小时工作制，上一休一。接听服务热线，处理客户咨询及投诉订单，查询订单物流配送信。3882元+提成/系数奖金',1,'1550646660','1553184000',NULL,161,NULL,'3882元',NULL,NULL),(478,'技术支持','18-28','本科','科学城航丰路','技术支持2名，年龄18-28岁，文化本科以上，负责解答客户通过邮件. 电话. 微信等方式提出的问题；协助销售代表沟通处理当下遇到的问题；实验进度和重点客户的跟进；协助生产完成其他工作；售前指导及售后支持。生物、化学或分子生物学相关专业优先，2.带薪节假日福利，团建、培训等、五险，月薪5000-8000元。',1,'1550646778','1553184000',NULL,160,NULL,'5000-8000',NULL,NULL),(479,'订单管理员','18岁-35岁','中专','北京市北京经济技术开发区荣华中路8号院13号楼12层','订单管理员5名、性别不限、五险、8小时制、双休、包住。负责处理各类订单，打印出库，回传快递单号。3882元+提成/系数奖金。',1,'1550646787','1553184000',NULL,161,NULL,'3882元',NULL,NULL),(480,'运营专员','18岁-35岁','中专','北京市北京经济技术开发区荣华中路8号院13号楼12层','营专员5名，文化中专以上，年龄18-35岁，负责相关平台的运营维护及数据统计工作，上五险，8小时工作制，住宿，双休，月薪3882元 提成/系数奖金',1,'1550646891','1553184000',NULL,161,NULL,'3882元',NULL,NULL),(481,'项目专员（生物）','18-28','本科','科学城航丰路','项目专员（生物）2名，年龄18-28岁，文化本科以上，按照SOP完成各种类型DNA、RNA的提取；常规PCR、qPCR、STR、基因合成项目的实验设计和操作流程制定；制定和优化各类项目SOP流程，安排生产工作；监控项目实验进度；做好各种生产记录，完成生产任务；独立解决项目实施过程中遇到各种问题，具备独立设计和熟练完成基因组提取、基因信息检索、qPCR、STR、PCR引物设计和扩增条件的优化等实验的能力，带薪节假日福利，团建、培训等、五险等，月薪4000-6000元。',1,'1550646945','1553184000',NULL,160,NULL,'4000-6000',NULL,NULL),(482,'采购买手','18岁-35岁','中专','北京市北京经济技术开发区荣华中路8号院13号楼12层','采购员5名，文化中专以上，年龄18-38岁，开拓产品采购渠道，建立并维护产品供应链，上五险，双休，8小时工作制，住宿，月薪3882元 提成/系数奖金。',1,'1550647168','1579104000',NULL,161,NULL,'3882元',NULL,NULL),(483,'市场专员','18岁-35岁','中专','北京市北京经济技术开发区荣华中路8号院13号楼12层','市场专员5名，根据市场信息变化开发新项目，上五险，工作八小时制，双休，住宿，月薪3882加提成/系数奖金',1,'1550647279','1553184000',NULL,161,NULL,'3882元',NULL,NULL),(484,'出纳','20-40','中专','丰管路','出纳1名，女士，年龄20-40岁，文化中专以上，现金业务，开据增值税发票，汇款，工资发放，报销，上五险，8小时工作制，单休，有饭补，加班费，过节费，月薪4000-6000元。',1,'1550651376','1553184000',NULL,162,NULL,'4000-6000',NULL,NULL),(485,'财务助理','20-40','初中','丰管路','财务助理1名，女士，年龄20-40岁，文化初中以上，账务统计，制作账表，有经验者优先，上五险，8小时工作制，单休，加班费，过节费，月薪3500-4500元。',1,'1550651606','1579104000',NULL,162,NULL,'3500-4500',NULL,NULL),(486,'旅游管家','28-40','初中','总部基地','旅游管家50名，性别不限，28-40岁，初中以上学历，月薪4000-10000元，五险，定期聚餐，每月4次二日游（京津冀），周休1天。工作时间8：30-18：00（午休2小时）',1,'1550805273','1579276800',NULL,163,NULL,'4000-10000',NULL,NULL),(487,'空调学徒/技术员','18-35','中专','丰台区总部基地','空调学徒/技术员20名，年龄18-50岁，性别男，中央空调为维护，上五险，有住宿，月休4天，8小时工作制，加班费，有饭补，月薪3500-5000元。',1,'1550818060','1579276800',NULL,164,NULL,'3500-5000',NULL,NULL),(488,'店面茶艺师','18岁-30岁','高中','北京市西城区护国寺街85号11幢201','店面茶艺师2名，女性，包住宿，五险，提供专业茶艺培训',1,'1550820343','1553356800',NULL,165,NULL,'3000元-3500元',NULL,NULL),(489,'收银员','18岁-30岁','高中','北京市西城区护国寺街85号11幢201','收银员3名，女性，包住宿，五险，提供专业茶艺培训',1,'1550820392','1579276800',NULL,165,NULL,'3000元-3500元',NULL,NULL),(490,'客房服务员','18-40','初中','海淀区','客房服务员20名，年龄18-40岁，文化初中以上，上五险，单休1天，包吃包住，8小时工作制，月薪4500元。',1,'1551061551','1553616000',NULL,166,NULL,'4500',NULL,NULL),(491,'餐厅服务员','18-40','初中','海淀区','餐厅服务员5名，年龄18-40岁，文化初中以上，上五险，单休1天，包吃包住，8小时工作制，月薪2600元。',1,'1551061741','1579536000',NULL,166,NULL,'2600',NULL,NULL),(492,'呼叫中心','18-35','高中','丰台区西洪太庄','呼叫中心座席员5名，18-35岁，高中以上学历，普通话流利，说话口齿清楚，声音柔美；熟练操作计算机，打字速度达到40字/分钟以上；良好的电话沟通能力和亲和力，思维敏捷具备一定应变能力，团队协作能力较强；具有高度责任感和敬业精神，对工作充满热忱与激情；身体健康，能适应轮班工作制；有呼叫中心，话务中心工作经验者优先考虑。月薪3500-6000元。',1,'1551071465','1579536000',NULL,167,NULL,'3500-6000',NULL,NULL),(493,'维修人员','18-40','高中','丰台区西洪太庄','维修人员3名，18-40岁，高中以上学历，月薪3500-6000元。出租汽车专用专用设施（计价器、车载终端等）的安装及故障检修；有较强动手能力，可外出，可上夜班；',1,'1551071587','1553616000',NULL,167,NULL,'3500-6000',NULL,NULL),(494,'前台收银','18-35','高中','丰台路口','前台收银3名，年龄35岁以下，高中以上学历；有较强的责任心和服务意识，思维敏捷，善于沟通，性格开朗；有相关职位工作经验者优先。月薪3000-3500元/月 交通补助 提成，免费提供食宿。',1,'1551146362','1579622400',NULL,168,NULL,'3000-3500',NULL,NULL),(495,'餐饮宴会服务接待人员','18-45','高中','丰台路口','餐饮宴会服务接待人员2人，年龄40岁以下；身体健康，有服务行业工作经验优先。月薪3000-4000元，免费提供食宿。',1,'1551146562','1553702400',NULL,168,NULL,'3000-4000',NULL,NULL),(496,'面点师','18-50','高中','丰台路口','面点师1人，18-50岁，会做面食及西点，身体健康，月薪面议，免费提供食宿。',1,'1551146689','1553702400',NULL,168,NULL,'面议',NULL,NULL),(497,'焊工','18岁50岁','初中','北京市丰台区王佐镇沙锅村侯家峪村西','焊工10名，性别不限，学历不限，五险，包住，午餐免费',1,'1551153555','1553702400',NULL,169,NULL,'3000元-5000元',NULL,NULL),(498,'钳工','18岁50岁','初中','北京市丰台区王佐镇沙锅村侯家峪村西','钳工2名，男性，学历不限，五险，包住，午餐免费',1,'1551153627','1579622400',NULL,169,NULL,'3000元-5000元',NULL,NULL),(499,'普工','18岁50岁','初中','北京市丰台区王佐镇沙锅村侯家峪村西','普工3名，男性，学历不限，五险，包住，午餐免费',1,'1551153677','1553702400',NULL,169,NULL,'2600元-3500元',NULL,NULL),(500,'旅游顾问','20岁35岁','初中','北京市房山区长阳','旅游顾问10人，性别不限，学历不限，基础底薪3000月-5000月  业绩提成   五险   提供住宿  年度旅游，优秀的文字表达能力与语言表达能力，英语口语及写作能力较好者优',1,'1551169478','1553702400',NULL,170,NULL,'3000元-5000元',NULL,NULL),(501,'办公室文员','20岁35岁','大专','北京市房山区长阳','办公室文员 3名，性别不限，大专以上，熟练使用各种办公软件，\n，基础底薪3000月-5000月 业绩提成 五险 提供住宿 年度旅游，',1,'1551169610','1553702400',NULL,170,NULL,'3000元-5000元',NULL,NULL),(502,'会务助理','20岁35岁','大专','北京市房山区长阳','会务助理1名，性别不限，大专以上，熟悉会务工作，有相关经验者优先，4、C1驾照，驾龄一年以上，熟练驾驶技术',1,'1551171273','1553702400',NULL,170,NULL,'3000元-5000元',NULL,NULL),(503,'办公室文员','25-40','本科及以上','南四环西路188号','从事办公室行政工作',1,'1553135974','1558319974',0,0,'3年以上','','全职',NULL),(504,'文案专员','18-40','专科及以上','赛欧科技园','主要进行学生材料的审核整理，需要一定的文字、办公软件基础，需要与学生进行沟通处理相关问题。',1,'1553652758','1556244758',0,0,'不限','','全职',NULL),(505,'销售','20-40','高中及以上','朝阳区霄云路36号','销售培训',1,'1553149082','1558333082',0,0,'不限','','全职',NULL),(506,'招标助理','25-40','专科及以上','东城区国华投资大厦','辅助制作招投标文件，熟练Word，Excel技能，具有良好的沟通技巧，能配合上级工作，',1,'1553482591','1556074591',0,0,'2年以上','','全职',NULL),(507,'客服专员','18-40','不限','丰台区南四环中路18号（燕德宝豪华车销售服务中心）','岗位职责：\r\n1、根据公司提供的客户电话，向客户推广公司的产品服务；\r\n2、负责接听客户热线，为客户讲解、；\r\n3、通过电话负责客户的约访工作；\r\n4、协助配合销售团队，创造销售业绩。\r\n任职资格：\r\n1、声音甜美，普通话标准，沟通表达能力佳；\r\n2、熟练操作办公自动化设备及OFFICE软件；\r\n3、良好的执行力和团队合作精神；\r\n4、熟悉电话销售或客户服务的业务模式，有电话销售经验者优先。\r\n公司福利：\r\n福利待遇：绩效奖金、带薪年假、带薪病假、节日福利、免费住宿（女生）、免费午餐晚餐',1,'1553240417','1555832417',0,0,'不限','','不限',NULL);
/*!40000 ALTER TABLE `vp_zj_job` ENABLE KEYS */;
UNLOCK TABLES;
/*!40103 SET TIME_ZONE=@OLD_TIME_ZONE */;

/*!40101 SET SQL_MODE=@OLD_SQL_MODE */;
/*!40014 SET FOREIGN_KEY_CHECKS=@OLD_FOREIGN_KEY_CHECKS */;
/*!40014 SET UNIQUE_CHECKS=@OLD_UNIQUE_CHECKS */;
/*!40101 SET CHARACTER_SET_CLIENT=@OLD_CHARACTER_SET_CLIENT */;
/*!40101 SET CHARACTER_SET_RESULTS=@OLD_CHARACTER_SET_RESULTS */;
/*!40101 SET COLLATION_CONNECTION=@OLD_COLLATION_CONNECTION */;
/*!40111 SET SQL_NOTES=@OLD_SQL_NOTES */;

-- Dump completed on 2019-06-13 13:25:47
